{"type": "FeatureCollection", "crs": {"type": "name", "properties": {"name": "urn:ogc:def:crs:OGC:1.3:CRS84"}}, "features": [{"type": "Feature", "properties": {"LABEL": "Primary Arterial (60m)", "source": "SEPP_WPC_AER_TRC_001_20250501 (traced from in-force PDF; georeferenced, indicative)"}, "geometry": {"type": "MultiPolygon", "coordinates": [[[[150.715295001547, -33.91421734071378], [150.715295001547, -33.91431886291218], [150.7152442404478, -33.91431886291218], [150.7152442404478, -33.91442038511058], [150.7153457626462, -33.91442038511058], [150.7153457626462, -33.91447114620978], [150.7153965237454, -33.91447114620978], [150.7153965237454, -33.91452190730898], [150.71549804594378, -33.91452190730898], [150.71549804594378, -33.91447114620978], [150.71554880704298, -33.91447114620978], [150.71554880704298, -33.91462342950738], [150.71549804594378, -33.91462342950738], [150.71549804594378, -33.914877235003374], [150.71544728484457, -33.914877235003374], [150.71544728484457, -33.91518180159857], [150.7153965237454, -33.91518180159857], [150.7153965237454, -33.915537129292964], [150.7153457626462, -33.915537129292964], [150.7153457626462, -33.91574017368976], [150.715295001547, -33.91574017368976], [150.715295001547, -33.91589245698736], [150.7152442404478, -33.91589245698736], [150.7152442404478, -33.91604474028496], [150.71519347934859, -33.91604474028496], [150.71519347934859, -33.916197023582555], [150.71514271824938, -33.916197023582555], [150.71514271824938, -33.91634930688015], [150.71509195715018, -33.91634930688015], [150.71509195715018, -33.91645082907855], [150.71504119605098, -33.91645082907855], [150.71504119605098, -33.91650159017775], [150.7149904349518, -33.91650159017775], [150.7149904349518, -33.91660311237615], [150.7149396738526, -33.91660311237615], [150.7149396738526, -33.91665387347535], [150.7148889127534, -33.91665387347535], [150.7148889127534, -33.916755395673746], [150.7148381516542, -33.916755395673746], [150.7148381516542, -33.916856917872146], [150.714787390555, -33.916856917872146], [150.714787390555, -33.916958440070545], [150.71473662945579, -33.916958440070545], [150.71473662945579, -33.91700920116975], [150.71468586835658, -33.91700920116975], [150.71468586835658, -33.917059962268944], [150.7146351072574, -33.917059962268944], [150.7146351072574, -33.91711072336815], [150.7145843461582, -33.91711072336815], [150.7145843461582, -33.91716148446734], [150.7144828239598, -33.91716148446734], [150.7144828239598, -33.91711072336815], [150.7144320628606, -33.91711072336815], [150.7144320628606, -33.917059962268944], [150.7143305406622, -33.917059962268944], [150.7143305406622, -33.91700920116975], [150.714279779563, -33.91700920116975], [150.714279779563, -33.916958440070545], [150.7142290184638, -33.916958440070545], [150.7142290184638, -33.91690767897135], [150.714279779563, -33.91690767897135], [150.714279779563, -33.916856917872146], [150.7143305406622, -33.916856917872146], [150.7143305406622, -33.91680615677295], [150.7143813017614, -33.91680615677295], [150.7143813017614, -33.91670463457455], [150.7144320628606, -33.91670463457455], [150.7144320628606, -33.91665387347535], [150.7144828239598, -33.91665387347535], [150.7144828239598, -33.91655235127695], [150.714533585059, -33.91655235127695], [150.714533585059, -33.91650159017775], [150.7145843461582, -33.91650159017775], [150.7145843461582, -33.91640006797935], [150.7146351072574, -33.91640006797935], [150.7146351072574, -33.916298545780954], [150.71468586835658, -33.916298545780954], [150.71468586835658, -33.91614626248336], [150.71473662945579, -33.91614626248336], [150.71473662945579, -33.91604474028496], [150.714787390555, -33.91604474028496], [150.714787390555, -33.91594321808656], [150.7148381516542, -33.91594321808656], [150.7148381516542, -33.91568941259056], [150.7148889127534, -33.91568941259056], [150.7148889127534, -33.91538484599537], [150.7149396738526, -33.91538484599537], [150.7149396738526, -33.91508027940017], [150.7149904349518, -33.91508027940017], [150.7149904349518, -33.91482647390417], [150.71504119605098, -33.91482647390417], [150.71504119605098, -33.91452190730898], [150.71509195715018, -33.91452190730898], [150.71509195715018, -33.91421734071378], [150.71514271824938, -33.91421734071378], [150.71514271824938, -33.914115818515384], [150.7152442404478, -33.914115818515384], [150.7152442404478, -33.91421734071378], [150.715295001547, -33.91421734071378]]], [[[150.71559956814218, -33.91218689674581], [150.71559956814218, -33.9124407022418], [150.71565032924138, -33.9124407022418], [150.71565032924138, -33.912491463341006], [150.7157010903406, -33.912491463341006], [150.7157010903406, -33.9125422244402], [150.71565032924138, -33.9125422244402], [150.71565032924138, -33.912592985539405], [150.71559956814218, -33.912592985539405], [150.71559956814218, -33.9126437466386], [150.71565032924138, -33.9126437466386], [150.71565032924138, -33.912694507737804], [150.71580261253897, -33.912694507737804], [150.71580261253897, -33.9126437466386], [150.71585337363817, -33.9126437466386], [150.71585337363817, -33.912694507737804], [150.71590413473737, -33.912694507737804], [150.71590413473737, -33.9127960299362], [150.71585337363817, -33.9127960299362], [150.71585337363817, -33.9128975521346], [150.71559956814218, -33.9128975521346], [150.71559956814218, -33.9128467910354], [150.71554880704298, -33.9128467910354], [150.71554880704298, -33.9129483132338], [150.71559956814218, -33.9129483132338], [150.71559956814218, -33.912999074333], [150.71580261253897, -33.912999074333], [150.71580261253897, -33.91310059653139], [150.7157010903406, -33.91310059653139], [150.7157010903406, -33.913151357630596], [150.71565032924138, -33.913151357630596], [150.71565032924138, -33.91320211872979], [150.71559956814218, -33.91320211872979], [150.71559956814218, -33.913151357630596], [150.7153965237454, -33.913151357630596], [150.7153965237454, -33.91330364092819], [150.7157010903406, -33.91330364092819], [150.7157010903406, -33.913354402027394], [150.7157518514398, -33.913354402027394], [150.7157518514398, -33.913455924225794], [150.7157010903406, -33.913455924225794], [150.7157010903406, -33.91340516312659], [150.71544728484457, -33.91340516312659], [150.71544728484457, -33.913455924225794], [150.7153965237454, -33.913455924225794], [150.7153965237454, -33.91370972972179], [150.7153457626462, -33.91370972972179], [150.7153457626462, -33.91376049082099], [150.715295001547, -33.91376049082099], [150.715295001547, -33.91381125192019], [150.7153457626462, -33.91381125192019], [150.7153457626462, -33.914014296316985], [150.715295001547, -33.914014296316985], [150.715295001547, -33.91406505741618], [150.71519347934859, -33.91406505741618], [150.71519347934859, -33.91370972972179], [150.7152442404478, -33.91370972972179], [150.7152442404478, -33.913455924225794], [150.715295001547, -33.913455924225794], [150.715295001547, -33.913151357630596], [150.7153457626462, -33.913151357630596], [150.7153457626462, -33.912999074333], [150.7153965237454, -33.912999074333], [150.7153965237454, -33.9126437466386], [150.71544728484457, -33.9126437466386], [150.71544728484457, -33.9125422244402], [150.71549804594378, -33.9125422244402], [150.71549804594378, -33.91238994114261], [150.71554880704298, -33.91238994114261], [150.71554880704298, -33.91218689674581], [150.71559956814218, -33.91218689674581]], [[150.71549804594378, -33.912592985539405], [150.71554880704298, -33.912592985539405], [150.71554880704298, -33.9125422244402], [150.71549804594378, -33.9125422244402], [150.71549804594378, -33.912592985539405]]], [[[150.72610711567646, -33.85858317599132], [150.72620863787483, -33.85858317599132], [150.72620863787483, -33.85863393709052], [150.72625939897404, -33.85863393709052], [150.72625939897404, -33.85868469818972], [150.72620863787483, -33.85868469818972], [150.72620863787483, -33.858735459288916], [150.72615787677563, -33.858735459288916], [150.72615787677563, -33.85878622038812], [150.72610711567646, -33.85878622038812], [150.72610711567646, -33.85888774258651], [150.72605635457725, -33.85888774258651], [150.72605635457725, -33.858938503685714], [150.72600559347805, -33.858938503685714], [150.72600559347805, -33.85898926478491], [150.72595483237885, -33.85898926478491], [150.72595483237885, -33.85904002588411], [150.72590407127964, -33.85904002588411], [150.72590407127964, -33.85909078698331], [150.72585331018044, -33.85909078698331], [150.72585331018044, -33.85919230918171], [150.72580254908124, -33.85919230918171], [150.72580254908124, -33.85924307028091], [150.72575178798203, -33.85924307028091], [150.72575178798203, -33.85934459247931], [150.72570102688286, -33.85934459247931], [150.72570102688286, -33.85944611467771], [150.72565026578366, -33.85944611467771], [150.72565026578366, -33.85954763687611], [150.72559950468445, -33.85954763687611], [150.72559950468445, -33.859598397975304], [150.72554874358525, -33.859598397975304], [150.72554874358525, -33.8597506812729], [150.72549798248605, -33.8597506812729], [150.72549798248605, -33.8598522034713], [150.72544722138684, -33.8598522034713], [150.72544722138684, -33.8599537256697], [150.72539646028764, -33.8599537256697], [150.72539646028764, -33.8601060089673], [150.72534569918844, -33.8601060089673], [150.72534569918844, -33.8602075311657], [150.72529493808926, -33.8602075311657], [150.72529493808926, -33.8603090533641], [150.72524417699006, -33.8603090533641], [150.72524417699006, -33.86046133666169], [150.72519341589086, -33.86046133666169], [150.72519341589086, -33.86056285886009], [150.72514265479165, -33.86056285886009], [150.72514265479165, -33.86071514215769], [150.72509189369245, -33.86071514215769], [150.72509189369245, -33.86076590325689], [150.72504113259325, -33.86076590325689], [150.72504113259325, -33.860918186554485], [150.72499037149404, -33.860918186554485], [150.72499037149404, -33.861019708752885], [150.72493961039487, -33.861019708752885], [150.72493961039487, -33.861121230951284], [150.72488884929567, -33.861121230951284], [150.72488884929567, -33.86122275314968], [150.72483808819646, -33.86122275314968], [150.72483808819646, -33.86137503644728], [150.72478732709726, -33.86137503644728], [150.72478732709726, -33.86147655864568], [150.72473656599806, -33.86147655864568], [150.72473656599806, -33.86162884194328], [150.72468580489885, -33.86162884194328], [150.72468580489885, -33.86173036414168], [150.72463504379965, -33.86173036414168], [150.72463504379965, -33.86183188634008], [150.72458428270045, -33.86183188634008], [150.72458428270045, -33.861933408538476], [150.72453352160127, -33.861933408538476], [150.72453352160127, -33.86208569183607], [150.72448276050207, -33.86208569183607], [150.72448276050207, -33.862136452935275], [150.72443199940287, -33.862136452935275], [150.72443199940287, -33.86223797513367], [150.72438123830366, -33.86223797513367], [150.72438123830366, -33.86228873623287], [150.72433047720446, -33.86228873623287], [150.72433047720446, -33.862441019530465], [150.72427971610526, -33.862441019530465], [150.72427971610526, -33.86249178062967], [150.72422895500605, -33.86249178062967], [150.72422895500605, -33.86259330282807], [150.72417819390688, -33.86259330282807], [150.72417819390688, -33.862694825026466], [150.72412743280768, -33.862694825026466], [150.72412743280768, -33.86274558612566], [150.72407667170847, -33.86274558612566], [150.72407667170847, -33.86284710832406], [150.72402591060927, -33.86284710832406], [150.72402591060927, -33.862897869423264], [150.72397514951007, -33.862897869423264], [150.72397514951007, -33.86294863052246], [150.72392438841086, -33.86294863052246], [150.72392438841086, -33.86305015272086], [150.72387362731166, -33.86305015272086], [150.72387362731166, -33.863100913820055], [150.72382286621246, -33.863100913820055], [150.72382286621246, -33.86315167491926], [150.72377210511328, -33.86315167491926], [150.72377210511328, -33.863202436018454], [150.72372134401408, -33.863202436018454], [150.72372134401408, -33.863303958216854], [150.72361982181567, -33.863303958216854], [150.72361982181567, -33.86335471931606], [150.72356906071647, -33.86335471931606], [150.72356906071647, -33.86340548041525], [150.72351829961727, -33.86340548041525], [150.72351829961727, -33.863456241514456], [150.72346753851807, -33.863456241514456], [150.72346753851807, -33.86350700261365], [150.7234167774189, -33.86350700261365], [150.7234167774189, -33.86360852481205], [150.72331525522048, -33.86360852481205], [150.72331525522048, -33.863659285911254], [150.72321373302208, -33.863659285911254], [150.72321373302208, -33.86376080810965], [150.72316297192287, -33.86376080810965], [150.72316297192287, -33.86381156920885], [150.72311221082367, -33.86381156920885], [150.72311221082367, -33.863862330308045], [150.7230106886253, -33.863862330308045], [150.7230106886253, -33.86391309140725], [150.7229091664269, -33.86391309140725], [150.7229091664269, -33.863963852506444], [150.72285840532768, -33.863963852506444], [150.72285840532768, -33.86406537470484], [150.72270612203008, -33.86406537470484], [150.72270612203008, -33.864116135804046], [150.7226553609309, -33.864116135804046], [150.7226553609309, -33.86416689690324], [150.7226045998317, -33.86416689690324], [150.7226045998317, -33.864217658002445], [150.7225538387325, -33.864217658002445], [150.7225538387325, -33.86426841910164], [150.7225030776333, -33.86426841910164], [150.7225030776333, -33.864319180200845], [150.7224523165341, -33.864319180200845], [150.7224523165341, -33.86436994130004], [150.72235079433568, -33.86436994130004], [150.72235079433568, -33.864420702399244], [150.72230003323648, -33.864420702399244], [150.72230003323648, -33.86447146349844], [150.7222492721373, -33.86447146349844], [150.7222492721373, -33.86452222459764], [150.7221477499389, -33.86452222459764], [150.7221477499389, -33.86457298569684], [150.7220462277405, -33.86457298569684], [150.7220462277405, -33.86462374679604], [150.7219954666413, -33.86462374679604], [150.7219954666413, -33.86467450789524], [150.72194470554209, -33.86467450789524], [150.72194470554209, -33.864725268994434], [150.7218939444429, -33.864725268994434], [150.7218939444429, -33.86477603009364], [150.7218431833437, -33.86477603009364], [150.7218431833437, -33.86482679119283], [150.7217416611453, -33.86482679119283], [150.7217416611453, -33.864877552292036], [150.7216909000461, -33.864877552292036], [150.7216909000461, -33.86492831339123], [150.7216401389469, -33.86492831339123], [150.7216401389469, -33.864979074490435], [150.7215386167485, -33.864979074490435], [150.7215386167485, -33.86502983558963], [150.72148785564931, -33.86502983558963], [150.72148785564931, -33.865080596688834], [150.7214370945501, -33.865080596688834], [150.7214370945501, -33.86513135778803], [150.7213863334509, -33.86513135778803], [150.7213863334509, -33.86518211888723], [150.7212848112525, -33.86518211888723], [150.7212848112525, -33.86523287998643], [150.7212340501533, -33.86523287998643], [150.7212340501533, -33.86528364108563], [150.72113252795492, -33.86528364108563], [150.72113252795492, -33.86533440218483], [150.72108176685572, -33.86533440218483], [150.72108176685572, -33.86538516328403], [150.72103100575652, -33.86538516328403], [150.72103100575652, -33.86543592438323], [150.7209802446573, -33.86543592438323], [150.7209802446573, -33.86548668548242], [150.7208787224589, -33.86548668548242], [150.7208787224589, -33.86553744658163], [150.7208279613597, -33.86553744658163], [150.7208279613597, -33.86558820768082], [150.7207772002605, -33.86558820768082], [150.7207772002605, -33.865638968780026], [150.72072643916133, -33.865638968780026], [150.72072643916133, -33.86568972987922], [150.72062491696292, -33.86568972987922], [150.72062491696292, -33.865740490978425], [150.72057415586372, -33.865740490978425], [150.72057415586372, -33.86579125207762], [150.7204726336653, -33.86579125207762], [150.7204726336653, -33.865842013176824], [150.7204218725661, -33.865842013176824], [150.7204218725661, -33.86589277427602], [150.72037111146693, -33.86589277427602], [150.72037111146693, -33.86594353537522], [150.72026958926853, -33.86594353537522], [150.72026958926853, -33.86599429647442], [150.72021882816932, -33.86599429647442], [150.72021882816932, -33.86604505757362], [150.72016806707012, -33.86604505757362], [150.72016806707012, -33.86609581867282], [150.72011730597092, -33.86609581867282], [150.72011730597092, -33.86614657977202], [150.7200665448717, -33.86614657977202], [150.7200665448717, -33.86619734087122], [150.71996502267334, -33.86619734087122], [150.71996502267334, -33.86624810197042], [150.71991426157413, -33.86624810197042], [150.71991426157413, -33.866298863069616], [150.71986350047493, -33.866298863069616], [150.71986350047493, -33.86634962416881], [150.71981273937573, -33.86634962416881], [150.71981273937573, -33.866400385268015], [150.71971121717732, -33.866400385268015], [150.71971121717732, -33.86645114636721], [150.71966045607812, -33.86645114636721], [150.71966045607812, -33.866501907466414], [150.71955893387974, -33.866501907466414], [150.71955893387974, -33.86660342966481], [150.71945741168133, -33.86660342966481], [150.71945741168133, -33.86665419076401], [150.71935588948293, -33.86665419076401], [150.71935588948293, -33.86670495186321], [150.71930512838372, -33.86670495186321], [150.71930512838372, -33.86675571296241], [150.71925436728452, -33.86675571296241], [150.71925436728452, -33.86680647406161], [150.71920360618535, -33.86680647406161], [150.71920360618535, -33.86685723516081], [150.71915284508614, -33.86685723516081], [150.71915284508614, -33.86690799626001], [150.71905132288774, -33.86690799626001], [150.71905132288774, -33.86695875735921], [150.71900056178853, -33.86695875735921], [150.71900056178853, -33.86700951845841], [150.71894980068933, -33.86700951845841], [150.71894980068933, -33.867060279557606], [150.71889903959013, -33.867060279557606], [150.71889903959013, -33.8671110406568], [150.71879751739175, -33.8671110406568], [150.71879751739175, -33.867161801756005], [150.71874675629255, -33.867161801756005], [150.71874675629255, -33.8672125628552], [150.71864523409414, -33.8672125628552], [150.71864523409414, -33.867263323954404], [150.71859447299494, -33.867263323954404], [150.71859447299494, -33.8673140850536], [150.71854371189573, -33.8673140850536], [150.71854371189573, -33.8673648461528], [150.71844218969736, -33.8673648461528], [150.71844218969736, -33.867415607252], [150.71839142859815, -33.867415607252], [150.71839142859815, -33.8674663683512], [150.71834066749895, -33.8674663683512], [150.71834066749895, -33.8675171294504], [150.71828990639975, -33.8675171294504], [150.71828990639975, -33.8675678905496], [150.71818838420134, -33.8675678905496], [150.71818838420134, -33.8676186516488], [150.71813762310214, -33.8676186516488], [150.71813762310214, -33.867669412748], [150.71808686200293, -33.867669412748], [150.71808686200293, -33.8677201738472], [150.71803610090376, -33.8677201738472], [150.71803610090376, -33.8677709349464], [150.71798533980456, -33.8677709349464], [150.71798533980456, -33.867821696045596], [150.71783305650695, -33.867821696045596], [150.71783305650695, -33.867923218243995], [150.71773153430854, -33.867923218243995], [150.71773153430854, -33.86797397934319], [150.71768077320937, -33.86797397934319], [150.71768077320937, -33.868024740442394], [150.71757925101096, -33.868024740442394], [150.71757925101096, -33.86807550154159], [150.71752848991176, -33.86807550154159], [150.71752848991176, -33.86812626264079], [150.71737620661415, -33.86812626264079], [150.71737620661415, -33.86807550154159], [150.71732544551494, -33.86807550154159], [150.71732544551494, -33.868024740442394], [150.71727468441577, -33.868024740442394], [150.71727468441577, -33.86797397934319], [150.71722392331657, -33.86797397934319], [150.71722392331657, -33.867821696045596], [150.71727468441577, -33.867821696045596], [150.71727468441577, -33.8677709349464], [150.71737620661415, -33.8677709349464], [150.71737620661415, -33.8677201738472], [150.71742696771335, -33.8677201738472], [150.71742696771335, -33.867669412748], [150.71752848991176, -33.867669412748], [150.71752848991176, -33.8676186516488], [150.71757925101096, -33.8676186516488], [150.71757925101096, -33.8675678905496], [150.71763001211016, -33.8675678905496], [150.71763001211016, -33.8675171294504], [150.71773153430854, -33.8675171294504], [150.71773153430854, -33.8674663683512], [150.71778229540774, -33.8674663683512], [150.71778229540774, -33.867415607252], [150.71783305650695, -33.867415607252], [150.71783305650695, -33.8673648461528], [150.71788381760615, -33.8673648461528], [150.71788381760615, -33.8673140850536], [150.71793457870535, -33.8673140850536], [150.71793457870535, -33.867263323954404], [150.71798533980456, -33.867263323954404], [150.71798533980456, -33.8672125628552], [150.71808686200293, -33.8672125628552], [150.71808686200293, -33.867161801756005], [150.71813762310214, -33.867161801756005], [150.71813762310214, -33.8671110406568], [150.71818838420134, -33.8671110406568], [150.71818838420134, -33.867060279557606], [150.71828990639975, -33.867060279557606], [150.71828990639975, -33.86700951845841], [150.71834066749895, -33.86700951845841], [150.71834066749895, -33.86695875735921], [150.71839142859815, -33.86695875735921], [150.71839142859815, -33.86690799626001], [150.71849295079653, -33.86690799626001], [150.71849295079653, -33.86685723516081], [150.71854371189573, -33.86685723516081], [150.71854371189573, -33.86680647406161], [150.71859447299494, -33.86680647406161], [150.71859447299494, -33.86675571296241], [150.71869599519334, -33.86675571296241], [150.71869599519334, -33.86670495186321], [150.71874675629255, -33.86670495186321], [150.71874675629255, -33.86665419076401], [150.71879751739175, -33.86665419076401], [150.71879751739175, -33.86660342966481], [150.71889903959013, -33.86660342966481], [150.71889903959013, -33.86655266856561], [150.71894980068933, -33.86655266856561], [150.71894980068933, -33.866501907466414], [150.71900056178853, -33.866501907466414], [150.71900056178853, -33.86645114636721], [150.71905132288774, -33.86645114636721], [150.71905132288774, -33.866400385268015], [150.71910208398694, -33.866400385268015], [150.71910208398694, -33.86634962416881], [150.71915284508614, -33.86634962416881], [150.71915284508614, -33.866298863069616], [150.71925436728452, -33.866298863069616], [150.71925436728452, -33.86624810197042], [150.71930512838372, -33.86624810197042], [150.71930512838372, -33.86619734087122], [150.71940665058213, -33.86619734087122], [150.71940665058213, -33.86614657977202], [150.71945741168133, -33.86614657977202], [150.71945741168133, -33.86609581867282], [150.71955893387974, -33.86609581867282], [150.71955893387974, -33.86604505757362], [150.7196096949789, -33.86604505757362], [150.7196096949789, -33.86599429647442], [150.71966045607812, -33.86599429647442], [150.71966045607812, -33.86594353537522], [150.71971121717732, -33.86594353537522], [150.71971121717732, -33.86589277427602], [150.71981273937573, -33.86589277427602], [150.71981273937573, -33.865842013176824], [150.71986350047493, -33.865842013176824], [150.71986350047493, -33.86579125207762], [150.71991426157413, -33.86579125207762], [150.71991426157413, -33.865740490978425], [150.71996502267334, -33.865740490978425], [150.71996502267334, -33.86568972987922], [150.7200157837725, -33.86568972987922], [150.7200157837725, -33.865638968780026], [150.72011730597092, -33.865638968780026], [150.72011730597092, -33.86558820768082], [150.72016806707012, -33.86558820768082], [150.72016806707012, -33.86553744658163], [150.72021882816932, -33.86553744658163], [150.72021882816932, -33.86548668548242], [150.72026958926853, -33.86548668548242], [150.72026958926853, -33.86543592438323], [150.72037111146693, -33.86543592438323], [150.72037111146693, -33.86538516328403], [150.7204726336653, -33.86538516328403], [150.7204726336653, -33.86533440218483], [150.7205233947645, -33.86533440218483], [150.7205233947645, -33.86528364108563], [150.72057415586372, -33.86528364108563], [150.72057415586372, -33.86523287998643], [150.72062491696292, -33.86523287998643], [150.72062491696292, -33.86518211888723], [150.72072643916133, -33.86518211888723], [150.72072643916133, -33.86513135778803], [150.7207772002605, -33.86513135778803], [150.7207772002605, -33.865080596688834], [150.7208279613597, -33.865080596688834], [150.7208279613597, -33.86502983558963], [150.7208787224589, -33.86502983558963], [150.7208787224589, -33.864979074490435], [150.7209294835581, -33.864979074490435], [150.7209294835581, -33.86492831339123], [150.72103100575652, -33.86492831339123], [150.72103100575652, -33.864877552292036], [150.72108176685572, -33.864877552292036], [150.72108176685572, -33.86482679119283], [150.72113252795492, -33.86482679119283], [150.72113252795492, -33.86477603009364], [150.7211832890541, -33.86477603009364], [150.7211832890541, -33.864725268994434], [150.7212848112525, -33.864725268994434], [150.7212848112525, -33.86467450789524], [150.7213863334509, -33.86467450789524], [150.7213863334509, -33.86457298569684], [150.72148785564931, -33.86457298569684], [150.72148785564931, -33.86452222459764], [150.7215386167485, -33.86452222459764], [150.7215386167485, -33.86447146349844], [150.7216401389469, -33.86447146349844], [150.7216401389469, -33.864420702399244], [150.7216909000461, -33.864420702399244], [150.7216909000461, -33.86436994130004], [150.7217416611453, -33.86436994130004], [150.7217416611453, -33.864319180200845], [150.7217924222445, -33.864319180200845], [150.7217924222445, -33.86426841910164], [150.7218939444429, -33.86426841910164], [150.7218939444429, -33.864217658002445], [150.72194470554209, -33.864217658002445], [150.72194470554209, -33.86416689690324], [150.7219954666413, -33.86416689690324], [150.7219954666413, -33.864116135804046], [150.7220462277405, -33.864116135804046], [150.7220462277405, -33.86406537470484], [150.7221477499389, -33.86406537470484], [150.7221477499389, -33.863963852506444], [150.7222492721373, -33.863963852506444], [150.7222492721373, -33.86391309140725], [150.72230003323648, -33.86391309140725], [150.72230003323648, -33.863862330308045], [150.72240155543489, -33.863862330308045], [150.72240155543489, -33.86381156920885], [150.7224523165341, -33.86381156920885], [150.7224523165341, -33.86376080810965], [150.7225538387325, -33.86376080810965], [150.7225538387325, -33.86371004701045], [150.7226045998317, -33.86371004701045], [150.7226045998317, -33.863659285911254], [150.7226553609309, -33.863659285911254], [150.7226553609309, -33.86360852481205], [150.72270612203008, -33.86360852481205], [150.72270612203008, -33.863557763712855], [150.72275688312928, -33.863557763712855], [150.72275688312928, -33.86350700261365], [150.72285840532768, -33.86350700261365], [150.72285840532768, -33.863456241514456], [150.7229091664269, -33.863456241514456], [150.7229091664269, -33.86340548041525], [150.7229599275261, -33.86340548041525], [150.7229599275261, -33.86335471931606], [150.72306144972447, -33.86335471931606], [150.72306144972447, -33.863303958216854], [150.72311221082367, -33.863303958216854], [150.72311221082367, -33.86325319711766], [150.72316297192287, -33.86325319711766], [150.72316297192287, -33.863202436018454], [150.72321373302208, -33.863202436018454], [150.72321373302208, -33.863100913820055], [150.72326449412128, -33.863100913820055], [150.72326449412128, -33.86305015272086], [150.72331525522048, -33.86305015272086], [150.72331525522048, -33.862999391621656], [150.7234167774189, -33.862999391621656], [150.7234167774189, -33.86294863052246], [150.72346753851807, -33.86294863052246], [150.72346753851807, -33.86284710832406], [150.72351829961727, -33.86284710832406], [150.72351829961727, -33.862796347224865], [150.72356906071647, -33.862796347224865], [150.72356906071647, -33.86274558612566], [150.72361982181567, -33.86274558612566], [150.72361982181567, -33.862694825026466], [150.72367058291488, -33.862694825026466], [150.72367058291488, -33.86259330282807], [150.72372134401408, -33.86259330282807], [150.72372134401408, -33.86249178062967], [150.72377210511328, -33.86249178062967], [150.72377210511328, -33.86239025843127], [150.72382286621246, -33.86239025843127], [150.72382286621246, -33.862339497332066], [150.72387362731166, -33.862339497332066], [150.72387362731166, -33.86228873623287], [150.72392438841086, -33.86228873623287], [150.72392438841086, -33.862136452935275], [150.72397514951007, -33.862136452935275], [150.72397514951007, -33.862034930736876], [150.72402591060927, -33.862034930736876], [150.72402591060927, -33.86188264743927], [150.72407667170847, -33.86188264743927], [150.72407667170847, -33.861781125240874], [150.72412743280768, -33.861781125240874], [150.72412743280768, -33.861679603042475], [150.72417819390688, -33.861679603042475], [150.72417819390688, -33.86162884194328], [150.72422895500605, -33.86162884194328], [150.72422895500605, -33.86147655864568], [150.72427971610526, -33.86147655864568], [150.72427971610526, -33.86137503644728], [150.72433047720446, -33.86137503644728], [150.72433047720446, -33.86117199205049], [150.72438123830366, -33.86117199205049], [150.72438123830366, -33.861121230951284], [150.72443199940287, -33.861121230951284], [150.72443199940287, -33.861019708752885], [150.72448276050207, -33.861019708752885], [150.72448276050207, -33.860918186554485], [150.72453352160127, -33.860918186554485], [150.72453352160127, -33.860816664356086], [150.72458428270045, -33.860816664356086], [150.72458428270045, -33.86071514215769], [150.72463504379965, -33.86071514215769], [150.72463504379965, -33.86056285886009], [150.72468580489885, -33.86056285886009], [150.72468580489885, -33.86046133666169], [150.72473656599806, -33.86046133666169], [150.72473656599806, -33.8603090533641], [150.72478732709726, -33.8603090533641], [150.72478732709726, -33.860258292264895], [150.72483808819646, -33.860258292264895], [150.72483808819646, -33.8601060089673], [150.72488884929567, -33.8601060089673], [150.72488884929567, -33.8600044867689], [150.72493961039487, -33.8600044867689], [150.72493961039487, -33.8599029645705], [150.72499037149404, -33.8599029645705], [150.72499037149404, -33.8598014423721], [150.72504113259325, -33.8598014423721], [150.72504113259325, -33.8596999201737], [150.72509189369245, -33.8596999201737], [150.72509189369245, -33.85954763687611], [150.72514265479165, -33.85954763687611], [150.72514265479165, -33.85944611467771], [150.72519341589086, -33.85944611467771], [150.72519341589086, -33.85934459247931], [150.72524417699006, -33.85934459247931], [150.72524417699006, -33.85919230918171], [150.72529493808926, -33.85919230918171], [150.72529493808926, -33.85914154808251], [150.72534569918844, -33.85914154808251], [150.72534569918844, -33.85909078698331], [150.72539646028764, -33.85909078698331], [150.72539646028764, -33.85904002588411], [150.72544722138684, -33.85904002588411], [150.72544722138684, -33.858938503685714], [150.72549798248605, -33.858938503685714], [150.72549798248605, -33.85888774258651], [150.72554874358525, -33.85888774258651], [150.72554874358525, -33.858836981487315], [150.72559950468445, -33.858836981487315], [150.72559950468445, -33.85878622038812], [150.72565026578366, -33.85878622038812], [150.72565026578366, -33.85868469818972], [150.72570102688286, -33.85868469818972], [150.72570102688286, -33.85863393709052], [150.72575178798203, -33.85863393709052], [150.72575178798203, -33.85858317599132], [150.72580254908124, -33.85858317599132], [150.72580254908124, -33.85853241489212], [150.72585331018044, -33.85853241489212], [150.72585331018044, -33.85848165379292], [150.72600559347805, -33.85848165379292], [150.72600559347805, -33.85853241489212], [150.72610711567646, -33.85853241489212], [150.72610711567646, -33.85858317599132]]], [[[150.73082789790197, -33.85365934936898], [150.73082789790197, -33.853710110468185], [150.73087865900118, -33.853710110468185], [150.73087865900118, -33.85376087156738], [150.73092942010038, -33.85376087156738], [150.73092942010038, -33.853811632666584], [150.73098018119958, -33.853811632666584], [150.73098018119958, -33.85386239376578], [150.7310309422988, -33.85386239376578], [150.7310309422988, -33.85391315486498], [150.73098018119958, -33.85391315486498], [150.73098018119958, -33.85396391596418], [150.73092942010038, -33.85396391596418], [150.73092942010038, -33.85406543816258], [150.73087865900118, -33.85406543816258], [150.73087865900118, -33.854116199261775], [150.73082789790197, -33.854116199261775], [150.73082789790197, -33.85416696036098], [150.73077713680277, -33.85416696036098], [150.73077713680277, -33.854217721460174], [150.73072637570357, -33.854217721460174], [150.73072637570357, -33.85426848255938], [150.7306756146044, -33.85426848255938], [150.7306756146044, -33.85431924365857], [150.7306248535052, -33.85431924365857], [150.7306248535052, -33.854370004757776], [150.730574092406, -33.854370004757776], [150.730574092406, -33.85442076585697], [150.73052333130678, -33.85442076585697], [150.73052333130678, -33.854471526956175], [150.73047257020758, -33.854471526956175], [150.73047257020758, -33.85452228805537], [150.73042180910838, -33.85452228805537], [150.73042180910838, -33.854573049154574], [150.73037104800918, -33.854573049154574], [150.73037104800918, -33.85462381025377], [150.73032028690997, -33.85462381025377], [150.73032028690997, -33.85467457135297], [150.7302695258108, -33.85467457135297], [150.7302695258108, -33.85472533245217], [150.7301680036124, -33.85472533245217], [150.7301680036124, -33.85482685465057], [150.7301172425132, -33.85482685465057], [150.7301172425132, -33.854877615749764], [150.73006648141399, -33.854877615749764], [150.73006648141399, -33.85492837684897], [150.73001572031478, -33.85492837684897], [150.73001572031478, -33.85497913794816], [150.72996495921558, -33.85497913794816], [150.72996495921558, -33.855029899047366], [150.7299141981164, -33.855029899047366], [150.7299141981164, -33.85508066014656], [150.7298634370172, -33.85508066014656], [150.7298634370172, -33.855131421245765], [150.729812675918, -33.855131421245765], [150.729812675918, -33.85518218234496], [150.7297619148188, -33.85518218234496], [150.7297619148188, -33.855232943444165], [150.7297111537196, -33.855232943444165], [150.7297111537196, -33.85528370454336], [150.72960963152119, -33.85528370454336], [150.72960963152119, -33.85538522674176], [150.72955887042198, -33.85538522674176], [150.72955887042198, -33.85543598784096], [150.7295081093228, -33.85543598784096], [150.7295081093228, -33.85548674894016], [150.7294573482236, -33.85548674894016], [150.7294573482236, -33.85553751003936], [150.7294065871244, -33.85553751003936], [150.7294065871244, -33.85558827113856], [150.7293558260252, -33.85558827113856], [150.7293558260252, -33.855639032237754], [150.729305064926, -33.855639032237754], [150.729305064926, -33.85568979333696], [150.7292543038268, -33.85568979333696], [150.7292543038268, -33.85574055443615], [150.7292035427276, -33.85574055443615], [150.7292035427276, -33.855791315535356], [150.72915278162841, -33.855791315535356], [150.72915278162841, -33.85584207663455], [150.7291020205292, -33.85584207663455], [150.7291020205292, -33.855892837733755], [150.72905125943, -33.855892837733755], [150.72905125943, -33.85594359883295], [150.7290004983308, -33.85594359883295], [150.7290004983308, -33.855994359932154], [150.7289497372316, -33.855994359932154], [150.7289497372316, -33.85604512103135], [150.7288989761324, -33.85604512103135], [150.7288989761324, -33.85609588213055], [150.7288482150332, -33.85609588213055], [150.7288482150332, -33.85614664322975], [150.728797453934, -33.85614664322975], [150.728797453934, -33.85619740432895], [150.72874669283482, -33.85619740432895], [150.72874669283482, -33.85624816542815], [150.72869593173561, -33.85624816542815], [150.72869593173561, -33.85629892652735], [150.7286451706364, -33.85629892652735], [150.7286451706364, -33.85634968762655], [150.7285944095372, -33.85634968762655], [150.7285944095372, -33.85640044872575], [150.728543648438, -33.85640044872575], [150.728543648438, -33.85645120982495], [150.7284928873388, -33.85645120982495], [150.7284928873388, -33.85650197092414], [150.7284421262396, -33.85650197092414], [150.7284421262396, -33.856552732023346], [150.72839136514042, -33.856552732023346], [150.72839136514042, -33.85660349312254], [150.72834060404122, -33.85660349312254], [150.72834060404122, -33.856654254221745], [150.72828984294202, -33.856654254221745], [150.72828984294202, -33.85670501532094], [150.72823908184282, -33.85670501532094], [150.72823908184282, -33.856755776420144], [150.7281883207436, -33.856755776420144], [150.7281883207436, -33.85680653751934], [150.7281375596444, -33.85680653751934], [150.7281375596444, -33.85685729861854], [150.7280867985452, -33.85685729861854], [150.7280867985452, -33.85690805971774], [150.728036037446, -33.85690805971774], [150.728036037446, -33.85695882081694], [150.72798527634683, -33.85695882081694], [150.72798527634683, -33.85700958191614], [150.72793451524763, -33.85700958191614], [150.72793451524763, -33.85706034301534], [150.72788375414842, -33.85706034301534], [150.72788375414842, -33.85711110411454], [150.72783299304922, -33.85711110411454], [150.72783299304922, -33.85716186521374], [150.72778223195002, -33.85716186521374], [150.72778223195002, -33.857212626312936], [150.7277314708508, -33.857212626312936], [150.7277314708508, -33.85726338741213], [150.7276807097516, -33.85726338741213], [150.7276807097516, -33.857314148511335], [150.72762994865244, -33.857314148511335], [150.72762994865244, -33.85736490961053], [150.72757918755323, -33.85736490961053], [150.72757918755323, -33.857415670709734], [150.72747766535483, -33.857415670709734], [150.72747766535483, -33.85751719290813], [150.72742690425562, -33.85751719290813], [150.72742690425562, -33.85756795400733], [150.72737614315642, -33.85756795400733], [150.72737614315642, -33.85761871510653], [150.72732538205722, -33.85761871510653], [150.72732538205722, -33.85766947620573], [150.72681777106524, -33.85766947620573], [150.72681777106524, -33.85761871510653], [150.72676700996604, -33.85761871510653], [150.72676700996604, -33.85756795400733], [150.72681777106524, -33.85756795400733], [150.72681777106524, -33.85751719290813], [150.72686853216445, -33.85751719290813], [150.72686853216445, -33.85746643180893], [150.72691929326362, -33.85746643180893], [150.72691929326362, -33.857415670709734], [150.72697005436282, -33.857415670709734], [150.72697005436282, -33.85736490961053], [150.72702081546203, -33.85736490961053], [150.72702081546203, -33.857314148511335], [150.72707157656123, -33.857314148511335], [150.72707157656123, -33.85726338741213], [150.72712233766043, -33.85726338741213], [150.72712233766043, -33.857212626312936], [150.72717309875964, -33.857212626312936], [150.72717309875964, -33.85716186521374], [150.72722385985884, -33.85716186521374], [150.72722385985884, -33.85711110411454], [150.727274620958, -33.85711110411454], [150.727274620958, -33.85706034301534], [150.72732538205722, -33.85706034301534], [150.72732538205722, -33.85700958191614], [150.72737614315642, -33.85700958191614], [150.72737614315642, -33.85695882081694], [150.72742690425562, -33.85695882081694], [150.72742690425562, -33.85690805971774], [150.72747766535483, -33.85690805971774], [150.72747766535483, -33.85685729861854], [150.72752842645403, -33.85685729861854], [150.72752842645403, -33.85680653751934], [150.72757918755323, -33.85680653751934], [150.72757918755323, -33.856755776420144], [150.72762994865244, -33.856755776420144], [150.72762994865244, -33.85670501532094], [150.7276807097516, -33.85670501532094], [150.7276807097516, -33.856654254221745], [150.7277314708508, -33.856654254221745], [150.7277314708508, -33.85660349312254], [150.72778223195002, -33.85660349312254], [150.72778223195002, -33.856552732023346], [150.72783299304922, -33.856552732023346], [150.72783299304922, -33.85650197092414], [150.72788375414842, -33.85650197092414], [150.72788375414842, -33.85645120982495], [150.72793451524763, -33.85645120982495], [150.72793451524763, -33.85640044872575], [150.72798527634683, -33.85640044872575], [150.72798527634683, -33.85634968762655], [150.728036037446, -33.85634968762655], [150.728036037446, -33.85629892652735], [150.7280867985452, -33.85629892652735], [150.7280867985452, -33.85624816542815], [150.7281375596444, -33.85624816542815], [150.7281375596444, -33.85619740432895], [150.7281883207436, -33.85619740432895], [150.7281883207436, -33.85614664322975], [150.72823908184282, -33.85614664322975], [150.72823908184282, -33.85609588213055], [150.72828984294202, -33.85609588213055], [150.72828984294202, -33.85604512103135], [150.72834060404122, -33.85604512103135], [150.72834060404122, -33.855994359932154], [150.72839136514042, -33.855994359932154], [150.72839136514042, -33.85594359883295], [150.7284421262396, -33.85594359883295], [150.7284421262396, -33.855892837733755], [150.7284928873388, -33.855892837733755], [150.7284928873388, -33.85584207663455], [150.728543648438, -33.85584207663455], [150.728543648438, -33.855791315535356], [150.7285944095372, -33.855791315535356], [150.7285944095372, -33.85574055443615], [150.7286451706364, -33.85574055443615], [150.7286451706364, -33.85568979333696], [150.72869593173561, -33.85568979333696], [150.72869593173561, -33.855639032237754], [150.72874669283482, -33.855639032237754], [150.72874669283482, -33.85558827113856], [150.728797453934, -33.85558827113856], [150.728797453934, -33.85553751003936], [150.7288482150332, -33.85553751003936], [150.7288482150332, -33.85548674894016], [150.7288989761324, -33.85548674894016], [150.7288989761324, -33.85543598784096], [150.7289497372316, -33.85543598784096], [150.7289497372316, -33.85538522674176], [150.72905125943, -33.85538522674176], [150.72905125943, -33.85528370454336], [150.7291020205292, -33.85528370454336], [150.7291020205292, -33.855232943444165], [150.72915278162841, -33.855232943444165], [150.72915278162841, -33.85518218234496], [150.7292035427276, -33.85518218234496], [150.7292035427276, -33.855131421245765], [150.7292543038268, -33.855131421245765], [150.7292543038268, -33.85508066014656], [150.729305064926, -33.85508066014656], [150.729305064926, -33.855029899047366], [150.7293558260252, -33.855029899047366], [150.7293558260252, -33.85497913794816], [150.7294065871244, -33.85497913794816], [150.7294065871244, -33.85492837684897], [150.7294573482236, -33.85492837684897], [150.7294573482236, -33.854877615749764], [150.7295081093228, -33.854877615749764], [150.7295081093228, -33.85482685465057], [150.72955887042198, -33.85482685465057], [150.72955887042198, -33.854776093551365], [150.72960963152119, -33.854776093551365], [150.72960963152119, -33.85472533245217], [150.7296603926204, -33.85472533245217], [150.7296603926204, -33.85467457135297], [150.7297111537196, -33.85467457135297], [150.7297111537196, -33.85462381025377], [150.7297619148188, -33.85462381025377], [150.7297619148188, -33.854573049154574], [150.729812675918, -33.854573049154574], [150.729812675918, -33.85452228805537], [150.7298634370172, -33.85452228805537], [150.7298634370172, -33.854471526956175], [150.7299141981164, -33.854471526956175], [150.7299141981164, -33.85442076585697], [150.72996495921558, -33.85442076585697], [150.72996495921558, -33.854370004757776], [150.73001572031478, -33.854370004757776], [150.73001572031478, -33.85431924365857], [150.73006648141399, -33.85431924365857], [150.73006648141399, -33.85426848255938], [150.7301172425132, -33.85426848255938], [150.7301172425132, -33.854217721460174], [150.7301680036124, -33.854217721460174], [150.7301680036124, -33.85416696036098], [150.7302187647116, -33.85416696036098], [150.7302187647116, -33.854116199261775], [150.7302695258108, -33.854116199261775], [150.7302695258108, -33.85406543816258], [150.73032028690997, -33.85406543816258], [150.73032028690997, -33.854014677063375], [150.73037104800918, -33.854014677063375], [150.73037104800918, -33.85396391596418], [150.73042180910838, -33.85396391596418], [150.73042180910838, -33.85391315486498], [150.73047257020758, -33.85391315486498], [150.73047257020758, -33.85386239376578], [150.73052333130678, -33.85386239376578], [150.73052333130678, -33.853811632666584], [150.730574092406, -33.853811632666584], [150.730574092406, -33.85376087156738], [150.7306248535052, -33.85376087156738], [150.7306248535052, -33.853710110468185], [150.7306756146044, -33.853710110468185], [150.7306756146044, -33.85365934936898], [150.73072637570357, -33.85365934936898], [150.73072637570357, -33.853608588269786], [150.73077713680277, -33.853608588269786], [150.73077713680277, -33.85365934936898], [150.73082789790197, -33.85365934936898]]], [[[150.74077707334504, -33.84391321832271], [150.74072631224584, -33.84391321832271], [150.74072631224584, -33.84421778491791], [150.74067555114664, -33.84421778491791], [150.74067555114664, -33.844268546017105], [150.74057402894826, -33.844268546017105], [150.74057402894826, -33.84431930711631], [150.74052326784906, -33.84431930711631], [150.74052326784906, -33.844370068215504], [150.74042174565065, -33.844370068215504], [150.74042174565065, -33.8444715904139], [150.74037098455145, -33.8444715904139], [150.74037098455145, -33.844522351513106], [150.74032022345224, -33.844522351513106], [150.74032022345224, -33.8445731126123], [150.74021870125387, -33.8445731126123], [150.74021870125387, -33.844623873711505], [150.74016794015466, -33.844623873711505], [150.74016794015466, -33.8446746348107], [150.74011717905546, -33.8446746348107], [150.74011717905546, -33.844725395909904], [150.74006641795626, -33.844725395909904], [150.74006641795626, -33.8448269181083], [150.74001565685705, -33.8448269181083], [150.74001565685705, -33.8448776792075], [150.73991413465865, -33.8448776792075], [150.73991413465865, -33.844928440306695], [150.73986337355947, -33.844928440306695], [150.73986337355947, -33.8449792014059], [150.73981261246027, -33.8449792014059], [150.73981261246027, -33.845029962505095], [150.73976185136107, -33.845029962505095], [150.73976185136107, -33.845131484703494], [150.73971109026186, -33.845131484703494], [150.73971109026186, -33.8451822458027], [150.73960956806346, -33.8451822458027], [150.73960956806346, -33.84523300690189], [150.73955880696425, -33.84523300690189], [150.73955880696425, -33.845283768001096], [150.73950804586505, -33.845283768001096], [150.73950804586505, -33.845385290199495], [150.73945728476588, -33.845385290199495], [150.73945728476588, -33.84543605129869], [150.73940652366667, -33.84543605129869], [150.73940652366667, -33.845486812397894], [150.73935576256747, -33.845486812397894], [150.73935576256747, -33.84553757349709], [150.73925424036906, -33.84553757349709], [150.73925424036906, -33.84563909569549], [150.73920347926986, -33.84563909569549], [150.73920347926986, -33.84568985679469], [150.73915271817066, -33.84568985679469], [150.73915271817066, -33.84574061789389], [150.73910195707148, -33.84574061789389], [150.73910195707148, -33.845791378993084], [150.73905119597228, -33.845791378993084], [150.73905119597228, -33.84584214009229], [150.73900043487308, -33.84584214009229], [150.73900043487308, -33.84589290119148], [150.73894967377387, -33.84589290119148], [150.73894967377387, -33.845943662290686], [150.73889891267467, -33.845943662290686], [150.73889891267467, -33.84599442338988], [150.73884815157547, -33.84599442338988], [150.73884815157547, -33.846045184489085], [150.73879739047626, -33.846045184489085], [150.73879739047626, -33.84609594558828], [150.73874662937706, -33.84609594558828], [150.73874662937706, -33.846146706687485], [150.7386958682779, -33.846146706687485], [150.7386958682779, -33.84619746778668], [150.73864510717868, -33.84619746778668], [150.73864510717868, -33.846248228885884], [150.73859434607948, -33.846248228885884], [150.73859434607948, -33.84629898998508], [150.73854358498028, -33.84629898998508], [150.73854358498028, -33.84634975108428], [150.73849282388107, -33.84634975108428], [150.73849282388107, -33.84640051218348], [150.73844206278187, -33.84640051218348], [150.73844206278187, -33.84645127328268], [150.73839130168267, -33.84645127328268], [150.73839130168267, -33.84650203438188], [150.7383405405835, -33.84650203438188], [150.7383405405835, -33.84655279548108], [150.7382897794843, -33.84655279548108], [150.7382897794843, -33.84660355658028], [150.7382390183851, -33.84660355658028], [150.7382390183851, -33.84665431767947], [150.73818825728588, -33.84665431767947], [150.73818825728588, -33.846705078778676], [150.73813749618668, -33.846705078778676], [150.73813749618668, -33.84675583987787], [150.73808673508748, -33.84675583987787], [150.73808673508748, -33.846806600977075], [150.73803597398827, -33.846806600977075], [150.73803597398827, -33.84685736207627], [150.73798521288907, -33.84685736207627], [150.73798521288907, -33.846908123175474], [150.7379344517899, -33.846908123175474], [150.7379344517899, -33.84695888427467], [150.7378836906907, -33.84695888427467], [150.7378836906907, -33.84700964537387], [150.7378329295915, -33.84700964537387], [150.7378329295915, -33.84706040647307], [150.7377821684923, -33.84706040647307], [150.7377821684923, -33.84711116757227], [150.73773140739308, -33.84711116757227], [150.73773140739308, -33.84716192867147], [150.73768064629388, -33.84716192867147], [150.73768064629388, -33.84721268977067], [150.73762988519468, -33.84721268977067], [150.73762988519468, -33.84726345086987], [150.7375791240955, -33.84726345086987], [150.7375791240955, -33.84731421196907], [150.7375283629963, -33.84731421196907], [150.7375283629963, -33.84741573416746], [150.7374268407979, -33.84741573416746], [150.7374268407979, -33.847466495266666], [150.7373760796987, -33.847466495266666], [150.7373760796987, -33.84751725636586], [150.7373253185995, -33.84751725636586], [150.7373253185995, -33.84761877856426], [150.73722379640108, -33.84761877856426], [150.73722379640108, -33.847669539663464], [150.7371730353019, -33.847669539663464], [150.7371730353019, -33.84772030076266], [150.7371222742027, -33.84772030076266], [150.7371222742027, -33.84777106186186], [150.7370715131035, -33.84777106186186], [150.7370715131035, -33.84782182296106], [150.7370207520043, -33.84782182296106], [150.7370207520043, -33.84787258406026], [150.7369699909051, -33.84787258406026], [150.7369699909051, -33.84792334515946], [150.7369192298059, -33.84792334515946], [150.7369192298059, -33.84797410625866], [150.7368684687067, -33.84797410625866], [150.7368684687067, -33.84802486735786], [150.73681770760749, -33.84802486735786], [150.73681770760749, -33.84807562845706], [150.7367669465083, -33.84807562845706], [150.7367669465083, -33.848126389556256], [150.7367161854091, -33.848126389556256], [150.7367161854091, -33.84817715065546], [150.7366654243099, -33.84817715065546], [150.7366654243099, -33.84827867285385], [150.7366146632107, -33.84827867285385], [150.7366146632107, -33.848329433953054], [150.7365131410123, -33.848329433953054], [150.7365131410123, -33.84838019505225], [150.7364623799131, -33.84838019505225], [150.7364623799131, -33.848430956151454], [150.73641161881392, -33.848430956151454], [150.73641161881392, -33.84853247834985], [150.73636085771471, -33.84853247834985], [150.73636085771471, -33.84858323944905], [150.7363100966155, -33.84858323944905], [150.7363100966155, -33.84863400054825], [150.7362593355163, -33.84863400054825], [150.7362593355163, -33.84868476164745], [150.7361578133179, -33.84868476164745], [150.7361578133179, -33.84873552274665], [150.7361070522187, -33.84873552274665], [150.7361070522187, -33.84883704494505], [150.7360562911195, -33.84883704494505], [150.7360562911195, -33.848887806044246], [150.73600553002032, -33.848887806044246], [150.73600553002032, -33.84893856714345], [150.73595476892112, -33.84893856714345], [150.73595476892112, -33.848989328242645], [150.73590400782192, -33.848989328242645], [150.73590400782192, -33.84904008934184], [150.7358024856235, -33.84904008934184], [150.7358024856235, -33.84914161154024], [150.7357517245243, -33.84914161154024], [150.7357517245243, -33.84919237263944], [150.7357009634251, -33.84919237263944], [150.7357009634251, -33.84924313373864], [150.73565020232593, -33.84924313373864], [150.73565020232593, -33.84929389483784], [150.73559944122673, -33.84929389483784], [150.73559944122673, -33.84934465593704], [150.73549791902832, -33.84934465593704], [150.73549791902832, -33.84944617813544], [150.73544715792912, -33.84944617813544], [150.73544715792912, -33.84949693923464], [150.7353963968299, -33.84949693923464], [150.7353963968299, -33.84954770033384], [150.7353456357307, -33.84954770033384], [150.7353456357307, -33.84959846143304], [150.7352948746315, -33.84959846143304], [150.7352948746315, -33.849649222532236], [150.73519335243313, -33.849649222532236], [150.73519335243313, -33.849750744730635], [150.73514259133393, -33.849750744730635], [150.73514259133393, -33.84980150582984], [150.73509183023472, -33.84980150582984], [150.73509183023472, -33.849852266929034], [150.73504106913552, -33.849852266929034], [150.73504106913552, -33.84990302802823], [150.73499030803632, -33.84990302802823], [150.73499030803632, -33.84995378912743], [150.7349395469371, -33.84995378912743], [150.7349395469371, -33.85000455022663], [150.73488878583794, -33.85000455022663], [150.73488878583794, -33.85005531132583], [150.73483802473874, -33.85005531132583], [150.73483802473874, -33.85010607242503], [150.73478726363953, -33.85010607242503], [150.73478726363953, -33.85015683352423], [150.73473650254033, -33.85015683352423], [150.73473650254033, -33.85020759462343], [150.73468574144113, -33.85020759462343], [150.73468574144113, -33.85025835572263], [150.73463498034192, -33.85025835572263], [150.73463498034192, -33.850309116821826], [150.73458421924272, -33.850309116821826], [150.73458421924272, -33.85035987792103], [150.73453345814352, -33.85035987792103], [150.73453345814352, -33.850410639020225], [150.73448269704434, -33.850410639020225], [150.73448269704434, -33.85046140011943], [150.73443193594514, -33.85046140011943], [150.73443193594514, -33.850512161218624], [150.73438117484594, -33.850512161218624], [150.73438117484594, -33.85056292231783], [150.73433041374673, -33.85056292231783], [150.73433041374673, -33.85061368341702], [150.73427965264753, -33.85061368341702], [150.73427965264753, -33.85066444451623], [150.73422889154833, -33.85066444451623], [150.73422889154833, -33.85071520561542], [150.73417813044912, -33.85071520561542], [150.73417813044912, -33.85076596671462], [150.73412736934995, -33.85076596671462], [150.73412736934995, -33.85081672781382], [150.73407660825075, -33.85081672781382], [150.73407660825075, -33.85086748891302], [150.73402584715154, -33.85086748891302], [150.73402584715154, -33.85091825001222], [150.73397508605234, -33.85091825001222], [150.73397508605234, -33.85096901111142], [150.73392432495314, -33.85096901111142], [150.73392432495314, -33.851070533309816], [150.73377204165553, -33.851070533309816], [150.73377204165553, -33.851172055508215], [150.73372128055635, -33.851172055508215], [150.73372128055635, -33.85122281660742], [150.73367051945715, -33.85122281660742], [150.73367051945715, -33.851273577706614], [150.73361975835795, -33.851273577706614], [150.73361975835795, -33.85132433880582], [150.73356899725874, -33.85132433880582], [150.73356899725874, -33.85137509990501], [150.73351823615954, -33.85137509990501], [150.73351823615954, -33.851425861004216], [150.73346747506034, -33.851425861004216], [150.73346747506034, -33.85147662210341], [150.73341671396113, -33.85147662210341], [150.73341671396113, -33.85152738320261], [150.73336595286196, -33.85152738320261], [150.73336595286196, -33.85157814430181], [150.73331519176276, -33.85157814430181], [150.73331519176276, -33.85162890540101], [150.73326443066355, -33.85162890540101], [150.73326443066355, -33.85167966650021], [150.73321366956435, -33.85167966650021], [150.73321366956435, -33.851730427599406], [150.73316290846515, -33.851730427599406], [150.73316290846515, -33.85178118869861], [150.73311214736594, -33.85178118869861], [150.73311214736594, -33.851831949797806], [150.73306138626674, -33.851831949797806], [150.73306138626674, -33.851933471996205], [150.73295986406836, -33.851933471996205], [150.73295986406836, -33.85198423309541], [150.73290910296916, -33.85198423309541], [150.73290910296916, -33.852034994194604], [150.73285834186996, -33.852034994194604], [150.73285834186996, -33.85208575529381], [150.73280758077075, -33.85208575529381], [150.73280758077075, -33.852187277492206], [150.73270605857235, -33.852187277492206], [150.73270605857235, -33.8522380385914], [150.73265529747314, -33.8522380385914], [150.73265529747314, -33.852288799690605], [150.73260453637397, -33.852288799690605], [150.73260453637397, -33.8523395607898], [150.73255377527477, -33.8523395607898], [150.73255377527477, -33.8524410829882], [150.73250301417556, -33.8524410829882], [150.73250301417556, -33.852491844087396], [150.73240149197716, -33.852491844087396], [150.73240149197716, -33.8525426051866], [150.73235073087795, -33.8525426051866], [150.73235073087795, -33.852593366285795], [150.73229996977875, -33.852593366285795], [150.73229996977875, -33.852694888484194], [150.73224920867955, -33.852694888484194], [150.73224920867955, -33.8527456495834], [150.73219844758037, -33.8527456495834], [150.73219844758037, -33.85279641068259], [150.73209692538197, -33.85279641068259], [150.73209692538197, -33.8528471717818], [150.73204616428276, -33.8528471717818], [150.73204616428276, -33.85289793288099], [150.73199540318356, -33.85289793288099], [150.73199540318356, -33.85299945507939], [150.73194464208436, -33.85299945507939], [150.73194464208436, -33.853050216178595], [150.73189388098515, -33.853050216178595], [150.73189388098515, -33.85310097727779], [150.73179235878678, -33.85310097727779], [150.73179235878678, -33.85315173837699], [150.73174159768757, -33.85315173837699], [150.73174159768757, -33.853253260575386], [150.73169083658837, -33.853253260575386], [150.73169083658837, -33.85330402167459], [150.73158931438996, -33.85330402167459], [150.73158931438996, -33.853354782773785], [150.73153855329076, -33.853354782773785], [150.73153855329076, -33.85340554387299], [150.73148779219156, -33.85340554387299], [150.73148779219156, -33.85350706607139], [150.73143703109238, -33.85350706607139], [150.73143703109238, -33.85355782717058], [150.73138626999318, -33.85355782717058], [150.73138626999318, -33.853608588269786], [150.73133550889398, -33.853608588269786], [150.73133550889398, -33.85365934936898], [150.73123398669557, -33.85365934936898], [150.73123398669557, -33.85376087156738], [150.73113246449716, -33.85376087156738], [150.73113246449716, -33.853710110468185], [150.73108170339796, -33.853710110468185], [150.73108170339796, -33.85365934936898], [150.7310309422988, -33.85365934936898], [150.7310309422988, -33.853608588269786], [150.73098018119958, -33.853608588269786], [150.73098018119958, -33.85355782717058], [150.73092942010038, -33.85355782717058], [150.73092942010038, -33.85340554387299], [150.73098018119958, -33.85340554387299], [150.73098018119958, -33.853354782773785], [150.7310309422988, -33.853354782773785], [150.7310309422988, -33.85330402167459], [150.73108170339796, -33.85330402167459], [150.73108170339796, -33.853253260575386], [150.73113246449716, -33.853253260575386], [150.73113246449716, -33.85320249947619], [150.73118322559637, -33.85320249947619], [150.73118322559637, -33.85315173837699], [150.73123398669557, -33.85315173837699], [150.73123398669557, -33.85310097727779], [150.73128474779477, -33.85310097727779], [150.73128474779477, -33.853050216178595], [150.73133550889398, -33.853050216178595], [150.73133550889398, -33.85299945507939], [150.73138626999318, -33.85299945507939], [150.73138626999318, -33.852948693980196], [150.73143703109238, -33.852948693980196], [150.73143703109238, -33.85289793288099], [150.73148779219156, -33.85289793288099], [150.73148779219156, -33.8528471717818], [150.73153855329076, -33.8528471717818], [150.73153855329076, -33.85279641068259], [150.73158931438996, -33.85279641068259], [150.73158931438996, -33.8527456495834], [150.73164007548917, -33.8527456495834], [150.73164007548917, -33.852694888484194], [150.73169083658837, -33.852694888484194], [150.73169083658837, -33.852644127385], [150.73174159768757, -33.852644127385], [150.73174159768757, -33.852593366285795], [150.73179235878678, -33.852593366285795], [150.73179235878678, -33.8525426051866], [150.73184311988598, -33.8525426051866], [150.73184311988598, -33.852491844087396], [150.73189388098515, -33.852491844087396], [150.73189388098515, -33.8524410829882], [150.73194464208436, -33.8524410829882], [150.73194464208436, -33.852390321889], [150.73199540318356, -33.852390321889], [150.73199540318356, -33.8523395607898], [150.73204616428276, -33.8523395607898], [150.73204616428276, -33.852288799690605], [150.73209692538197, -33.852288799690605], [150.73209692538197, -33.8522380385914], [150.73214768648117, -33.8522380385914], [150.73214768648117, -33.852136516393], [150.73219844758037, -33.852136516393], [150.73219844758037, -33.85208575529381], [150.73229996977875, -33.85208575529381], [150.73229996977875, -33.852034994194604], [150.73235073087795, -33.852034994194604], [150.73235073087795, -33.85198423309541], [150.73240149197716, -33.85198423309541], [150.73240149197716, -33.851933471996205], [150.73245225307636, -33.851933471996205], [150.73245225307636, -33.85188271089701], [150.73250301417556, -33.85188271089701], [150.73250301417556, -33.851831949797806], [150.73255377527477, -33.851831949797806], [150.73255377527477, -33.85178118869861], [150.73260453637397, -33.85178118869861], [150.73260453637397, -33.851730427599406], [150.73265529747314, -33.851730427599406], [150.73265529747314, -33.85167966650021], [150.73270605857235, -33.85167966650021], [150.73270605857235, -33.85157814430181], [150.73280758077075, -33.85157814430181], [150.73280758077075, -33.85152738320261], [150.73285834186996, -33.85152738320261], [150.73285834186996, -33.85147662210341], [150.73290910296916, -33.85147662210341], [150.73290910296916, -33.851425861004216], [150.73295986406836, -33.851425861004216], [150.73295986406836, -33.85137509990501], [150.73301062516754, -33.85137509990501], [150.73301062516754, -33.85132433880582], [150.73306138626674, -33.85132433880582], [150.73306138626674, -33.851273577706614], [150.73311214736594, -33.851273577706614], [150.73311214736594, -33.85122281660742], [150.73316290846515, -33.85122281660742], [150.73316290846515, -33.851172055508215], [150.73321366956435, -33.851172055508215], [150.73321366956435, -33.851070533309816], [150.73331519176276, -33.851070533309816], [150.73331519176276, -33.85096901111142], [150.73341671396113, -33.85096901111142], [150.73341671396113, -33.85091825001222], [150.73346747506034, -33.85091825001222], [150.73346747506034, -33.85086748891302], [150.73351823615954, -33.85086748891302], [150.73351823615954, -33.85076596671462], [150.73356899725874, -33.85076596671462], [150.73356899725874, -33.85071520561542], [150.73361975835795, -33.85071520561542], [150.73361975835795, -33.85066444451623], [150.73372128055635, -33.85066444451623], [150.73372128055635, -33.85061368341702], [150.73377204165553, -33.85061368341702], [150.73377204165553, -33.85056292231783], [150.73382280275473, -33.85056292231783], [150.73382280275473, -33.85046140011943], [150.73387356385393, -33.85046140011943], [150.73387356385393, -33.850410639020225], [150.73392432495314, -33.850410639020225], [150.73392432495314, -33.85035987792103], [150.73402584715154, -33.85035987792103], [150.73402584715154, -33.850309116821826], [150.73407660825075, -33.850309116821826], [150.73407660825075, -33.85020759462343], [150.73412736934995, -33.85020759462343], [150.73412736934995, -33.85015683352423], [150.73417813044912, -33.85015683352423], [150.73417813044912, -33.85010607242503], [150.73427965264753, -33.85010607242503], [150.73427965264753, -33.85005531132583], [150.73433041374673, -33.85005531132583], [150.73433041374673, -33.85000455022663], [150.73438117484594, -33.85000455022663], [150.73438117484594, -33.84990302802823], [150.73443193594514, -33.84990302802823], [150.73443193594514, -33.849852266929034], [150.73448269704434, -33.849852266929034], [150.73448269704434, -33.84980150582984], [150.73458421924272, -33.84980150582984], [150.73458421924272, -33.849750744730635], [150.73463498034192, -33.849750744730635], [150.73463498034192, -33.849649222532236], [150.73468574144113, -33.849649222532236], [150.73468574144113, -33.84959846143304], [150.73473650254033, -33.84959846143304], [150.73473650254033, -33.84954770033384], [150.73478726363953, -33.84954770033384], [150.73478726363953, -33.84949693923464], [150.73488878583794, -33.84949693923464], [150.73488878583794, -33.84939541703624], [150.7349395469371, -33.84939541703624], [150.7349395469371, -33.84934465593704], [150.73499030803632, -33.84934465593704], [150.73499030803632, -33.84929389483784], [150.73504106913552, -33.84929389483784], [150.73504106913552, -33.84924313373864], [150.73509183023472, -33.84924313373864], [150.73509183023472, -33.84919237263944], [150.73519335243313, -33.84919237263944], [150.73519335243313, -33.84914161154024], [150.73524411353233, -33.84914161154024], [150.73524411353233, -33.849090850441044], [150.7352948746315, -33.849090850441044], [150.7352948746315, -33.848989328242645], [150.7353456357307, -33.848989328242645], [150.7353456357307, -33.84893856714345], [150.7353963968299, -33.84893856714345], [150.7353963968299, -33.848887806044246], [150.73544715792912, -33.848887806044246], [150.73544715792912, -33.84883704494505], [150.73549791902832, -33.84883704494505], [150.73549791902832, -33.84878628384585], [150.73554868012752, -33.84878628384585], [150.73554868012752, -33.84873552274665], [150.73559944122673, -33.84873552274665], [150.73559944122673, -33.84868476164745], [150.73565020232593, -33.84868476164745], [150.73565020232593, -33.84863400054825], [150.7357009634251, -33.84863400054825], [150.7357009634251, -33.84858323944905], [150.7357517245243, -33.84858323944905], [150.7357517245243, -33.84853247834985], [150.7358024856235, -33.84853247834985], [150.7358024856235, -33.84848171725065], [150.7358532467227, -33.84848171725065], [150.7358532467227, -33.848430956151454], [150.73590400782192, -33.848430956151454], [150.73590400782192, -33.84838019505225], [150.73595476892112, -33.84838019505225], [150.73595476892112, -33.848329433953054], [150.73600553002032, -33.848329433953054], [150.73600553002032, -33.84827867285385], [150.7360562911195, -33.84827867285385], [150.7360562911195, -33.848227911754655], [150.7361070522187, -33.848227911754655], [150.7361070522187, -33.84817715065546], [150.7361578133179, -33.84817715065546], [150.7361578133179, -33.848126389556256], [150.7362085744171, -33.848126389556256], [150.7362085744171, -33.84807562845706], [150.7362593355163, -33.84807562845706], [150.7362593355163, -33.84802486735786], [150.7363100966155, -33.84802486735786], [150.7363100966155, -33.84797410625866], [150.73636085771471, -33.84797410625866], [150.73636085771471, -33.84792334515946], [150.73641161881392, -33.84792334515946], [150.73641161881392, -33.84787258406026], [150.7364623799131, -33.84787258406026], [150.7364623799131, -33.84782182296106], [150.7365131410123, -33.84782182296106], [150.7365131410123, -33.84777106186186], [150.7365639021115, -33.84777106186186], [150.7365639021115, -33.84772030076266], [150.7366146632107, -33.84772030076266], [150.7366146632107, -33.847669539663464], [150.7366654243099, -33.847669539663464], [150.7366654243099, -33.84761877856426], [150.7367161854091, -33.84761877856426], [150.7367161854091, -33.847568017465065], [150.7367669465083, -33.847568017465065], [150.7367669465083, -33.84751725636586], [150.73681770760749, -33.84751725636586], [150.73681770760749, -33.847466495266666], [150.7368684687067, -33.847466495266666], [150.7368684687067, -33.84741573416746], [150.7369192298059, -33.84741573416746], [150.7369192298059, -33.84736497306827], [150.7369699909051, -33.84736497306827], [150.7369699909051, -33.84731421196907], [150.7370207520043, -33.84731421196907], [150.7370207520043, -33.84726345086987], [150.7370715131035, -33.84726345086987], [150.7370715131035, -33.84721268977067], [150.7371222742027, -33.84721268977067], [150.7371222742027, -33.84711116757227], [150.7371730353019, -33.84711116757227], [150.7371730353019, -33.84706040647307], [150.73727455750029, -33.84706040647307], [150.73727455750029, -33.84700964537387], [150.7373253185995, -33.84700964537387], [150.7373253185995, -33.846908123175474], [150.7374268407979, -33.846908123175474], [150.7374268407979, -33.846806600977075], [150.7374776018971, -33.846806600977075], [150.7374776018971, -33.84675583987787], [150.7375283629963, -33.84675583987787], [150.7375283629963, -33.846705078778676], [150.73762988519468, -33.846705078778676], [150.73762988519468, -33.84665431767947], [150.73768064629388, -33.84665431767947], [150.73768064629388, -33.84660355658028], [150.73773140739308, -33.84660355658028], [150.73773140739308, -33.84650203438188], [150.7377821684923, -33.84650203438188], [150.7377821684923, -33.84645127328268], [150.7378329295915, -33.84645127328268], [150.7378329295915, -33.84640051218348], [150.7379344517899, -33.84640051218348], [150.7379344517899, -33.84634975108428], [150.73798521288907, -33.84634975108428], [150.73798521288907, -33.84629898998508], [150.73803597398827, -33.84629898998508], [150.73803597398827, -33.84619746778668], [150.73808673508748, -33.84619746778668], [150.73808673508748, -33.846146706687485], [150.73813749618668, -33.846146706687485], [150.73813749618668, -33.84609594558828], [150.7382390183851, -33.84609594558828], [150.7382390183851, -33.846045184489085], [150.7382897794843, -33.846045184489085], [150.7382897794843, -33.84599442338988], [150.7383405405835, -33.84599442338988], [150.7383405405835, -33.84589290119148], [150.73839130168267, -33.84589290119148], [150.73839130168267, -33.84584214009229], [150.73844206278187, -33.84584214009229], [150.73844206278187, -33.845791378993084], [150.73854358498028, -33.845791378993084], [150.73854358498028, -33.84574061789389], [150.73859434607948, -33.84574061789389], [150.73859434607948, -33.84568985679469], [150.73864510717868, -33.84568985679469], [150.73864510717868, -33.84558833459629], [150.7386958682779, -33.84558833459629], [150.7386958682779, -33.84553757349709], [150.73874662937706, -33.84553757349709], [150.73874662937706, -33.845486812397894], [150.73879739047626, -33.845486812397894], [150.73879739047626, -33.84543605129869], [150.73884815157547, -33.84543605129869], [150.73884815157547, -33.845385290199495], [150.73889891267467, -33.845385290199495], [150.73889891267467, -33.84533452910029], [150.73894967377387, -33.84533452910029], [150.73894967377387, -33.845283768001096], [150.73900043487308, -33.845283768001096], [150.73900043487308, -33.84523300690189], [150.73905119597228, -33.84523300690189], [150.73905119597228, -33.8451822458027], [150.73910195707148, -33.8451822458027], [150.73910195707148, -33.845131484703494], [150.73915271817066, -33.845131484703494], [150.73915271817066, -33.8450807236043], [150.73920347926986, -33.8450807236043], [150.73920347926986, -33.845029962505095], [150.73925424036906, -33.845029962505095], [150.73925424036906, -33.8449792014059], [150.73930500146827, -33.8449792014059], [150.73930500146827, -33.844928440306695], [150.73935576256747, -33.844928440306695], [150.73935576256747, -33.8448776792075], [150.73940652366667, -33.8448776792075], [150.73940652366667, -33.8448269181083], [150.73945728476588, -33.8448269181083], [150.73945728476588, -33.8447761570091], [150.73955880696425, -33.8447761570091], [150.73955880696425, -33.8446746348107], [150.73960956806346, -33.8446746348107], [150.73960956806346, -33.844623873711505], [150.73966032916266, -33.844623873711505], [150.73966032916266, -33.8445731126123], [150.73971109026186, -33.8445731126123], [150.73971109026186, -33.844522351513106], [150.73976185136107, -33.844522351513106], [150.73976185136107, -33.8444715904139], [150.73981261246027, -33.8444715904139], [150.73981261246027, -33.84442082931471], [150.73986337355947, -33.84442082931471], [150.73986337355947, -33.84431930711631], [150.73996489575785, -33.84431930711631], [150.73996489575785, -33.844268546017105], [150.74001565685705, -33.844268546017105], [150.74001565685705, -33.84421778491791], [150.74006641795626, -33.84421778491791], [150.74006641795626, -33.844167023818706], [150.74016794015466, -33.844167023818706], [150.74016794015466, -33.84411626271951], [150.74021870125387, -33.84411626271951], [150.74021870125387, -33.844065501620314], [150.74026946235304, -33.844065501620314], [150.74026946235304, -33.84401474052111], [150.74032022345224, -33.84401474052111], [150.74032022345224, -33.843963979421915], [150.74042174565065, -33.843963979421915], [150.74042174565065, -33.843862457223516], [150.74062479004746, -33.843862457223516], [150.74062479004746, -33.84381169612431], [150.74067555114664, -33.84381169612431], [150.74067555114664, -33.84376093502512], [150.74072631224584, -33.84376093502512], [150.74072631224584, -33.84381169612431], [150.74077707334504, -33.84381169612431], [150.74077707334504, -33.84391321832271]]], [[[150.75808660817202, -33.83274577649886], [150.75803584707282, -33.83274577649886], [150.75803584707282, -33.83305034309406], [150.75798508597362, -33.83305034309406], [150.75798508597362, -33.833253387490856], [150.7579343248744, -33.833253387490856], [150.7579343248744, -33.83345643188765], [150.7578835637752, -33.83345643188765], [150.7578835637752, -33.833760998482845], [150.75783280267603, -33.833760998482845], [150.75783280267603, -33.83406556507804], [150.75778204157683, -33.83406556507804], [150.75778204157683, -33.83416708727644], [150.75773128047763, -33.83416708727644], [150.75773128047763, -33.83426860947484], [150.75768051937843, -33.83426860947484], [150.75768051937843, -33.834319370574036], [150.75762975827922, -33.834319370574036], [150.75762975827922, -33.83437013167324], [150.75757899718002, -33.83437013167324], [150.75757899718002, -33.83447165387164], [150.75752823608082, -33.83447165387164], [150.75752823608082, -33.834522414970834], [150.7574774749816, -33.834522414970834], [150.7574774749816, -33.83457317607004], [150.75742671388244, -33.83457317607004], [150.75742671388244, -33.83462393716923], [150.75737595278324, -33.83462393716923], [150.75737595278324, -33.83467469826844], [150.75732519168403, -33.83467469826844], [150.75732519168403, -33.83472545936763], [150.75722366948563, -33.83472545936763], [150.75722366948563, -33.83482698156603], [150.75712214728722, -33.83482698156603], [150.75712214728722, -33.834877742665235], [150.75707138618804, -33.834877742665235], [150.75707138618804, -33.83492850376443], [150.75702062508884, -33.83492850376443], [150.75702062508884, -33.834979264863634], [150.75691910289044, -33.834979264863634], [150.75691910289044, -33.83503002596283], [150.75676681959283, -33.83503002596283], [150.75676681959283, -33.835080787062026], [150.75666529739445, -33.835080787062026], [150.75666529739445, -33.83513154816123], [150.75656377519604, -33.83513154816123], [150.75656377519604, -33.835182309260425], [150.75651301409684, -33.835182309260425], [150.75651301409684, -33.83523307035963], [150.75641149189843, -33.83523307035963], [150.75641149189843, -33.835283831458824], [150.75630996970006, -33.835283831458824], [150.75630996970006, -33.83533459255803], [150.75625920860085, -33.83533459255803], [150.75625920860085, -33.83538535365722], [150.75615768640245, -33.83538535365722], [150.75615768640245, -33.835436114756426], [150.75600540310484, -33.835436114756426], [150.75600540310484, -33.83548687585562], [150.75590388090646, -33.83548687585562], [150.75590388090646, -33.835537636954825], [150.75580235870805, -33.835537636954825], [150.75580235870805, -33.83558839805402], [150.75575159760885, -33.83558839805402], [150.75575159760885, -33.835639159153224], [150.75565007541044, -33.835639159153224], [150.75565007541044, -33.83568992025242], [150.75559931431124, -33.83568992025242], [150.75559931431124, -33.83574068135162], [150.75544703101366, -33.83574068135162], [150.75544703101366, -33.83579144245082], [150.75534550881525, -33.83579144245082], [150.75534550881525, -33.83584220355002], [150.75524398661685, -33.83584220355002], [150.75524398661685, -33.83589296464922], [150.75514246441847, -33.83589296464922], [150.75514246441847, -33.835943725748415], [150.75504094222006, -33.835943725748415], [150.75504094222006, -33.83599448684762], [150.75499018112086, -33.83599448684762], [150.75499018112086, -33.836045247946814], [150.75488865892245, -33.836045247946814], [150.75488865892245, -33.83609600904602], [150.75483789782325, -33.83609600904602], [150.75483789782325, -33.83614677014521], [150.75468561452567, -33.83614677014521], [150.75468561452567, -33.836197531244416], [150.75458409232726, -33.836197531244416], [150.75458409232726, -33.83624829234361], [150.75448257012886, -33.83624829234361], [150.75448257012886, -33.836299053442815], [150.75443180902965, -33.836299053442815], [150.75443180902965, -33.83634981454201], [150.75433028683128, -33.83634981454201], [150.75433028683128, -33.836400575641214], [150.75427952573207, -33.836400575641214], [150.75427952573207, -33.83645133674041], [150.75412724243446, -33.83645133674041], [150.75412724243446, -33.83650209783961], [150.7540257202361, -33.83650209783961], [150.7540257202361, -33.83655285893881], [150.75392419803768, -33.83655285893881], [150.75392419803768, -33.83660362003801], [150.75382267583927, -33.83660362003801], [150.75382267583927, -33.83665438113721], [150.75377191474007, -33.83665438113721], [150.75377191474007, -33.83670514223641], [150.75367039254166, -33.83670514223641], [150.75367039254166, -33.83675590333561], [150.7535688703433, -33.83675590333561], [150.7535688703433, -33.8368066644348], [150.75351810924408, -33.8368066644348], [150.75351810924408, -33.836857425534006], [150.75336582594647, -33.836857425534006], [150.75336582594647, -33.8369081866332], [150.75331506484727, -33.8369081866332], [150.75331506484727, -33.836958947732406], [150.7532135426489, -33.836958947732406], [150.7532135426489, -33.8370097088316], [150.7531120204505, -33.8370097088316], [150.7531120204505, -33.837060469930805], [150.75306125935128, -33.837060469930805], [150.75306125935128, -33.83711123103], [150.75301049825208, -33.83711123103], [150.75301049825208, -33.837161992129204], [150.7528582149545, -33.837161992129204], [150.7528582149545, -33.8372127532284], [150.7527059316569, -33.8372127532284], [150.7527059316569, -33.8372635143276], [150.75255364835928, -33.8372635143276], [150.75255364835928, -33.8373142754268], [150.75250288726008, -33.8373142754268], [150.75250288726008, -33.837365036526], [150.7524521261609, -33.837365036526], [150.7524521261609, -33.8374157976252], [150.7524013650617, -33.8374157976252], [150.7524013650617, -33.8374665587244], [150.7522490817641, -33.8374665587244], [150.7522490817641, -33.8375173198236], [150.75214755956569, -33.8375173198236], [150.75214755956569, -33.83756808092279], [150.7520460373673, -33.83756808092279], [150.7520460373673, -33.837618842021996], [150.7519445151689, -33.837618842021996], [150.7519445151689, -33.83766960312119], [150.7518429929705, -33.83766960312119], [150.7518429929705, -33.837720364220395], [150.7517922318713, -33.837720364220395], [150.7517922318713, -33.83777112531959], [150.7516907096729, -33.83777112531959], [150.7516907096729, -33.837821886418794], [150.7515891874745, -33.837821886418794], [150.7515891874745, -33.83787264751799], [150.7513861430777, -33.83787264751799], [150.7513861430777, -33.83792340861719], [150.75133538197852, -33.83792340861719], [150.75133538197852, -33.83797416971639], [150.75123385978011, -33.83797416971639], [150.75123385978011, -33.83807569191479], [150.7510815764825, -33.83807569191479], [150.7510815764825, -33.83812645301399], [150.7510308153833, -33.83812645301399], [150.7510308153833, -33.83817721411319], [150.75087853208572, -33.83817721411319], [150.75087853208572, -33.83822797521239], [150.75077700988732, -33.83822797521239], [150.75077700988732, -33.83827873631159], [150.7507262487881, -33.83827873631159], [150.7507262487881, -33.83832949741079], [150.7506247265897, -33.83832949741079], [150.7506247265897, -33.838380258509986], [150.75052320439133, -33.838380258509986], [150.75052320439133, -33.83843101960918], [150.75047244329213, -33.83843101960918], [150.75047244329213, -33.838481780708385], [150.75042168219292, -33.838481780708385], [150.75042168219292, -33.83853254180758], [150.7502693988953, -33.83853254180758], [150.7502693988953, -33.838583302906784], [150.75016787669693, -33.838583302906784], [150.75016787669693, -33.83863406400598], [150.75011711559773, -33.83863406400598], [150.75011711559773, -33.83868482510518], [150.75001559339933, -33.83868482510518], [150.75001559339933, -33.83873558620438], [150.74996483230012, -33.83873558620438], [150.74996483230012, -33.83878634730358], [150.74986331010172, -33.83878634730358], [150.74986331010172, -33.83883710840278], [150.74976178790334, -33.83883710840278], [150.74976178790334, -33.83888786950198], [150.74966026570493, -33.83888786950198], [150.74966026570493, -33.83893863060118], [150.74955874350653, -33.83893863060118], [150.74955874350653, -33.83898939170038], [150.74950798240732, -33.83898939170038], [150.74950798240732, -33.839040152799576], [150.74945722130812, -33.839040152799576], [150.74945722130812, -33.83909091389878], [150.74935569910974, -33.83909091389878], [150.74935569910974, -33.839141674997975], [150.74930493801054, -33.839141674997975], [150.74930493801054, -33.83919243609717], [150.74915265471293, -33.83919243609717], [150.74915265471293, -33.839243197196375], [150.74905113251455, -33.839243197196375], [150.74905113251455, -33.83929395829557], [150.74900037141535, -33.83929395829557], [150.74900037141535, -33.839344719394774], [150.74889884921694, -33.839344719394774], [150.74889884921694, -33.83939548049397], [150.74879732701854, -33.83939548049397], [150.74879732701854, -33.83944624159317], [150.74874656591933, -33.83944624159317], [150.74874656591933, -33.83954776379157], [150.74869580482013, -33.83954776379157], [150.74869580482013, -33.83970004708917], [150.74859428262175, -33.83970004708917], [150.74859428262175, -33.83975080818837], [150.74854352152255, -33.83975080818837], [150.74854352152255, -33.839801569287566], [150.74844199932414, -33.839801569287566], [150.74844199932414, -33.83985233038677], [150.74834047712574, -33.83985233038677], [150.74834047712574, -33.839903091485965], [150.74823895492736, -33.839903091485965], [150.74823895492736, -33.83995385258517], [150.74813743272895, -33.83995385258517], [150.74813743272895, -33.840004613684364], [150.74803591053055, -33.840004613684364], [150.74803591053055, -33.84005537478356], [150.74798514943134, -33.84005537478356], [150.74798514943134, -33.84010613588276], [150.74788362723297, -33.84010613588276], [150.74788362723297, -33.84015689698196], [150.74783286613376, -33.84015689698196], [150.74783286613376, -33.84020765808116], [150.74768058283615, -33.84020765808116], [150.74768058283615, -33.84025841918036], [150.74757906063775, -33.84025841918036], [150.74757906063775, -33.84030918027956], [150.74752829953854, -33.84030918027956], [150.74752829953854, -33.84035994137876], [150.74742677734017, -33.84035994137876], [150.74742677734017, -33.84041070247796], [150.74737601624096, -33.84041070247796], [150.74737601624096, -33.84046146357716], [150.74727449404256, -33.84046146357716], [150.74727449404256, -33.84051222467636], [150.74717297184415, -33.84051222467636], [150.74717297184415, -33.840562985775556], [150.74707144964577, -33.840562985775556], [150.74707144964577, -33.84061374687476], [150.74696992744737, -33.84061374687476], [150.74696992744737, -33.840664507973955], [150.74691916634816, -33.840664507973955], [150.74691916634816, -33.84071526907316], [150.74681764414976, -33.84071526907316], [150.74681764414976, -33.840766030172354], [150.74676688305055, -33.840766030172354], [150.74676688305055, -33.84081679127156], [150.74666536085218, -33.84081679127156], [150.74666536085218, -33.84086755237075], [150.74661459975297, -33.84086755237075], [150.74661459975297, -33.84091831346995], [150.74646231645536, -33.84091831346995], [150.74646231645536, -33.84096907456915], [150.746360794257, -33.84096907456915], [150.746360794257, -33.84101983566835], [150.74631003315778, -33.84101983566835], [150.74631003315778, -33.84107059676755], [150.74620851095938, -33.84107059676755], [150.74620851095938, -33.84112135786675], [150.74615774986017, -33.84112135786675], [150.74615774986017, -33.84117211896595], [150.74605622766177, -33.84117211896595], [150.74605622766177, -33.841222880065146], [150.7459039443642, -33.841222880065146], [150.7459039443642, -33.84127364116435], [150.74585318326498, -33.84127364116435], [150.74585318326498, -33.841324402263545], [150.74575166106658, -33.841324402263545], [150.74575166106658, -33.84137516336275], [150.74570089996737, -33.84137516336275], [150.74570089996737, -33.841425924461944], [150.745599377769, -33.841425924461944], [150.745599377769, -33.84147668556115], [150.7454978555706, -33.84147668556115], [150.7454978555706, -33.84152744666034], [150.74534557227298, -33.84152744666034], [150.74534557227298, -33.84157820775955], [150.74529481117378, -33.84157820775955], [150.74529481117378, -33.84162896885874], [150.7451932889754, -33.84162896885874], [150.7451932889754, -33.84167972995794], [150.7451425278762, -33.84167972995794], [150.7451425278762, -33.84173049105714], [150.7450410056778, -33.84173049105714], [150.7450410056778, -33.84178125215634], [150.7449902445786, -33.84178125215634], [150.7449902445786, -33.84183201325554], [150.744837961281, -33.84183201325554], [150.744837961281, -33.84188277435474], [150.7447364390826, -33.84188277435474], [150.7447364390826, -33.84193353545394], [150.7446856779834, -33.84193353545394], [150.7446856779834, -33.841984296553136], [150.744584155785, -33.841984296553136], [150.744584155785, -33.84203505765234], [150.7445333946858, -33.84203505765234], [150.7445333946858, -33.842085818751535], [150.7444318724874, -33.842085818751535], [150.7444318724874, -33.84213657985074], [150.7442795891898, -33.84213657985074], [150.7442795891898, -33.842187340949934], [150.7442288280906, -33.842187340949934], [150.7442288280906, -33.84223810204914], [150.7441273058922, -33.84223810204914], [150.7441273058922, -33.84228886314833], [150.74407654479302, -33.84228886314833], [150.74407654479302, -33.842339624247536], [150.7439750225946, -33.842339624247536], [150.7439750225946, -33.84239038534673], [150.7439242614954, -33.84239038534673], [150.7439242614954, -33.842441146445935], [150.7437719781978, -33.842441146445935], [150.7437719781978, -33.84249190754513], [150.74367045599942, -33.84249190754513], [150.74367045599942, -33.84254266864433], [150.74356893380101, -33.84254266864433], [150.74356893380101, -33.84259342974353], [150.7435181727018, -33.84259342974353], [150.7435181727018, -33.84264419084273], [150.7434166505034, -33.84264419084273], [150.7434166505034, -33.84269495194193], [150.7433658894042, -33.84269495194193], [150.7433658894042, -33.842745713041126], [150.74321360610662, -33.842745713041126], [150.74321360610662, -33.84279647414033], [150.74316284500742, -33.84279647414033], [150.74316284500742, -33.842847235239525], [150.743061322809, -33.842847235239525], [150.743061322809, -33.84289799633873], [150.7429598006106, -33.84289799633873], [150.7429598006106, -33.842948757437924], [150.74290903951143, -33.842948757437924], [150.74290903951143, -33.84299951853713], [150.74280751731303, -33.84299951853713], [150.74280751731303, -33.84305027963632], [150.74265523401542, -33.84305027963632], [150.74265523401542, -33.843101040735526], [150.7426044729162, -33.843101040735526], [150.7426044729162, -33.84315180183472], [150.74250295071784, -33.84315180183472], [150.74250295071784, -33.843202562933925], [150.74245218961863, -33.843202562933925], [150.74245218961863, -33.84325332403312], [150.74235066742023, -33.84325332403312], [150.74235066742023, -33.84330408513232], [150.74229990632102, -33.84330408513232], [150.74229990632102, -33.84335484623152], [150.74214762302344, -33.84335484623152], [150.74214762302344, -33.843405607330716], [150.74204610082504, -33.843405607330716], [150.74204610082504, -33.84345636842992], [150.74199533972583, -33.84345636842992], [150.74199533972583, -33.843507129529115], [150.74189381752743, -33.843507129529115], [150.74189381752743, -33.84355789062832], [150.74184305642822, -33.84355789062832], [150.74184305642822, -33.843608651727514], [150.74174153422985, -33.843608651727514], [150.74174153422985, -33.84365941282672], [150.74158925093224, -33.84365941282672], [150.74158925093224, -33.84371017392591], [150.74153848983303, -33.84371017392591], [150.74153848983303, -33.84376093502512], [150.74143696763463, -33.84376093502512], [150.74143696763463, -33.84381169612431], [150.74138620653545, -33.84381169612431], [150.74138620653545, -33.843862457223516], [150.74128468433705, -33.843862457223516], [150.74128468433705, -33.84391321832271], [150.74113240103944, -33.84391321832271], [150.74113240103944, -33.843862457223516], [150.74118316213864, -33.843862457223516], [150.74118316213864, -33.84345636842992], [150.74123392323784, -33.84345636842992], [150.74123392323784, -33.843405607330716], [150.74128468433705, -33.843405607330716], [150.74128468433705, -33.84335484623152], [150.74138620653545, -33.84335484623152], [150.74138620653545, -33.84330408513232], [150.74148772873383, -33.84330408513232], [150.74148772873383, -33.84325332403312], [150.74164001203144, -33.84325332403312], [150.74164001203144, -33.843202562933925], [150.74169077313064, -33.843202562933925], [150.74169077313064, -33.84315180183472], [150.74179229532902, -33.84315180183472], [150.74179229532902, -33.843101040735526], [150.74184305642822, -33.843101040735526], [150.74184305642822, -33.84305027963632], [150.74194457862663, -33.84305027963632], [150.74194457862663, -33.84299951853713], [150.74199533972583, -33.84299951853713], [150.74199533972583, -33.842948757437924], [150.74214762302344, -33.842948757437924], [150.74214762302344, -33.84289799633873], [150.74224914522182, -33.84289799633873], [150.74224914522182, -33.842847235239525], [150.74235066742023, -33.842847235239525], [150.74235066742023, -33.84279647414033], [150.74240142851943, -33.84279647414033], [150.74240142851943, -33.842745713041126], [150.74245218961863, -33.842745713041126], [150.74245218961863, -33.84269495194193], [150.74255371181704, -33.84269495194193], [150.74255371181704, -33.84264419084273], [150.74270599511462, -33.84264419084273], [150.74270599511462, -33.84259342974353], [150.74275675621382, -33.84259342974353], [150.74275675621382, -33.84254266864433], [150.74285827841223, -33.84254266864433], [150.74285827841223, -33.84249190754513], [150.74290903951143, -33.84249190754513], [150.74290903951143, -33.842441146445935], [150.7430105617098, -33.842441146445935], [150.7430105617098, -33.84239038534673], [150.74321360610662, -33.84239038534673], [150.74321360610662, -33.842339624247536], [150.74326436720582, -33.842339624247536], [150.74326436720582, -33.84228886314833], [150.74331512830503, -33.84228886314833], [150.74331512830503, -33.84223810204914], [150.7434166505034, -33.84223810204914], [150.7434166505034, -33.842187340949934], [150.7434674116026, -33.842187340949934], [150.7434674116026, -33.84213657985074], [150.74356893380101, -33.84213657985074], [150.74356893380101, -33.842085818751535], [150.74361969490022, -33.842085818751535], [150.74361969490022, -33.84203505765234], [150.7437719781978, -33.84203505765234], [150.7437719781978, -33.841984296553136], [150.7438735003962, -33.841984296553136], [150.7438735003962, -33.84193353545394], [150.7439242614954, -33.84193353545394], [150.7439242614954, -33.84188277435474], [150.74402578369381, -33.84188277435474], [150.74402578369381, -33.84183201325554], [150.74407654479302, -33.84183201325554], [150.74407654479302, -33.84178125215634], [150.7441780669914, -33.84178125215634], [150.7441780669914, -33.84173049105714], [150.744330350289, -33.84173049105714], [150.744330350289, -33.84167972995794], [150.7443811113882, -33.84167972995794], [150.7443811113882, -33.84162896885874], [150.74448263358659, -33.84162896885874], [150.74448263358659, -33.84157820775955], [150.7445333946858, -33.84157820775955], [150.7445333946858, -33.84152744666034], [150.7446349168842, -33.84152744666034], [150.7446349168842, -33.84147668556115], [150.7446856779834, -33.84147668556115], [150.7446856779834, -33.841425924461944], [150.744837961281, -33.841425924461944], [150.744837961281, -33.84137516336275], [150.74493948347938, -33.84137516336275], [150.74493948347938, -33.841324402263545], [150.7450410056778, -33.841324402263545], [150.7450410056778, -33.84127364116435], [150.745091766777, -33.84127364116435], [150.745091766777, -33.841222880065146], [150.7451425278762, -33.841222880065146], [150.7451425278762, -33.84117211896595], [150.74524405007458, -33.84117211896595], [150.74524405007458, -33.84112135786675], [150.74539633337218, -33.84112135786675], [150.74539633337218, -33.84107059676755], [150.7454470944714, -33.84107059676755], [150.7454470944714, -33.84101983566835], [150.7455486166698, -33.84101983566835], [150.7455486166698, -33.84096907456915], [150.745599377769, -33.84096907456915], [150.745599377769, -33.84091831346995], [150.74570089996737, -33.84091831346995], [150.74570089996737, -33.84086755237075], [150.74580242216578, -33.84086755237075], [150.74580242216578, -33.84081679127156], [150.74585318326498, -33.84081679127156], [150.74585318326498, -33.84086755237075], [150.7459039443642, -33.84086755237075], [150.7459039443642, -33.84081679127156], [150.7459547054634, -33.84081679127156], [150.7459547054634, -33.840766030172354], [150.74600546656256, -33.840766030172354], [150.74600546656256, -33.84071526907316], [150.74610698876097, -33.84071526907316], [150.74610698876097, -33.840664507973955], [150.74615774986017, -33.840664507973955], [150.74615774986017, -33.84061374687476], [150.74625927205858, -33.84061374687476], [150.74625927205858, -33.840562985775556], [150.74631003315778, -33.840562985775556], [150.74631003315778, -33.84051222467636], [150.74646231645536, -33.84051222467636], [150.74646231645536, -33.84046146357716], [150.74656383865377, -33.84046146357716], [150.74656383865377, -33.84041070247796], [150.74666536085218, -33.84041070247796], [150.74666536085218, -33.84035994137876], [150.74671612195138, -33.84035994137876], [150.74671612195138, -33.84030918027956], [150.74676688305055, -33.84030918027956], [150.74676688305055, -33.84025841918036], [150.74686840524896, -33.84025841918036], [150.74686840524896, -33.84020765808116], [150.74696992744737, -33.84020765808116], [150.74696992744737, -33.84015689698196], [150.74707144964577, -33.84015689698196], [150.74707144964577, -33.84010613588276], [150.74717297184415, -33.84010613588276], [150.74717297184415, -33.84005537478356], [150.74722373294335, -33.84005537478356], [150.74722373294335, -33.840004613684364], [150.74732525514176, -33.840004613684364], [150.74732525514176, -33.83995385258517], [150.74742677734017, -33.83995385258517], [150.74742677734017, -33.839903091485965], [150.74747753843937, -33.839903091485965], [150.74747753843937, -33.83985233038677], [150.74762982173695, -33.83985233038677], [150.74762982173695, -33.839801569287566], [150.74773134393536, -33.839801569287566], [150.74773134393536, -33.83975080818837], [150.74778210503456, -33.83975080818837], [150.74778210503456, -33.83970004708917], [150.74788362723297, -33.83970004708917], [150.74788362723297, -33.83964928598997], [150.74793438833214, -33.83964928598997], [150.74793438833214, -33.83959852489077], [150.74803591053055, -33.83959852489077], [150.74803591053055, -33.83954776379157], [150.74813743272895, -33.83954776379157], [150.74813743272895, -33.83949700269237], [150.74823895492736, -33.83949700269237], [150.74823895492736, -33.83944624159317], [150.74834047712574, -33.83944624159317], [150.74834047712574, -33.83939548049397], [150.74839123822494, -33.83939548049397], [150.74839123822494, -33.839344719394774], [150.74849276042335, -33.839344719394774], [150.74849276042335, -33.83929395829557], [150.74854352152255, -33.83929395829557], [150.74854352152255, -33.839243197196375], [150.74864504372096, -33.839243197196375], [150.74864504372096, -33.83919243609717], [150.74879732701854, -33.83919243609717], [150.74879732701854, -33.839141674997975], [150.74884808811774, -33.839141674997975], [150.74884808811774, -33.83909091389878], [150.74894961031615, -33.83909091389878], [150.74894961031615, -33.839040152799576], [150.74900037141535, -33.839040152799576], [150.74900037141535, -33.83898939170038], [150.74910189361373, -33.83898939170038], [150.74910189361373, -33.83893863060118], [150.74920341581213, -33.83893863060118], [150.74920341581213, -33.83888786950198], [150.74935569910974, -33.83888786950198], [150.74935569910974, -33.83883710840278], [150.74940646020895, -33.83883710840278], [150.74940646020895, -33.83878634730358], [150.74950798240732, -33.83878634730358], [150.74950798240732, -33.83873558620438], [150.74955874350653, -33.83873558620438], [150.74955874350653, -33.83868482510518], [150.74971102680414, -33.83868482510518], [150.74971102680414, -33.83863406400598], [150.74976178790334, -33.83863406400598], [150.74976178790334, -33.838583302906784], [150.74986331010172, -33.838583302906784], [150.74986331010172, -33.83853254180758], [150.74996483230012, -33.83853254180758], [150.74996483230012, -33.838481780708385], [150.75006635449853, -33.838481780708385], [150.75006635449853, -33.83843101960918], [150.75011711559773, -33.83843101960918], [150.75011711559773, -33.838380258509986], [150.7502186377961, -33.838380258509986], [150.7502186377961, -33.83832949741079], [150.75032015999452, -33.83832949741079], [150.75032015999452, -33.83827873631159], [150.75037092109372, -33.83827873631159], [150.75037092109372, -33.83822797521239], [150.75047244329213, -33.83822797521239], [150.75047244329213, -33.83817721411319], [150.7506247265897, -33.83817721411319], [150.7506247265897, -33.83812645301399], [150.7506754876889, -33.83812645301399], [150.7506754876889, -33.83807569191479], [150.75082777098652, -33.83807569191479], [150.75082777098652, -33.83802493081559], [150.75087853208572, -33.83802493081559], [150.75087853208572, -33.83797416971639], [150.75092929318492, -33.83797416971639], [150.75092929318492, -33.83792340861719], [150.7510308153833, -33.83792340861719], [150.7510308153833, -33.83787264751799], [150.7511323375817, -33.83787264751799], [150.7511323375817, -33.837821886418794], [150.75123385978011, -33.837821886418794], [150.75123385978011, -33.83777112531959], [150.75133538197852, -33.83777112531959], [150.75133538197852, -33.837720364220395], [150.7514369041769, -33.837720364220395], [150.7514369041769, -33.83766960312119], [150.7514876652761, -33.83766960312119], [150.7514876652761, -33.837618842021996], [150.7515384263753, -33.837618842021996], [150.7515384263753, -33.83756808092279], [150.7516399485737, -33.83756808092279], [150.7516399485737, -33.8375173198236], [150.7517414707721, -33.8375173198236], [150.7517414707721, -33.8374665587244], [150.7518429929705, -33.8374665587244], [150.7518429929705, -33.8374157976252], [150.7519445151689, -33.8374157976252], [150.7519445151689, -33.837365036526], [150.7520460373673, -33.837365036526], [150.7520460373673, -33.8373142754268], [150.7520967984665, -33.8373142754268], [150.7520967984665, -33.8372635143276], [150.7521983206649, -33.8372635143276], [150.7521983206649, -33.8372127532284], [150.7522998428633, -33.8372127532284], [150.7522998428633, -33.837161992129204], [150.7524013650617, -33.837161992129204], [150.7524013650617, -33.83711123103], [150.75250288726008, -33.83711123103], [150.75250288726008, -33.837060469930805], [150.75260440945848, -33.837060469930805], [150.75260440945848, -33.8370097088316], [150.7526551705577, -33.8370097088316], [150.7526551705577, -33.836958947732406], [150.7527566927561, -33.836958947732406], [150.7527566927561, -33.8369081866332], [150.7528074538553, -33.8369081866332], [150.7528074538553, -33.836857425534006], [150.75301049825208, -33.836857425534006], [150.75301049825208, -33.8368066644348], [150.7531120204505, -33.8368066644348], [150.7531120204505, -33.83675590333561], [150.7531627815497, -33.83675590333561], [150.7531627815497, -33.83670514223641], [150.75326430374807, -33.83670514223641], [150.75326430374807, -33.83665438113721], [150.75336582594647, -33.83665438113721], [150.75336582594647, -33.83660362003801], [150.75341658704568, -33.83660362003801], [150.75341658704568, -33.83655285893881], [150.75351810924408, -33.83655285893881], [150.75351810924408, -33.83650209783961], [150.7536196314425, -33.83650209783961], [150.7536196314425, -33.83645133674041], [150.75377191474007, -33.83645133674041], [150.75377191474007, -33.836400575641214], [150.75382267583927, -33.836400575641214], [150.75382267583927, -33.83634981454201], [150.75392419803768, -33.83634981454201], [150.75392419803768, -33.836299053442815], [150.7540257202361, -33.836299053442815], [150.7540257202361, -33.83624829234361], [150.75407648133526, -33.83624829234361], [150.75407648133526, -33.836197531244416], [150.75417800353367, -33.836197531244416], [150.75417800353367, -33.83614677014521], [150.75433028683128, -33.83614677014521], [150.75433028683128, -33.83609600904602], [150.75443180902965, -33.83609600904602], [150.75443180902965, -33.836045247946814], [150.75448257012886, -33.836045247946814], [150.75448257012886, -33.83599448684762], [150.75458409232726, -33.83599448684762], [150.75458409232726, -33.835943725748415], [150.75468561452567, -33.835943725748415], [150.75468561452567, -33.83589296464922], [150.75473637562487, -33.83589296464922], [150.75473637562487, -33.83584220355002], [150.75483789782325, -33.83584220355002], [150.75483789782325, -33.83579144245082], [150.75499018112086, -33.83579144245082], [150.75499018112086, -33.83574068135162], [150.75509170331927, -33.83574068135162], [150.75509170331927, -33.83568992025242], [150.75514246441847, -33.83568992025242], [150.75514246441847, -33.835639159153224], [150.75524398661685, -33.835639159153224], [150.75524398661685, -33.83558839805402], [150.75534550881525, -33.83558839805402], [150.75534550881525, -33.835537636954825], [150.75539626991446, -33.835537636954825], [150.75539626991446, -33.83548687585562], [150.75549779211286, -33.83548687585562], [150.75549779211286, -33.835436114756426], [150.75565007541044, -33.835436114756426], [150.75565007541044, -33.83538535365722], [150.75575159760885, -33.83538535365722], [150.75575159760885, -33.83533459255803], [150.75585311980726, -33.83533459255803], [150.75585311980726, -33.835283831458824], [150.75590388090646, -33.835283831458824], [150.75590388090646, -33.83523307035963], [150.75600540310484, -33.83523307035963], [150.75600540310484, -33.835182309260425], [150.75610692530324, -33.835182309260425], [150.75610692530324, -33.83513154816123], [150.75615768640245, -33.83513154816123], [150.75615768640245, -33.835080787062026], [150.75620844750165, -33.835080787062026], [150.75620844750165, -33.83503002596283], [150.75636073079923, -33.83503002596283], [150.75636073079923, -33.834979264863634], [150.75641149189843, -33.834979264863634], [150.75641149189843, -33.83492850376443], [150.75651301409684, -33.83492850376443], [150.75651301409684, -33.83482698156603], [150.75661453629525, -33.83482698156603], [150.75661453629525, -33.834776220466836], [150.75666529739445, -33.834776220466836], [150.75666529739445, -33.83472545936763], [150.75671605849362, -33.83472545936763], [150.75671605849362, -33.83467469826844], [150.75676681959283, -33.83467469826844], [150.75676681959283, -33.83462393716923], [150.75681758069203, -33.83462393716923], [150.75681758069203, -33.83457317607004], [150.75686834179123, -33.83457317607004], [150.75686834179123, -33.834522414970834], [150.75691910289044, -33.834522414970834], [150.75691910289044, -33.83447165387164], [150.75696986398964, -33.83447165387164], [150.75696986398964, -33.834420892772435], [150.75702062508884, -33.834420892772435], [150.75702062508884, -33.83437013167324], [150.75707138618804, -33.83437013167324], [150.75707138618804, -33.834319370574036], [150.75712214728722, -33.834319370574036], [150.75712214728722, -33.83426860947484], [150.75722366948563, -33.83426860947484], [150.75722366948563, -33.83416708727644], [150.75727443058483, -33.83416708727644], [150.75727443058483, -33.834116326177245], [150.75732519168403, -33.834116326177245], [150.75732519168403, -33.834014803978846], [150.75737595278324, -33.834014803978846], [150.75737595278324, -33.83391328178045], [150.75742671388244, -33.83391328178045], [150.75742671388244, -33.833862520681244], [150.7574774749816, -33.833862520681244], [150.7574774749816, -33.833760998482845], [150.75752823608082, -33.833760998482845], [150.75752823608082, -33.833659476284446], [150.75757899718002, -33.833659476284446], [150.75757899718002, -33.83360871518525], [150.75762975827922, -33.83360871518525], [150.75762975827922, -33.83350719298685], [150.75768051937843, -33.83350719298685], [150.75768051937843, -33.83340567078845], [150.75773128047763, -33.83340567078845], [150.75773128047763, -33.83320262639165], [150.75778204157683, -33.83320262639165], [150.75778204157683, -33.833101104193254], [150.75783280267603, -33.833101104193254], [150.75783280267603, -33.832999581994855], [150.7578835637752, -33.832999581994855], [150.7578835637752, -33.832898059796456], [150.7579343248744, -33.832898059796456], [150.7579343248744, -33.83274577649886], [150.75798508597362, -33.83274577649886], [150.75798508597362, -33.83269501539966], [150.75803584707282, -33.83269501539966], [150.75803584707282, -33.83254273210206], [150.75808660817202, -33.83254273210206], [150.75808660817202, -33.83249197100287], [150.75813736927122, -33.83249197100287], [150.75813736927122, -33.832593493201266], [150.75808660817202, -33.832593493201266], [150.75808660817202, -33.83274577649886]]], [[[150.79169045584197, -33.88772004693173], [150.79163969474277, -33.88772004693173], [150.79163969474277, -33.888075374626126], [150.79158893364357, -33.888075374626126], [150.79158893364357, -33.88812613572533], [150.79153817254436, -33.88812613572533], [150.79153817254436, -33.88843070232053], [150.7914874114452, -33.88843070232053], [150.7914874114452, -33.88868450781652], [150.791436650346, -33.88868450781652], [150.791436650346, -33.88873526891572], [150.79138588924678, -33.88873526891572], [150.79138588924678, -33.888836791114116], [150.791436650346, -33.888836791114116], [150.791436650346, -33.889039835510914], [150.79138588924678, -33.889039835510914], [150.79138588924678, -33.889192118808516], [150.79133512814758, -33.889192118808516], [150.79133512814758, -33.88914135770931], [150.79123360594917, -33.88914135770931], [150.79123360594917, -33.88929364100691], [150.79128436704838, -33.88929364100691], [150.79128436704838, -33.88934440210611], [150.79133512814758, -33.88934440210611], [150.79133512814758, -33.889598207602106], [150.79128436704838, -33.889598207602106], [150.79128436704838, -33.889699729800505], [150.79123360594917, -33.889699729800505], [150.79123360594917, -33.8900042963957], [150.79118284484997, -33.8900042963957], [150.79118284484997, -33.890359624090095], [150.79113208375077, -33.890359624090095], [150.79113208375077, -33.8906134295861], [150.7910813226516, -33.8906134295861], [150.7910813226516, -33.890714951784496], [150.7910305615524, -33.890714951784496], [150.7910305615524, -33.891019518379686], [150.7909798004532, -33.891019518379686], [150.7909798004532, -33.89132408497488], [150.79092903935398, -33.89132408497488], [150.79092903935398, -33.891577890470884], [150.79087827825478, -33.891577890470884], [150.79087827825478, -33.891882457066075], [150.79082751715558, -33.891882457066075], [150.79082751715558, -33.892237784760475], [150.79077675605637, -33.892237784760475], [150.79077675605637, -33.892339306958874], [150.7907259949572, -33.892339306958874], [150.7907259949572, -33.89259311245487], [150.790675233858, -33.89259311245487], [150.790675233858, -33.892897679050066], [150.7906244727588, -33.892897679050066], [150.7906244727588, -33.89325300674446], [150.7905737116596, -33.89325300674446], [150.7905737116596, -33.89335452894286], [150.7905229505604, -33.89335452894286], [150.7905229505604, -33.893557573339656], [150.79047218946118, -33.893557573339656], [150.79047218946118, -33.89386213993485], [150.79042142836198, -33.89386213993485], [150.79042142836198, -33.89421746762925], [150.79037066726278, -33.89421746762925], [150.79037066726278, -33.894420512026045], [150.7903199061636, -33.894420512026045], [150.7903199061636, -33.89477583972044], [150.7902691450644, -33.89477583972044], [150.7902691450644, -33.89487736191884], [150.7902183839652, -33.89487736191884], [150.7902183839652, -33.89523268961323], [150.790167622866, -33.89523268961323], [150.790167622866, -33.89543573401003], [150.7901168617668, -33.89543573401003], [150.7901168617668, -33.89579106170443], [150.7900661006676, -33.89579106170443], [150.7900661006676, -33.895943345002024], [150.79001533956838, -33.895943345002024], [150.79001533956838, -33.89619715049802], [150.7899645784692, -33.89619715049802], [150.7899645784692, -33.89645095599402], [150.78991381737, -33.89645095599402], [150.78991381737, -33.89675552258921], [150.7898630562708, -33.89675552258921], [150.7898630562708, -33.89706008918441], [150.7898122951716, -33.89706008918441], [150.7898122951716, -33.89721237248201], [150.7897615340724, -33.89721237248201], [150.7897615340724, -33.89741541687881], [150.7897107729732, -33.89741541687881], [150.7897107729732, -33.8977707445732], [150.789660011874, -33.8977707445732], [150.789660011874, -33.898126072267594], [150.7896092507748, -33.898126072267594], [150.7896092507748, -33.89832911666439], [150.7895584896756, -33.89832911666439], [150.7895584896756, -33.89848139996199], [150.7895077285764, -33.89848139996199], [150.7895077285764, -33.89873520545799], [150.7894569674772, -33.89873520545799], [150.7894569674772, -33.899039772053186], [150.789406206378, -33.899039772053186], [150.789406206378, -33.899344338648376], [150.7893554452788, -33.899344338648376], [150.7893554452788, -33.89964890524357], [150.7893046841796, -33.89964890524357], [150.7893046841796, -33.90005499403717], [150.7892539230804, -33.90005499403717], [150.7892539230804, -33.900105755136366], [150.78920316198122, -33.900105755136366], [150.78920316198122, -33.900308799533164], [150.78915240088202, -33.900308799533164], [150.78915240088202, -33.900664127227564], [150.7891016397828, -33.900664127227564], [150.7891016397828, -33.900968693822755], [150.7890508786836, -33.900968693822755], [150.7890508786836, -33.90112097712036], [150.7890001175844, -33.90112097712036], [150.7890001175844, -33.901324021517155], [150.7889493564852, -33.901324021517155], [150.7889493564852, -33.901628588112345], [150.788898595386, -33.901628588112345], [150.788898595386, -33.901983915806746], [150.7888478342868, -33.901983915806746], [150.7888478342868, -33.902186960203544], [150.78879707318762, -33.902186960203544], [150.78879707318762, -33.90244076569954], [150.78874631208842, -33.90244076569954], [150.78874631208842, -33.902643810096336], [150.78869555098922, -33.902643810096336], [150.78869555098922, -33.90299913779073], [150.78864478989001, -33.90299913779073], [150.78864478989001, -33.903252943286724], [150.7885940287908, -33.903252943286724], [150.7885940287908, -33.90355750988192], [150.7885432676916, -33.90355750988192], [150.7885432676916, -33.90370979317952], [150.7884925065924, -33.90370979317952], [150.7884925065924, -33.90391283757632], [150.78844174549323, -33.90391283757632], [150.78844174549323, -33.90421740417151], [150.78839098439403, -33.90421740417151], [150.78839098439403, -33.90457273186591], [150.78834022329482, -33.90457273186591], [150.78834022329482, -33.904826537361906], [150.78828946219562, -33.904826537361906], [150.78828946219562, -33.9049788206595], [150.78823870109642, -33.9049788206595], [150.78823870109642, -33.9052326261555], [150.78818793999721, -33.9052326261555], [150.78818793999721, -33.9055371927507], [150.788137178898, -33.9055371927507], [150.788137178898, -33.90584175934589], [150.7880864177988, -33.90584175934589], [150.7880864177988, -33.90614632594109], [150.78803565669963, -33.90614632594109], [150.78803565669963, -33.906247848139486], [150.78798489560043, -33.906247848139486], [150.78798489560043, -33.90660317583388], [150.78793413450123, -33.90660317583388], [150.78793413450123, -33.90690774242908], [150.78788337340202, -33.90690774242908], [150.78788337340202, -33.90716154792508], [150.78783261230282, -33.90716154792508], [150.78783261230282, -33.90736459232187], [150.78778185120362, -33.90736459232187], [150.78778185120362, -33.90756763671867], [150.78773109010442, -33.90756763671867], [150.78773109010442, -33.907872203313865], [150.78768032900524, -33.907872203313865], [150.78768032900524, -33.908126008809866], [150.78762956790604, -33.908126008809866], [150.78762956790604, -33.90848133650426], [150.78757880680683, -33.90848133650426], [150.78757880680683, -33.90873514200025], [150.78752804570763, -33.90873514200025], [150.78752804570763, -33.90893818639705], [150.78747728460843, -33.90893818639705], [150.78747728460843, -33.90914123079385], [150.78742652350923, -33.90914123079385], [150.78742652350923, -33.90949655848824], [150.78737576241002, -33.90949655848824], [150.78737576241002, -33.909750363984244], [150.78732500131082, -33.909750363984244], [150.78732500131082, -33.909851886182636], [150.78727424021164, -33.909851886182636], [150.78727424021164, -33.910156452777834], [150.78722347911244, -33.910156452777834], [150.78722347911244, -33.910511780472234], [150.78717271801324, -33.910511780472234], [150.78717271801324, -33.910714824869025], [150.78712195691404, -33.910714824869025], [150.78712195691404, -33.91101939146422], [150.78707119581483, -33.91101939146422], [150.78707119581483, -33.911273196960224], [150.78702043471563, -33.911273196960224], [150.78702043471563, -33.911476241357015], [150.78696967361643, -33.911476241357015], [150.78696967361643, -33.911730046853016], [150.78691891251722, -33.911730046853016], [150.78691891251722, -33.91203461344821], [150.78686815141805, -33.91203461344821], [150.78686815141805, -33.9124407022418], [150.78681739031884, -33.9124407022418], [150.78681739031884, -33.9125422244402], [150.78676662921964, -33.9125422244402], [150.78676662921964, -33.912745268837], [150.78671586812044, -33.912745268837], [150.78671586812044, -33.9130498354322], [150.78666510702124, -33.9130498354322], [150.78666510702124, -33.91340516312659], [150.78661434592203, -33.91340516312659], [150.78661434592203, -33.91355744642419], [150.78656358482283, -33.91355744642419], [150.78656358482283, -33.91376049082099], [150.78651282372365, -33.91376049082099], [150.78651282372365, -33.914115818515384], [150.78646206262445, -33.914115818515384], [150.78646206262445, -33.91447114620978], [150.78651282372365, -33.91447114620978], [150.78651282372365, -33.91452190730898], [150.78671586812044, -33.91452190730898], [150.78671586812044, -33.91457266840818], [150.78707119581483, -33.91457266840818], [150.78707119581483, -33.91462342950738], [150.78742652350923, -33.91462342950738], [150.78742652350923, -33.914674190606576], [150.78752804570763, -33.914674190606576], [150.78752804570763, -33.91472495170577], [150.78783261230282, -33.91472495170577], [150.78783261230282, -33.914775712804975], [150.78823870109642, -33.914775712804975], [150.78823870109642, -33.91482647390417], [150.7885940287908, -33.91482647390417], [150.7885940287908, -33.914877235003374], [150.7889493564852, -33.914877235003374], [150.7889493564852, -33.91492799610257], [150.7892539230804, -33.91492799610257], [150.7892539230804, -33.91497875720177], [150.789406206378, -33.91497875720177], [150.789406206378, -33.91502951830097], [150.7897615340724, -33.91502951830097], [150.7897615340724, -33.91508027940017], [150.790167622866, -33.91508027940017], [150.790167622866, -33.91513104049937], [150.79047218946118, -33.91513104049937], [150.79047218946118, -33.91518180159857], [150.79087827825478, -33.91518180159857], [150.79087827825478, -33.91523256269777], [150.7910305615524, -33.91523256269777], [150.7910305615524, -33.91528332379697], [150.79128436704838, -33.91528332379697], [150.79128436704838, -33.915334084896166], [150.79163969474277, -33.915334084896166], [150.79163969474277, -33.91538484599537], [150.79199502243716, -33.91538484599537], [150.79199502243716, -33.915435607094565], [150.79250263342917, -33.915435607094565], [150.79250263342917, -33.91548636819377], [150.79280720002436, -33.91548636819377], [150.79280720002436, -33.915537129292964], [150.79295948332197, -33.915537129292964], [150.79295948332197, -33.91558789039216], [150.79316252771875, -33.91558789039216], [150.79316252771875, -33.91563865149136], [150.79346709431394, -33.91563865149136], [150.79346709431394, -33.91568941259056], [150.79392394420674, -33.91568941259056], [150.79392394420674, -33.91574017368976], [150.79438079409954, -33.91574017368976], [150.79438079409954, -33.91579093478896], [150.79468536069473, -33.91579093478896], [150.79468536069473, -33.91584169588816], [150.79473612179393, -33.91584169588816], [150.79473612179393, -33.91589245698736], [150.79509144948832, -33.91589245698736], [150.79509144948832, -33.91594321808656], [150.79539601608352, -33.91594321808656], [150.79539601608352, -33.91599397918576], [150.79554829938112, -33.91599397918576], [150.79554829938112, -33.91604474028496], [150.79549753828192, -33.91604474028496], [150.79549753828192, -33.91614626248336], [150.79544677718272, -33.91614626248336], [150.79544677718272, -33.916197023582555], [150.79539601608352, -33.916197023582555], [150.79539601608352, -33.91624778468176], [150.7953452549843, -33.91624778468176], [150.7953452549843, -33.916298545780954], [150.79529449388514, -33.916298545780954], [150.79529449388514, -33.91634930688015], [150.79519297168673, -33.91634930688015], [150.79519297168673, -33.916298545780954], [150.79504068838912, -33.916298545780954], [150.79504068838912, -33.91624778468176], [150.79443155519874, -33.91624778468176], [150.79443155519874, -33.916197023582555], [150.79438079409954, -33.916197023582555], [150.79438079409954, -33.91614626248336], [150.79402546640515, -33.91614626248336], [150.79402546640515, -33.916095501384156], [150.79392394420674, -33.916095501384156], [150.79392394420674, -33.91604474028496], [150.79326404991716, -33.91604474028496], [150.79326404991716, -33.91599397918576], [150.79316252771875, -33.91599397918576], [150.79316252771875, -33.91594321808656], [150.79275643892515, -33.91594321808656], [150.79275643892515, -33.91589245698736], [150.79265491672675, -33.91589245698736], [150.79265491672675, -33.91594321808656], [150.79260415562757, -33.91594321808656], [150.79260415562757, -33.91589245698736], [150.79245187232996, -33.91589245698736], [150.79245187232996, -33.91584169588816], [150.79229958903235, -33.91584169588816], [150.79229958903235, -33.91579093478896], [150.79224882793318, -33.91579093478896], [150.79224882793318, -33.91584169588816], [150.79209654463557, -33.91584169588816], [150.79209654463557, -33.91579093478896], [150.79199502243716, -33.91579093478896], [150.79199502243716, -33.91574017368976], [150.79138588924678, -33.91574017368976], [150.79138588924678, -33.91568941259056], [150.79128436704838, -33.91568941259056], [150.79128436704838, -33.91563865149136], [150.79092903935398, -33.91563865149136], [150.79092903935398, -33.91558789039216], [150.79082751715558, -33.91558789039216], [150.79082751715558, -33.91563865149136], [150.7907259949572, -33.91563865149136], [150.7907259949572, -33.91558789039216], [150.7905737116596, -33.91558789039216], [150.7905737116596, -33.915537129292964], [150.7902183839652, -33.915537129292964], [150.7902183839652, -33.91548636819377], [150.7901168617668, -33.91548636819377], [150.7901168617668, -33.915435607094565], [150.7895077285764, -33.915435607094565], [150.7895077285764, -33.91538484599537], [150.789406206378, -33.91538484599537], [150.789406206378, -33.915334084896166], [150.7888478342868, -33.915334084896166], [150.7888478342868, -33.91528332379697], [150.78874631208842, -33.91528332379697], [150.78874631208842, -33.91523256269777], [150.7885940287908, -33.91523256269777], [150.7885940287908, -33.91518180159857], [150.7884925065924, -33.91518180159857], [150.7884925065924, -33.91523256269777], [150.78834022329482, -33.91523256269777], [150.78834022329482, -33.91518180159857], [150.78818793999721, -33.91518180159857], [150.78818793999721, -33.91513104049937], [150.78773109010442, -33.91513104049937], [150.78773109010442, -33.91508027940017], [150.78768032900524, -33.91508027940017], [150.78768032900524, -33.91513104049937], [150.78757880680683, -33.91513104049937], [150.78757880680683, -33.91508027940017], [150.78742652350923, -33.91508027940017], [150.78742652350923, -33.91502951830097], [150.78712195691404, -33.91502951830097], [150.78712195691404, -33.91497875720177], [150.78702043471563, -33.91497875720177], [150.78702043471563, -33.91492799610257], [150.78636054042605, -33.91492799610257], [150.78636054042605, -33.91497875720177], [150.78630977932684, -33.91497875720177], [150.78630977932684, -33.91513104049937], [150.78625901822764, -33.91513104049937], [150.78625901822764, -33.915435607094565], [150.78620825712844, -33.915435607094565], [150.78620825712844, -33.91568941259056], [150.78615749602923, -33.91568941259056], [150.78615749602923, -33.91604474028496], [150.78610673493006, -33.91604474028496], [150.78610673493006, -33.916095501384156], [150.78605597383086, -33.916095501384156], [150.78605597383086, -33.91645082907855], [150.78600521273165, -33.91645082907855], [150.78600521273165, -33.91665387347535], [150.78595445163245, -33.91665387347535], [150.78595445163245, -33.91700920116975], [150.78590369053325, -33.91700920116975], [150.78590369053325, -33.91711072336815], [150.78585292943404, -33.91711072336815], [150.78585292943404, -33.91746605106254], [150.78580216833484, -33.91746605106254], [150.78580216833484, -33.917719856558534], [150.78575140723567, -33.917719856558534], [150.78575140723567, -33.917973662054536], [150.78570064613646, -33.917973662054536], [150.78570064613646, -33.91817670645133], [150.78564988503726, -33.91817670645133], [150.78564988503726, -33.918481273046524], [150.78559912393806, -33.918481273046524], [150.78559912393806, -33.91868431744332], [150.78554836283885, -33.91868431744332], [150.78554836283885, -33.91909040623692], [150.78549760173965, -33.91909040623692], [150.78549760173965, -33.91934421173291], [150.78544684064045, -33.91934421173291], [150.78544684064045, -33.91944573393131], [150.78539607954124, -33.91944573393131], [150.78539607954124, -33.919699539427306], [150.78534531844207, -33.919699539427306], [150.78534531844207, -33.920054867121706], [150.78529455734287, -33.920054867121706], [150.78529455734287, -33.920156389320105], [150.78524379624366, -33.920156389320105], [150.78524379624366, -33.9202071504193], [150.78529455734287, -33.9202071504193], [150.78529455734287, -33.920359433716904], [150.78524379624366, -33.920359433716904], [150.78524379624366, -33.920562478113695], [150.78519303514446, -33.920562478113695], [150.78519303514446, -33.92076552251049], [150.78514227404526, -33.92076552251049], [150.78514227404526, -33.92107008910569], [150.78509151294605, -33.92107008910569], [150.78509151294605, -33.921323894601684], [150.78504075184685, -33.921323894601684], [150.78504075184685, -33.92152693899848], [150.78498999074768, -33.92152693899848], [150.78498999074768, -33.92162846119688], [150.78493922964847, -33.92162846119688], [150.78493922964847, -33.92183150559368], [150.78488846854927, -33.92183150559368], [150.78488846854927, -33.92203454999048], [150.78483770745007, -33.92203454999048], [150.78483770745007, -33.92218683328807], [150.78478694635086, -33.92218683328807], [150.78478694635086, -33.922339116585675], [150.78473618525166, -33.922339116585675], [150.78473618525166, -33.92249139988327], [150.78468542415246, -33.92249139988327], [150.78468542415246, -33.92259292208167], [150.78463466305325, -33.92259292208167], [150.78463466305325, -33.92274520537927], [150.78458390195408, -33.92274520537927], [150.78458390195408, -33.92284672757767], [150.78453314085488, -33.92284672757767], [150.78453314085488, -33.92304977197446], [150.78448237975567, -33.92304977197446], [150.78448237975567, -33.923202055272064], [150.78443161865647, -33.923202055272064], [150.78443161865647, -33.92330357747046], [150.78438085755727, -33.92330357747046], [150.78438085755727, -33.92340509966886], [150.78433009645806, -33.92340509966886], [150.78433009645806, -33.92350662186726], [150.78427933535886, -33.92350662186726], [150.78427933535886, -33.92365890516486], [150.78422857425969, -33.92365890516486], [150.78422857425969, -33.923760427363256], [150.78417781316048, -33.923760427363256], [150.78417781316048, -33.92381118846245], [150.78412705206128, -33.92381118846245], [150.78412705206128, -33.923963471760054], [150.78407629096208, -33.923963471760054], [150.78407629096208, -33.92406499395845], [150.78402552986287, -33.92406499395845], [150.78402552986287, -33.92416651615685], [150.78397476876367, -33.92416651615685], [150.78397476876367, -33.92426803835525], [150.78392400766447, -33.92426803835525], [150.78392400766447, -33.924420321652846], [150.78387324656526, -33.924420321652846], [150.78387324656526, -33.92447108275205], [150.7838224854661, -33.92447108275205], [150.7838224854661, -33.92457260495044], [150.7837717243669, -33.92457260495044], [150.7837717243669, -33.92467412714884], [150.78372096326768, -33.92467412714884], [150.78372096326768, -33.92482641044644], [150.78367020216848, -33.92482641044644], [150.78367020216848, -33.92492793264484], [150.78361944106928, -33.92492793264484], [150.78361944106928, -33.92497869374404], [150.78356867997007, -33.92497869374404], [150.78356867997007, -33.92508021594244], [150.78351791887087, -33.92508021594244], [150.78351791887087, -33.92523249924004], [150.7834671577717, -33.92523249924004], [150.7834671577717, -33.92533402143844], [150.7834163966725, -33.92533402143844], [150.7834163966725, -33.92543554363683], [150.7833656355733, -33.92543554363683], [150.7833656355733, -33.92553706583523], [150.7833148744741, -33.92553706583523], [150.7833148744741, -33.92563858803363], [150.78326411337488, -33.92563858803363], [150.78326411337488, -33.92574011023203], [150.78321335227568, -33.92574011023203], [150.78321335227568, -33.92589239352963], [150.78316259117648, -33.92589239352963], [150.78316259117648, -33.92599391572803], [150.78311183007727, -33.92599391572803], [150.78311183007727, -33.92609543792643], [150.7830610689781, -33.92609543792643], [150.7830610689781, -33.92619696012483], [150.7830103078789, -33.92619696012483], [150.7830103078789, -33.92634924342242], [150.7829595467797, -33.92634924342242], [150.7829595467797, -33.92640000452162], [150.7829087856805, -33.92640000452162], [150.7829087856805, -33.926603048918416], [150.7828580245813, -33.926603048918416], [150.7828580245813, -33.926704571116815], [150.78280726348208, -33.926704571116815], [150.78280726348208, -33.926806093315214], [150.78275650238288, -33.926806093315214], [150.78275650238288, -33.92685685441442], [150.7827057412837, -33.92685685441442], [150.7827057412837, -33.92705989881121], [150.7826549801845, -33.92705989881121], [150.7826549801845, -33.92716142100961], [150.7826042190853, -33.92716142100961], [150.7826042190853, -33.92731370430721], [150.7825534579861, -33.92731370430721], [150.7825534579861, -33.927364465406406], [150.7825026968869, -33.927364465406406], [150.7825026968869, -33.92741522650561], [150.7824519357877, -33.92741522650561], [150.7824519357877, -33.927567509803204], [150.7824011746885, -33.927567509803204], [150.7824011746885, -33.9276690320016], [150.78235041358928, -33.9276690320016], [150.78235041358928, -33.9278720763984], [150.7822996524901, -33.9278720763984], [150.7822996524901, -33.9279735985968], [150.7822488913909, -33.9279735985968], [150.7822488913909, -33.928024359695996], [150.7821981302917, -33.928024359695996], [150.7821981302917, -33.928125881894395], [150.7821473691925, -33.928125881894395], [150.7821473691925, -33.928328926291194], [150.7820966080933, -33.928328926291194], [150.7820966080933, -33.92843044848959], [150.7820458469941, -33.92843044848959], [150.7820458469941, -33.928582731787195], [150.7819950858949, -33.928582731787195], [150.7819950858949, -33.92863349288639], [150.78194432479572, -33.92863349288639], [150.78194432479572, -33.92873501508479], [150.7818935636965, -33.92873501508479], [150.7818935636965, -33.92883653728319], [150.7818428025973, -33.92883653728319], [150.7818428025973, -33.92893805948159], [150.7817920414981, -33.92893805948159], [150.7817920414981, -33.929141103878386], [150.7817412803989, -33.929141103878386], [150.7817412803989, -33.929242626076785], [150.7816905192997, -33.929242626076785], [150.7816905192997, -33.929344148275185], [150.7816397582005, -33.929344148275185], [150.7816397582005, -33.92939490937438], [150.7815889971013, -33.92939490937438], [150.7815889971013, -33.92959795377118], [150.78153823600212, -33.92959795377118], [150.78153823600212, -33.929648714870375], [150.7813351916053, -33.929648714870375], [150.7813351916053, -33.92969947596958], [150.7812844305061, -33.92969947596958], [150.7812844305061, -33.929648714870375], [150.7811829083077, -33.929648714870375], [150.7811829083077, -33.92969947596958], [150.78113214720852, -33.92969947596958], [150.78113214720852, -33.929750237068774], [150.7813859527045, -33.929750237068774], [150.7813859527045, -33.92980099816798], [150.7813351916053, -33.92980099816798], [150.7813351916053, -33.92985175926717], [150.7812336694069, -33.92985175926717], [150.7812336694069, -33.92995328146557], [150.7811829083077, -33.92995328146557], [150.7811829083077, -33.93020708696157], [150.78113214720852, -33.93020708696157], [150.78113214720852, -33.93025784806077], [150.78108138610932, -33.93025784806077], [150.78108138610932, -33.930308609159965], [150.78103062501012, -33.930308609159965], [150.78103062501012, -33.930410131358364], [150.7809291028117, -33.930410131358364], [150.7809291028117, -33.93046089245757], [150.7808783417125, -33.93046089245757], [150.7808783417125, -33.93051165355676], [150.7808275806133, -33.93051165355676], [150.7808275806133, -33.93061317575516], [150.78072605841493, -33.93061317575516], [150.78072605841493, -33.93071469795356], [150.78067529731572, -33.93071469795356], [150.78067529731572, -33.930765459052765], [150.78062453621652, -33.930765459052765], [150.78062453621652, -33.93081622015196], [150.78057377511732, -33.93081622015196], [150.78057377511732, -33.93091774235036], [150.7804722529189, -33.93091774235036], [150.7804722529189, -33.93096850344956], [150.78037073072053, -33.93096850344956], [150.78037073072053, -33.93101926454876], [150.78031996962133, -33.93101926454876], [150.78031996962133, -33.93107002564796], [150.78026920852213, -33.93107002564796], [150.78026920852213, -33.93112078674716], [150.78021844742293, -33.93112078674716], [150.78021844742293, -33.931171547846354], [150.78011692522452, -33.931171547846354], [150.78011692522452, -33.93122230894556], [150.78006616412532, -33.93122230894556], [150.78006616412532, -33.93127307004475], [150.78001540302614, -33.93127307004475], [150.78001540302614, -33.931323831143956], [150.77996464192694, -33.931323831143956], [150.77996464192694, -33.93137459224315], [150.77981235862933, -33.93137459224315], [150.77981235862933, -33.931425353342355], [150.77976159753013, -33.931425353342355], [150.77976159753013, -33.93147611444155], [150.77966007533172, -33.93147611444155], [150.77966007533172, -33.931526875540754], [150.77960931423254, -33.931526875540754], [150.77960931423254, -33.93157763663995], [150.77950779203414, -33.93157763663995], [150.77950779203414, -33.93162839773915], [150.77945703093494, -33.93162839773915], [150.77945703093494, -33.93167915883835], [150.77935550873653, -33.93167915883835], [150.77935550873653, -33.93172991993755], [150.77930474763733, -33.93172991993755], [150.77930474763733, -33.93178068103675], [150.77915246433975, -33.93178068103675], [150.77915246433975, -33.93183144213595], [150.77900018104214, -33.93183144213595], [150.77900018104214, -33.93188220323515], [150.77894941994293, -33.93188220323515], [150.77894941994293, -33.93193296433435], [150.77884789774455, -33.93193296433435], [150.77884789774455, -33.93198372543355], [150.77874637554615, -33.93198372543355], [150.77874637554615, -33.93203448653274], [150.77869561444695, -33.93203448653274], [150.77869561444695, -33.932085247631946], [150.77854333114934, -33.932085247631946], [150.77854333114934, -33.93213600873114], [150.77849257005016, -33.93213600873114], [150.77849257005016, -33.932186769830345], [150.77839104785176, -33.932186769830345], [150.77839104785176, -33.93223753092954], [150.77828952565335, -33.93223753092954], [150.77828952565335, -33.932288292028744], [150.77818800345494, -33.932288292028744], [150.77818800345494, -33.93233905312794], [150.77813724235574, -33.93233905312794], [150.77813724235574, -33.93238981422714], [150.77803572015736, -33.93238981422714], [150.77803572015736, -33.93244057532634], [150.77793419795896, -33.93244057532634], [150.77793419795896, -33.93249133642554], [150.77783267576055, -33.93249133642554], [150.77783267576055, -33.93254209752474], [150.77773115356217, -33.93254209752474], [150.77773115356217, -33.93259285862394], [150.77757887026456, -33.93259285862394], [150.77757887026456, -33.93264361972314], [150.77747734806616, -33.93264361972314], [150.77747734806616, -33.93269438082234], [150.77737582586775, -33.93269438082234], [150.77737582586775, -33.93274514192154], [150.77727430366937, -33.93274514192154], [150.77727430366937, -33.932846664119936], [150.77722354257017, -33.932846664119936], [150.77722354257017, -33.93289742521913], [150.77707125927256, -33.93289742521913], [150.77707125927256, -33.932948186318335], [150.77696973707418, -33.932948186318335], [150.77696973707418, -33.93299894741753], [150.77686821487578, -33.93299894741753], [150.77686821487578, -33.933049708516734], [150.77681745377657, -33.933049708516734], [150.77681745377657, -33.93310046961593], [150.77671593157817, -33.93310046961593], [150.77671593157817, -33.93315123071513], [150.77666517047896, -33.93315123071513], [150.77666517047896, -33.93320199181433], [150.77661440937976, -33.93320199181433], [150.77661440937976, -33.93325275291353], [150.7765636482806, -33.93325275291353], [150.7765636482806, -33.93330351401273], [150.77646212608218, -33.93330351401273], [150.77646212608218, -33.93335427511193], [150.77641136498298, -33.93335427511193], [150.77641136498298, -33.93340503621113], [150.77630984278457, -33.93340503621113], [150.77630984278457, -33.93345579731033], [150.77625908168537, -33.93345579731033], [150.77625908168537, -33.933506558409526], [150.7762083205862, -33.933506558409526], [150.7762083205862, -33.93355731950873], [150.776157559487, -33.93355731950873], [150.776157559487, -33.933608080607925], [150.7761067983878, -33.933608080607925], [150.7761067983878, -33.93365884170712], [150.77605603728858, -33.93365884170712], [150.77605603728858, -33.933709602806324], [150.77600527618938, -33.933709602806324], [150.77600527618938, -33.93376036390552], [150.77595451509018, -33.93376036390552], [150.77595451509018, -33.93381112500472], [150.77590375399097, -33.93381112500472], [150.77590375399097, -33.93386188610392], [150.77585299289177, -33.93386188610392], [150.77585299289177, -33.93391264720312], [150.7758022317926, -33.93391264720312], [150.7758022317926, -33.93396340830232], [150.7757514706934, -33.93396340830232], [150.7757514706934, -33.93401416940152], [150.7757007095942, -33.93401416940152], [150.7757007095942, -33.93411569159992], [150.775649948495, -33.93411569159992], [150.775649948495, -33.93421721379832], [150.77559918739578, -33.93421721379832], [150.77559918739578, -33.934267974897516], [150.77554842629658, -33.934267974897516], [150.77554842629658, -33.93431873599672], [150.77549766519738, -33.93431873599672], [150.77549766519738, -33.93442025819511], [150.77544690409817, -33.93442025819511], [150.77544690409817, -33.93457254149271], [150.7753453818998, -33.93457254149271], [150.7753453818998, -33.93462330259191], [150.7752946208006, -33.93462330259191], [150.7752946208006, -33.93477558588951], [150.7752438597014, -33.93477558588951], [150.7752438597014, -33.93487710808791], [150.7751930986022, -33.93487710808791], [150.7751930986022, -33.93497863028631], [150.77514233750298, -33.93497863028631], [150.77514233750298, -33.935130913583905], [150.77509157640378, -33.935130913583905], [150.77509157640378, -33.9352831968815], [150.7750408153046, -33.9352831968815], [150.7750408153046, -33.9353847190799], [150.7749900542054, -33.9353847190799], [150.7749900542054, -33.9355370023775], [150.7749392931062, -33.9355370023775], [150.7749392931062, -33.9356385245759], [150.774888532007, -33.9356385245759], [150.774888532007, -33.935892330071894], [150.7748377709078, -33.935892330071894], [150.7748377709078, -33.93624765776629], [150.7747870098086, -33.93624765776629], [150.7747870098086, -33.93639994106389], [150.7747362487094, -33.93639994106389], [150.7747362487094, -33.936450702163086], [150.7747870098086, -33.936450702163086], [150.7747870098086, -33.936552224361485], [150.7747362487094, -33.936552224361485], [150.7747362487094, -33.93670450765909], [150.77468548761018, -33.93670450765909], [150.77468548761018, -33.93700907425428], [150.774634726511, -33.93700907425428], [150.774634726511, -33.937313640849474], [150.7745839654118, -33.937313640849474], [150.7745839654118, -33.93746592414708], [150.7745332043126, -33.93746592414708], [150.7745332043126, -33.937668968543875], [150.7744824432134, -33.937668968543875], [150.7744824432134, -33.93802429623827], [150.7744316821142, -33.93802429623827], [150.7744316821142, -33.938328862833465], [150.774380921015, -33.938328862833465], [150.774380921015, -33.93848114613106], [150.7743301599158, -33.93848114613106], [150.7743301599158, -33.93878571272626], [150.77427939881662, -33.93878571272626], [150.77427939881662, -33.93914104042065], [150.7742286377174, -33.93914104042065], [150.7742286377174, -33.93934408481745], [150.7741778766182, -33.93934408481745], [150.7741778766182, -33.939496368115044], [150.774127115519, -33.939496368115044], [150.774127115519, -33.93980093471024], [150.7740763544198, -33.93980093471024], [150.7740763544198, -33.94020702350384], [150.7740255933206, -33.94020702350384], [150.7740255933206, -33.94030854570224], [150.7739748322214, -33.94030854570224], [150.7739748322214, -33.940613112297434], [150.7739240711222, -33.940613112297434], [150.7739240711222, -33.94091767889263], [150.77387331002302, -33.94091767889263], [150.77387331002302, -33.94096843999183], [150.77382254892382, -33.94096843999183], [150.77382254892382, -33.94106996219023], [150.773619504527, -33.94106996219023], [150.773619504527, -33.94112072328942], [150.77351798232863, -33.94112072328942], [150.77351798232863, -33.941171484388626], [150.77346722122942, -33.941171484388626], [150.77346722122942, -33.94122224548782], [150.77351798232863, -33.94122224548782], [150.77351798232863, -33.94132376768622], [150.7735687434278, -33.94132376768622], [150.7735687434278, -33.941273006587025], [150.7736702656262, -33.941273006587025], [150.7736702656262, -33.94142528988462], [150.7737210267254, -33.94142528988462], [150.7737210267254, -33.94147605098382], [150.77377178782461, -33.94147605098382], [150.77377178782461, -33.94152681208302], [150.7736702656262, -33.94152681208302], [150.7736702656262, -33.94147605098382], [150.77346722122942, -33.94147605098382], [150.77346722122942, -33.94157757318222], [150.77351798232863, -33.94157757318222], [150.77351798232863, -33.94162833428142], [150.7735687434278, -33.94162833428142], [150.7735687434278, -33.94167909538062], [150.7736702656262, -33.94167909538062], [150.7736702656262, -33.94162833428142], [150.7737210267254, -33.94162833428142], [150.7737210267254, -33.94188213977741], [150.7736702656262, -33.94188213977741], [150.7736702656262, -33.941831378678216], [150.77341646013022, -33.941831378678216], [150.77341646013022, -33.94198366197581], [150.77346722122942, -33.94198366197581], [150.77346722122942, -33.942034423075015], [150.77331493793181, -33.942034423075015], [150.77331493793181, -33.94208518417421], [150.7732641768326, -33.94208518417421], [150.7732641768326, -33.94238975076941], [150.77331493793181, -33.94238975076941], [150.77331493793181, -33.94254203406701], [150.7732641768326, -33.94254203406701], [150.7732641768326, -33.9426435562654], [150.7731626546342, -33.9426435562654], [150.7731626546342, -33.9428466006622], [150.7732134157334, -33.9428466006622], [150.7732134157334, -33.943049645059], [150.7731626546342, -33.943049645059], [150.7731626546342, -33.9431511672574], [150.7732134157334, -33.9431511672574], [150.7732134157334, -33.9432019283566], [150.7732641768326, -33.9432019283566], [150.7732641768326, -33.9432526894558], [150.77336569903102, -33.9432526894558], [150.77336569903102, -33.943049645059], [150.77346722122942, -33.943049645059], [150.77346722122942, -33.9431511672574], [150.77341646013022, -33.9431511672574], [150.77341646013022, -33.943455733852595], [150.77336569903102, -33.943455733852595], [150.77336569903102, -33.94376030044779], [150.77331493793181, -33.94376030044779], [150.77331493793181, -33.944014105943786], [150.7732641768326, -33.944014105943786], [150.7732641768326, -33.944318672538984], [150.7732134157334, -33.944318672538984], [150.7732134157334, -33.94462323913418], [150.7731626546342, -33.94462323913418], [150.7731626546342, -33.944978566828574], [150.77311189353503, -33.944978566828574], [150.77311189353503, -33.94513085012617], [150.77306113243583, -33.94513085012617], [150.77306113243583, -33.94548617782057], [150.77301037133662, -33.94548617782057], [150.77301037133662, -33.94579074441577], [150.77295961023742, -33.94579074441577], [150.77295961023742, -33.945892266614166], [150.77290884913822, -33.945892266614166], [150.77290884913822, -33.946298355407755], [150.77285808803902, -33.946298355407755], [150.77285808803902, -33.94655216090376], [150.7728073269398, -33.94655216090376], [150.7728073269398, -33.946653683102156], [150.77285808803902, -33.946653683102156], [150.77285808803902, -33.94670444420135], [150.7728073269398, -33.94670444420135], [150.7728073269398, -33.94675520530055], [150.77265504364223, -33.94675520530055], [150.77265504364223, -33.94670444420135], [150.77245199924542, -33.94670444420135], [150.77245199924542, -33.946653683102156], [150.77240123814622, -33.946653683102156], [150.77240123814622, -33.94660292200295], [150.77235047704704, -33.94660292200295], [150.77235047704704, -33.94650139980455], [150.77240123814622, -33.94650139980455], [150.77240123814622, -33.946298355407755], [150.77245199924542, -33.946298355407755], [150.77245199924542, -33.94599378881256], [150.77250276034462, -33.94599378881256], [150.77250276034462, -33.945638461118165], [150.77255352144383, -33.945638461118165], [150.77255352144383, -33.94528313342377], [150.77260428254303, -33.94528313342377], [150.77260428254303, -33.94513085012617], [150.77265504364223, -33.94513085012617], [150.77265504364223, -33.94472476133258], [150.77270580474143, -33.94472476133258], [150.77270580474143, -33.94447095583658], [150.77275656584064, -33.94447095583658], [150.77275656584064, -33.94416638924139], [150.7728073269398, -33.94416638924139], [150.7728073269398, -33.94391258374539], [150.77285808803902, -33.94391258374539], [150.77285808803902, -33.94376030044779], [150.77290884913822, -33.94376030044779], [150.77290884913822, -33.943455733852595], [150.77295961023742, -33.943455733852595], [150.77295961023742, -33.9432019283566], [150.77301037133662, -33.9432019283566], [150.77301037133662, -33.9431004061582], [150.77306113243583, -33.9431004061582], [150.77306113243583, -33.9427450784638], [150.77311189353503, -33.9427450784638], [150.77311189353503, -33.94244051186861], [150.7731626546342, -33.94244051186861], [150.7731626546342, -33.94208518417421], [150.7732134157334, -33.94208518417421], [150.7732134157334, -33.94198366197581], [150.7732641768326, -33.94198366197581], [150.7732641768326, -33.94157757318222], [150.77331493793181, -33.94157757318222], [150.77331493793181, -33.94142528988462], [150.77336569903102, -33.94142528988462], [150.77336569903102, -33.94106996219023], [150.77341646013022, -33.94106996219023], [150.77341646013022, -33.94096843999183], [150.77346722122942, -33.94096843999183], [150.77346722122942, -33.94056235119823], [150.77351798232863, -33.94056235119823], [150.77351798232863, -33.94030854570224], [150.7735687434278, -33.94030854570224], [150.7735687434278, -33.94005474020624], [150.773619504527, -33.94005474020624], [150.773619504527, -33.93980093471024], [150.7736702656262, -33.93980093471024], [150.7736702656262, -33.93954712921425], [150.7737210267254, -33.93954712921425], [150.7737210267254, -33.93934408481745], [150.77377178782461, -33.93934408481745], [150.77377178782461, -33.93914104042065], [150.77382254892382, -33.93914104042065], [150.77382254892382, -33.93878571272626], [150.77387331002302, -33.93878571272626], [150.77387331002302, -33.93848114613106], [150.7739240711222, -33.93848114613106], [150.7739240711222, -33.938328862833465], [150.7739748322214, -33.938328862833465], [150.7739748322214, -33.93802429623827], [150.7740255933206, -33.93802429623827], [150.7740255933206, -33.937668968543875], [150.7740763544198, -33.937668968543875], [150.7740763544198, -33.93746592414708], [150.774127115519, -33.93746592414708], [150.774127115519, -33.93736440194868], [150.7741778766182, -33.93736440194868], [150.7741778766182, -33.93700907425428], [150.7742286377174, -33.93700907425428], [150.7742286377174, -33.93670450765909], [150.77427939881662, -33.93670450765909], [150.77427939881662, -33.93634917996469], [150.7743301599158, -33.93634917996469], [150.7743301599158, -33.93624765776629], [150.774380921015, -33.93624765776629], [150.774380921015, -33.9358415689727], [150.7744316821142, -33.9358415689727], [150.7744316821142, -33.9356385245759], [150.7744824432134, -33.9356385245759], [150.7744824432134, -33.9354354801791], [150.7745332043126, -33.9354354801791], [150.7745332043126, -33.9353339579807], [150.7745839654118, -33.9353339579807], [150.7745839654118, -33.93518167468311], [150.774634726511, -33.93518167468311], [150.774634726511, -33.935029391385505], [150.77468548761018, -33.935029391385505], [150.77468548761018, -33.93487710808791], [150.7747362487094, -33.93487710808791], [150.7747362487094, -33.93477558588951], [150.7747870098086, -33.93477558588951], [150.7747870098086, -33.93467406369111], [150.7748377709078, -33.93467406369111], [150.7748377709078, -33.93457254149271], [150.774888532007, -33.93457254149271], [150.774888532007, -33.934471019294314], [150.7749392931062, -33.934471019294314], [150.7749392931062, -33.934369497095915], [150.7749900542054, -33.934369497095915], [150.7749900542054, -33.93431873599672], [150.7750408153046, -33.93431873599672], [150.7750408153046, -33.934267974897516], [150.77509157640378, -33.934267974897516], [150.77509157640378, -33.93416645269912], [150.77514233750298, -33.93416645269912], [150.77514233750298, -33.93411569159992], [150.7751930986022, -33.93411569159992], [150.7751930986022, -33.93396340830232], [150.7752438597014, -33.93396340830232], [150.7752438597014, -33.93391264720312], [150.7752946208006, -33.93391264720312], [150.7752946208006, -33.93386188610392], [150.7753453818998, -33.93386188610392], [150.7753453818998, -33.93376036390552], [150.775396142999, -33.93376036390552], [150.775396142999, -33.933709602806324], [150.77549766519738, -33.933709602806324], [150.77549766519738, -33.93365884170712], [150.77554842629658, -33.93365884170712], [150.77554842629658, -33.933608080607925], [150.77559918739578, -33.933608080607925], [150.77559918739578, -33.933506558409526], [150.775649948495, -33.933506558409526], [150.775649948495, -33.93345579731033], [150.7757007095942, -33.93345579731033], [150.7757007095942, -33.93340503621113], [150.7758022317926, -33.93340503621113], [150.7758022317926, -33.93330351401273], [150.77585299289177, -33.93330351401273], [150.77585299289177, -33.93325275291353], [150.77590375399097, -33.93325275291353], [150.77590375399097, -33.93320199181433], [150.77595451509018, -33.93320199181433], [150.77595451509018, -33.93315123071513], [150.77605603728858, -33.93315123071513], [150.77605603728858, -33.93310046961593], [150.776157559487, -33.93310046961593], [150.776157559487, -33.933049708516734], [150.7762083205862, -33.933049708516734], [150.7762083205862, -33.932948186318335], [150.77630984278457, -33.932948186318335], [150.77630984278457, -33.93289742521913], [150.77636060388377, -33.93289742521913], [150.77636060388377, -33.932846664119936], [150.77641136498298, -33.932846664119936], [150.77641136498298, -33.93279590302073], [150.77651288718138, -33.93279590302073], [150.77651288718138, -33.93274514192154], [150.7765636482806, -33.93274514192154], [150.7765636482806, -33.93269438082234], [150.77671593157817, -33.93269438082234], [150.77671593157817, -33.93264361972314], [150.77676669267737, -33.93264361972314], [150.77676669267737, -33.93259285862394], [150.77686821487578, -33.93259285862394], [150.77686821487578, -33.93254209752474], [150.77691897597498, -33.93254209752474], [150.77691897597498, -33.93249133642554], [150.77702049817336, -33.93249133642554], [150.77702049817336, -33.93244057532634], [150.77712202037176, -33.93244057532634], [150.77712202037176, -33.93238981422714], [150.77722354257017, -33.93238981422714], [150.77722354257017, -33.93233905312794], [150.77727430366937, -33.93233905312794], [150.77727430366937, -33.932288292028744], [150.77737582586775, -33.932288292028744], [150.77737582586775, -33.93223753092954], [150.77747734806616, -33.93223753092954], [150.77747734806616, -33.932186769830345], [150.77757887026456, -33.932186769830345], [150.77757887026456, -33.93213600873114], [150.77768039246297, -33.93213600873114], [150.77768039246297, -33.932085247631946], [150.77778191466135, -33.932085247631946], [150.77778191466135, -33.93203448653274], [150.77788343685975, -33.93203448653274], [150.77788343685975, -33.93198372543355], [150.77793419795896, -33.93198372543355], [150.77793419795896, -33.93193296433435], [150.77808648125657, -33.93193296433435], [150.77808648125657, -33.93188220323515], [150.77818800345494, -33.93188220323515], [150.77818800345494, -33.93183144213595], [150.77823876455415, -33.93183144213595], [150.77823876455415, -33.93178068103675], [150.77834028675255, -33.93178068103675], [150.77834028675255, -33.93172991993755], [150.77839104785176, -33.93172991993755], [150.77839104785176, -33.93167915883835], [150.77849257005016, -33.93167915883835], [150.77849257005016, -33.93162839773915], [150.77859409224854, -33.93162839773915], [150.77859409224854, -33.93157763663995], [150.77874637554615, -33.93157763663995], [150.77874637554615, -33.931526875540754], [150.77884789774455, -33.931526875540754], [150.77884789774455, -33.93147611444155], [150.77894941994293, -33.93147611444155], [150.77894941994293, -33.931425353342355], [150.77905094214134, -33.931425353342355], [150.77905094214134, -33.93137459224315], [150.77915246433975, -33.93137459224315], [150.77915246433975, -33.931323831143956], [150.77920322543895, -33.931323831143956], [150.77920322543895, -33.93127307004475], [150.77930474763733, -33.93127307004475], [150.77930474763733, -33.93122230894556], [150.77935550873653, -33.93122230894556], [150.77935550873653, -33.931171547846354], [150.77945703093494, -33.931171547846354], [150.77945703093494, -33.93112078674716], [150.77955855313334, -33.93112078674716], [150.77955855313334, -33.93107002564796], [150.77966007533172, -33.93107002564796], [150.77966007533172, -33.93101926454876], [150.77971083643092, -33.93101926454876], [150.77971083643092, -33.93096850344956], [150.77976159753013, -33.93096850344956], [150.77976159753013, -33.93091774235036], [150.77981235862933, -33.93091774235036], [150.77981235862933, -33.930866981251164], [150.77986311972853, -33.930866981251164], [150.77986311972853, -33.93081622015196], [150.77991388082773, -33.93081622015196], [150.77991388082773, -33.930765459052765], [150.78006616412532, -33.930765459052765], [150.78006616412532, -33.93071469795356], [150.78016768632372, -33.93071469795356], [150.78016768632372, -33.93061317575516], [150.78021844742293, -33.93061317575516], [150.78021844742293, -33.93056241465597], [150.78026920852213, -33.93056241465597], [150.78026920852213, -33.93046089245757], [150.78037073072053, -33.93046089245757], [150.78037073072053, -33.930410131358364], [150.7804214918197, -33.930410131358364], [150.7804214918197, -33.93035937025917], [150.7804722529189, -33.93035937025917], [150.7804722529189, -33.930308609159965], [150.78052301401812, -33.930308609159965], [150.78052301401812, -33.93025784806077], [150.78057377511732, -33.93025784806077], [150.78057377511732, -33.93020708696157], [150.78062453621652, -33.93020708696157], [150.78062453621652, -33.93015632586237], [150.78067529731572, -33.93015632586237], [150.78067529731572, -33.930105564763174], [150.78072605841493, -33.930105564763174], [150.78072605841493, -33.930004042564775], [150.78077681951413, -33.930004042564775], [150.78077681951413, -33.929902520366376], [150.7808275806133, -33.929902520366376], [150.7808275806133, -33.92985175926717], [150.7808783417125, -33.92985175926717], [150.7808783417125, -33.92980099816798], [150.7809291028117, -33.92980099816798], [150.7809291028117, -33.92969947596958], [150.78097986391091, -33.92969947596958], [150.78097986391091, -33.92959795377118], [150.78103062501012, -33.92959795377118], [150.78103062501012, -33.929547192671976], [150.78108138610932, -33.929547192671976], [150.78108138610932, -33.929445670473584], [150.78113214720852, -33.929445670473584], [150.78113214720852, -33.92939490937438], [150.7811829083077, -33.92939490937438], [150.7811829083077, -33.92919186497758], [150.7812336694069, -33.92919186497758], [150.7812336694069, -33.929141103878386], [150.7812844305061, -33.929141103878386], [150.7812844305061, -33.92903958167999], [150.7813351916053, -33.92903958167999], [150.7813351916053, -33.92893805948159], [150.7813859527045, -33.92893805948159], [150.7813859527045, -33.928785776183986], [150.7814367138037, -33.928785776183986], [150.7814367138037, -33.92868425398559], [150.78148747490292, -33.92868425398559], [150.78148747490292, -33.928582731787195], [150.78153823600212, -33.928582731787195], [150.78153823600212, -33.92843044848959], [150.7815889971013, -33.92843044848959], [150.7815889971013, -33.928328926291194], [150.7816397582005, -33.928328926291194], [150.7816397582005, -33.928227404092794], [150.7816905192997, -33.928227404092794], [150.7816905192997, -33.9280751207952], [150.7817412803989, -33.9280751207952], [150.7817412803989, -33.9279735985968], [150.7817920414981, -33.9279735985968], [150.7817920414981, -33.9278720763984], [150.7818428025973, -33.9278720763984], [150.7818428025973, -33.9277705542], [150.7818935636965, -33.9277705542], [150.7818935636965, -33.9276690320016], [150.78194432479572, -33.9276690320016], [150.78194432479572, -33.92751674870401], [150.7819950858949, -33.92751674870401], [150.7819950858949, -33.92741522650561], [150.7820458469941, -33.92741522650561], [150.7820458469941, -33.92731370430721], [150.7820966080933, -33.92731370430721], [150.7820966080933, -33.92716142100961], [150.7821473691925, -33.92716142100961], [150.7821473691925, -33.92705989881121], [150.7821981302917, -33.92705989881121], [150.7821981302917, -33.926958376612816], [150.7822488913909, -33.926958376612816], [150.7822488913909, -33.926806093315214], [150.7822996524901, -33.926806093315214], [150.7822996524901, -33.926704571116815], [150.78235041358928, -33.926704571116815], [150.78235041358928, -33.926603048918416], [150.7824011746885, -33.926603048918416], [150.7824011746885, -33.92650152672002], [150.7824519357877, -33.92650152672002], [150.7824519357877, -33.92640000452162], [150.7825026968869, -33.92640000452162], [150.7825026968869, -33.92624772122402], [150.7825534579861, -33.92624772122402], [150.7825534579861, -33.926146199025624], [150.7826042190853, -33.926146199025624], [150.7826042190853, -33.92599391572803], [150.7826549801845, -33.92599391572803], [150.7826549801845, -33.925943154628825], [150.7827057412837, -33.925943154628825], [150.7827057412837, -33.92579087133123], [150.78275650238288, -33.92579087133123], [150.78275650238288, -33.92563858803363], [150.78280726348208, -33.92563858803363], [150.78280726348208, -33.92553706583523], [150.7828580245813, -33.92553706583523], [150.7828580245813, -33.92548630473603], [150.7829087856805, -33.92548630473603], [150.7829087856805, -33.92533402143844], [150.7829595467797, -33.92533402143844], [150.7829595467797, -33.92523249924004], [150.7830103078789, -33.92523249924004], [150.7830103078789, -33.92513097704164], [150.7830610689781, -33.92513097704164], [150.7830610689781, -33.92502945484324], [150.78311183007727, -33.92502945484324], [150.78311183007727, -33.92492793264484], [150.78316259117648, -33.92492793264484], [150.78316259117648, -33.92482641044644], [150.78321335227568, -33.92482641044644], [150.78321335227568, -33.92472488824804], [150.78326411337488, -33.92472488824804], [150.78326411337488, -33.924623366049644], [150.7833148744741, -33.924623366049644], [150.7833148744741, -33.92447108275205], [150.7833656355733, -33.92447108275205], [150.7833656355733, -33.92436956055365], [150.7834163966725, -33.92436956055365], [150.7834163966725, -33.92426803835525], [150.7834671577717, -33.92426803835525], [150.7834671577717, -33.92416651615685], [150.78351791887087, -33.92416651615685], [150.78351791887087, -33.92411575505765], [150.78356867997007, -33.92411575505765], [150.78356867997007, -33.92401423285925], [150.78361944106928, -33.92401423285925], [150.78361944106928, -33.92391271066085], [150.78367020216848, -33.92391271066085], [150.78367020216848, -33.92381118846245], [150.78372096326768, -33.92381118846245], [150.78372096326768, -33.92365890516486], [150.7837717243669, -33.92365890516486], [150.7837717243669, -33.92360814406566], [150.7838224854661, -33.92360814406566], [150.7838224854661, -33.92345586076806], [150.78387324656526, -33.92345586076806], [150.78387324656526, -33.92335433856966], [150.78392400766447, -33.92335433856966], [150.78392400766447, -33.923202055272064], [150.78397476876367, -33.923202055272064], [150.78397476876367, -33.923100533073665], [150.78402552986287, -33.923100533073665], [150.78402552986287, -33.92304977197446], [150.78407629096208, -33.92304977197446], [150.78407629096208, -33.92289748867687], [150.78412705206128, -33.92289748867687], [150.78412705206128, -33.92269444428007], [150.78417781316048, -33.92269444428007], [150.78417781316048, -33.92259292208167], [150.78422857425969, -33.92259292208167], [150.78422857425969, -33.92249139988327], [150.78427933535886, -33.92249139988327], [150.78427933535886, -33.922339116585675], [150.78433009645806, -33.922339116585675], [150.78433009645806, -33.92213607218888], [150.78438085755727, -33.92213607218888], [150.78438085755727, -33.92198378889128], [150.78443161865647, -33.92198378889128], [150.78443161865647, -33.92188226669288], [150.78448237975567, -33.92188226669288], [150.78448237975567, -33.921679222296085], [150.78453314085488, -33.921679222296085], [150.78453314085488, -33.92142541680008], [150.78458390195408, -33.92142541680008], [150.78458390195408, -33.921323894601684], [150.78463466305325, -33.921323894601684], [150.78463466305325, -33.92112085020489], [150.78468542415246, -33.92112085020489], [150.78468542415246, -33.920816283609696], [150.78473618525166, -33.920816283609696], [150.78473618525166, -33.9205117170145], [150.78478694635086, -33.9205117170145], [150.78478694635086, -33.9204101948161], [150.78483770745007, -33.9204101948161], [150.78483770745007, -33.920054867121706], [150.78488846854927, -33.920054867121706], [150.78488846854927, -33.919801061625705], [150.78493922964847, -33.919801061625705], [150.78493922964847, -33.919496495030515], [150.78498999074768, -33.919496495030515], [150.78498999074768, -33.91934421173291], [150.78504075184685, -33.91934421173291], [150.78504075184685, -33.91898888403852], [150.78509151294605, -33.91898888403852], [150.78509151294605, -33.91878583964172], [150.78514227404526, -33.91878583964172], [150.78514227404526, -33.91843051194733], [150.78519303514446, -33.91843051194733], [150.78519303514446, -33.91822746755053], [150.78524379624366, -33.91822746755053], [150.78524379624366, -33.91802442315373], [150.78529455734287, -33.91802442315373], [150.78529455734287, -33.91777061765774], [150.78534531844207, -33.91777061765774], [150.78534531844207, -33.91741528996334], [150.78539607954124, -33.91741528996334], [150.78539607954124, -33.91716148446734], [150.78544684064045, -33.91716148446734], [150.78544684064045, -33.917059962268944], [150.78549760173965, -33.917059962268944], [150.78549760173965, -33.916958440070545], [150.78544684064045, -33.916958440070545], [150.78544684064045, -33.91690767897135], [150.78549760173965, -33.91690767897135], [150.78549760173965, -33.916755395673746], [150.78554836283885, -33.916755395673746], [150.78554836283885, -33.91645082907855], [150.78559912393806, -33.91645082907855], [150.78559912393806, -33.916095501384156], [150.78564988503726, -33.916095501384156], [150.78564988503726, -33.91589245698736], [150.78570064613646, -33.91589245698736], [150.78570064613646, -33.91574017368976], [150.78575140723567, -33.91574017368976], [150.78575140723567, -33.915435607094565], [150.78580216833484, -33.915435607094565], [150.78580216833484, -33.91508027940017], [150.78585292943404, -33.91508027940017], [150.78585292943404, -33.914877235003374], [150.78590369053325, -33.914877235003374], [150.78590369053325, -33.914674190606576], [150.78595445163245, -33.914674190606576], [150.78595445163245, -33.91442038511058], [150.78600521273165, -33.91442038511058], [150.78600521273165, -33.91406505741618], [150.78605597383086, -33.91406505741618], [150.78605597383086, -33.91386201301939], [150.78610673493006, -33.91386201301939], [150.78610673493006, -33.91355744642419], [150.78615749602923, -33.91355744642419], [150.78615749602923, -33.913354402027394], [150.78620825712844, -33.913354402027394], [150.78620825712844, -33.91310059653139], [150.78625901822764, -33.91310059653139], [150.78625901822764, -33.9128467910354], [150.78630977932684, -33.9128467910354], [150.78630977932684, -33.912491463341006], [150.78636054042605, -33.912491463341006], [150.78636054042605, -33.9123391800434], [150.78641130152525, -33.9123391800434], [150.78641130152525, -33.91208537454741], [150.78646206262445, -33.91208537454741], [150.78646206262445, -33.911831569051415], [150.78651282372365, -33.911831569051415], [150.78651282372365, -33.911476241357015], [150.78656358482283, -33.911476241357015], [150.78656358482283, -33.91122243586102], [150.78661434592203, -33.91122243586102], [150.78661434592203, -33.91101939146422], [150.78666510702124, -33.91101939146422], [150.78666510702124, -33.910816347067424], [150.78671586812044, -33.910816347067424], [150.78671586812044, -33.91046101937303], [150.78676662921964, -33.91046101937303], [150.78676662921964, -33.910156452777834], [150.78681739031884, -33.910156452777834], [150.78681739031884, -33.90990264728184], [150.78686815141805, -33.90990264728184], [150.78686815141805, -33.909750363984244], [150.78691891251722, -33.909750363984244], [150.78691891251722, -33.90949655848824], [150.78696967361643, -33.90949655848824], [150.78696967361643, -33.90914123079385], [150.78702043471563, -33.90914123079385], [150.78702043471563, -33.908887425297856], [150.78707119581483, -33.908887425297856], [150.78707119581483, -33.90858285870266], [150.78712195691404, -33.90858285870266], [150.78712195691404, -33.908430575405056], [150.78717271801324, -33.908430575405056], [150.78717271801324, -33.908126008809866], [150.78722347911244, -33.908126008809866], [150.78722347911244, -33.907872203313865], [150.78727424021164, -33.907872203313865], [150.78727424021164, -33.90761839781787], [150.78732500131082, -33.90761839781787], [150.78732500131082, -33.90736459232187], [150.78737576241002, -33.90736459232187], [150.78737576241002, -33.907110786825875], [150.78742652350923, -33.907110786825875], [150.78742652350923, -33.90690774242908], [150.78747728460843, -33.90690774242908], [150.78747728460843, -33.90650165363548], [150.78752804570763, -33.90650165363548], [150.78752804570763, -33.906247848139486], [150.78757880680683, -33.906247848139486], [150.78757880680683, -33.90609556484189], [150.78762956790604, -33.90609556484189], [150.78762956790604, -33.90589252044509], [150.78768032900524, -33.90589252044509], [150.78768032900524, -33.9055371927507], [150.78773109010442, -33.9055371927507], [150.78773109010442, -33.9052326261555], [150.78778185120362, -33.9052326261555], [150.78778185120362, -33.9049788206595], [150.78783261230282, -33.9049788206595], [150.78783261230282, -33.904826537361906], [150.78788337340202, -33.904826537361906], [150.78788337340202, -33.90457273186591], [150.78793413450123, -33.90457273186591], [150.78793413450123, -33.90421740417151], [150.78798489560043, -33.90421740417151], [150.78798489560043, -33.90401435977472], [150.78803565669963, -33.90401435977472], [150.78803565669963, -33.90370979317952], [150.7880864177988, -33.90370979317952], [150.7880864177988, -33.90355750988192], [150.788137178898, -33.90355750988192], [150.788137178898, -33.903252943286724], [150.78818793999721, -33.903252943286724], [150.78818793999721, -33.90304989888993], [150.78823870109642, -33.90304989888993], [150.78823870109642, -33.902643810096336], [150.78828946219562, -33.902643810096336], [150.78828946219562, -33.90254228789794], [150.78834022329482, -33.90254228789794], [150.78834022329482, -33.902491526798734], [150.78828946219562, -33.902491526798734], [150.78828946219562, -33.902390004600335], [150.78834022329482, -33.902390004600335], [150.78834022329482, -33.90223772130274], [150.78839098439403, -33.90223772130274], [150.78839098439403, -33.901983915806746], [150.78844174549323, -33.901983915806746], [150.78844174549323, -33.90167934921155], [150.7884925065924, -33.90167934921155], [150.7884925065924, -33.901324021517155], [150.7885432676916, -33.901324021517155], [150.7885432676916, -33.90117173821955], [150.7885940287908, -33.90117173821955], [150.7885940287908, -33.900968693822755], [150.78864478989001, -33.900968693822755], [150.78864478989001, -33.900664127227564], [150.78869555098922, -33.900664127227564], [150.78869555098922, -33.90041032173156], [150.78864478989001, -33.90041032173156], [150.78864478989001, -33.90035956063237], [150.7885940287908, -33.90035956063237], [150.7885940287908, -33.900308799533164], [150.788137178898, -33.900308799533164], [150.788137178898, -33.90025803843397], [150.78783261230282, -33.90025803843397], [150.78783261230282, -33.900207277334765], [150.78747728460843, -33.900207277334765], [150.78747728460843, -33.90015651623557], [150.78737576241002, -33.90015651623557], [150.78737576241002, -33.900105755136366], [150.78691891251722, -33.900105755136366], [150.78691891251722, -33.90005499403717], [150.78661434592203, -33.90005499403717], [150.78661434592203, -33.90000423293797], [150.78610673493006, -33.90000423293797], [150.78610673493006, -33.89995347183877], [150.78585292943404, -33.89995347183877], [150.78585292943404, -33.899902710739575], [150.78539607954124, -33.899902710739575], [150.78539607954124, -33.89985194964037], [150.78524379624366, -33.89985194964037], [150.78524379624366, -33.899801188541176], [150.78493922964847, -33.899801188541176], [150.78493922964847, -33.89975042744197], [150.78463466305325, -33.89975042744197], [150.78463466305325, -33.89969966634278], [150.78412705206128, -33.89969966634278], [150.78412705206128, -33.89964890524357], [150.7838224854661, -33.89964890524357], [150.7838224854661, -33.89959814414438], [150.7833148744741, -33.89959814414438], [150.7833148744741, -33.899547383045174], [150.78311183007727, -33.899547383045174], [150.78311183007727, -33.89949662194598], [150.7828580245813, -33.89949662194598], [150.7828580245813, -33.899445860846775], [150.7826042190853, -33.899445860846775], [150.7826042190853, -33.89939509974758], [150.7821473691925, -33.89939509974758], [150.7821473691925, -33.899344338648376], [150.7818428025973, -33.899344338648376], [150.7818428025973, -33.89929357754918], [150.7812844305061, -33.89929357754918], [150.7812844305061, -33.89924281644998], [150.78103062501012, -33.89924281644998], [150.78103062501012, -33.89919205535078], [150.78072605841493, -33.89919205535078], [150.78072605841493, -33.89914129425158], [150.78057377511732, -33.89914129425158], [150.78057377511732, -33.89909053315238], [150.78031996962133, -33.89909053315238], [150.78031996962133, -33.899039772053186], [150.78026920852213, -33.899039772053186], [150.78026920852213, -33.89909053315238], [150.78011692522452, -33.89909053315238], [150.78011692522452, -33.899039772053186], [150.77981235862933, -33.899039772053186], [150.77981235862933, -33.89898901095398], [150.77930474763733, -33.89898901095398], [150.77930474763733, -33.89893824985479], [150.77905094214134, -33.89893824985479], [150.77905094214134, -33.898887488755584], [150.77869561444695, -33.898887488755584], [150.77869561444695, -33.89883672765639], [150.77859409224854, -33.89883672765639], [150.77859409224854, -33.898785966557185], [150.77813724235574, -33.898785966557185], [150.77813724235574, -33.89873520545799], [150.77788343685975, -33.89873520545799], [150.77788343685975, -33.898684444358786], [150.77732506476858, -33.898684444358786], [150.77732506476858, -33.89863368325959], [150.77707125927256, -33.89863368325959], [150.77707125927256, -33.89858292216039], [150.77666517047896, -33.89858292216039], [150.77666517047896, -33.89853216106119], [150.77651288718138, -33.89853216106119], [150.77651288718138, -33.89848139996199], [150.77625908168537, -33.89848139996199], [150.77625908168537, -33.89843063886279], [150.77600527618938, -33.89843063886279], [150.77600527618938, -33.89837987776359], [150.77554842629658, -33.89837987776359], [150.77554842629658, -33.89832911666439], [150.7752946208006, -33.89832911666439], [150.7752946208006, -33.898278355565196], [150.7748377709078, -33.898278355565196], [150.7748377709078, -33.89822759446599], [150.7745839654118, -33.89822759446599], [150.7745839654118, -33.8981768333668], [150.77427939881662, -33.8981768333668], [150.77427939881662, -33.898126072267594], [150.7741778766182, -33.898126072267594], [150.7741778766182, -33.8980753111684], [150.77377178782461, -33.8980753111684], [150.77377178782461, -33.898024550069195], [150.77351798232863, -33.898024550069195], [150.77351798232863, -33.89797378897], [150.77306113243583, -33.89797378897], [150.77306113243583, -33.897923027870796], [150.7728073269398, -33.897923027870796], [150.7728073269398, -33.8978722667716], [150.77235047704704, -33.8978722667716], [150.77235047704704, -33.8978215056724], [150.77224895484864, -33.8978215056724], [150.77224895484864, -33.8977707445732], [150.77199514935265, -33.8977707445732], [150.77199514935265, -33.897719983474], [150.77174134385663, -33.897719983474], [150.77174134385663, -33.8976692223748], [150.77128449396383, -33.8976692223748], [150.77128449396383, -33.8976184612756], [150.77103068846785, -33.8976184612756], [150.77103068846785, -33.8975677001764], [150.77057383857505, -33.8975677001764], [150.77057383857505, -33.8975169390772], [150.77032003307906, -33.8975169390772], [150.77032003307906, -33.897466177978], [150.77001546648387, -33.897466177978], [150.77001546648387, -33.89741541687881], [150.76991394428546, -33.89741541687881], [150.76991394428546, -33.897364655779604], [150.76966013878948, -33.897364655779604], [150.76966013878948, -33.89731389468041], [150.76925404999588, -33.89731389468041], [150.76925404999588, -33.897263133581205], [150.76879720010308, -33.897263133581205], [150.76879720010308, -33.89721237248201], [150.7685433946071, -33.89721237248201], [150.7685433946071, -33.897161611382806], [150.7680865447143, -33.897161611382806], [150.7680865447143, -33.89711085028361], [150.76788350031748, -33.89711085028361], [150.76788350031748, -33.89706008918441], [150.7676804559207, -33.89706008918441], [150.7676804559207, -33.89700932808521], [150.76747741152388, -33.89700932808521], [150.76747741152388, -33.89695856698601], [150.7670205616311, -33.89695856698601], [150.7670205616311, -33.89690780588681], [150.7667667561351, -33.89690780588681], [150.7667667561351, -33.89685704478761], [150.7663099062423, -33.89685704478761], [150.7663099062423, -33.89680628368841], [150.7660561007463, -33.89680628368841], [150.7660561007463, -33.89675552258921], [150.76580229525032, -33.89675552258921], [150.76580229525032, -33.896704761490014], [150.76570077305192, -33.896704761490014], [150.76570077305192, -33.89665400039081], [150.76524392315912, -33.89665400039081], [150.76524392315912, -33.896603239291615], [150.76499011766313, -33.896603239291615], [150.76499011766313, -33.89655247819242], [150.76453326777033, -33.89655247819242], [150.76453326777033, -33.896501717093216], [150.76427946227435, -33.896501717093216], [150.76427946227435, -33.89645095599402], [150.76387337348075, -33.89645095599402], [150.76387337348075, -33.89640019489482], [150.76377185128234, -33.89640019489482], [150.76377185128234, -33.89634943379562], [150.76346728468715, -33.89634943379562], [150.76346728468715, -33.89629867269642], [150.76321347919114, -33.89629867269642], [150.76321347919114, -33.89624791159722], [150.76275662929837, -33.89624791159722], [150.76275662929837, -33.89619715049802], [150.76250282380235, -33.89619715049802], [150.76250282380235, -33.89614638939882], [150.76204597390958, -33.89614638939882], [150.76204597390958, -33.89609562829962], [150.76189369061197, -33.89609562829962], [150.76189369061197, -33.89604486720042], [150.76163988511598, -33.89604486720042], [150.76163988511598, -33.89599410610122], [150.76148760181837, -33.89599410610122], [150.76148760181837, -33.895943345002024], [150.76097999082637, -33.895943345002024], [150.76097999082637, -33.89589258390282], [150.76072618533038, -33.89589258390282], [150.76072618533038, -33.895841822803625], [150.76026933543758, -33.895841822803625], [150.76026933543758, -33.89579106170443], [150.7600662910408, -33.89579106170443], [150.7600662910408, -33.895740300605226], [150.75981248554478, -33.895740300605226], [150.75981248554478, -33.89568953950603], [150.7596602022472, -33.89568953950603], [150.7596602022472, -33.89563877840683], [150.7592033523544, -33.89563877840683], [150.7592033523544, -33.89558801730763], [150.75894954685842, -33.89558801730763], [150.75894954685842, -33.89553725620843], [150.75859421916402, -33.89553725620843], [150.75859421916402, -33.89548649510923], [150.75844193586641, -33.89548649510923], [150.75844193586641, -33.89543573401003], [150.75798508597362, -33.89543573401003], [150.75798508597362, -33.89538497291083], [150.75778204157683, -33.89538497291083], [150.75778204157683, -33.89543573401003], [150.75773128047763, -33.89543573401003], [150.75773128047763, -33.89553725620843], [150.75768051937843, -33.89553725620843], [150.75768051937843, -33.89558801730763], [150.75762975827922, -33.89558801730763], [150.75762975827922, -33.89563877840683], [150.75757899718002, -33.89563877840683], [150.75757899718002, -33.89568953950603], [150.75752823608082, -33.89568953950603], [150.75752823608082, -33.895740300605226], [150.7574774749816, -33.895740300605226], [150.7574774749816, -33.895841822803625], [150.75737595278324, -33.895841822803625], [150.75737595278324, -33.89589258390282], [150.75732519168403, -33.89589258390282], [150.75732519168403, -33.895943345002024], [150.75727443058483, -33.895943345002024], [150.75727443058483, -33.89599410610122], [150.75722366948563, -33.89599410610122], [150.75722366948563, -33.89604486720042], [150.75717290838642, -33.89604486720042], [150.75717290838642, -33.89609562829962], [150.75712214728722, -33.89609562829962], [150.75712214728722, -33.89619715049802], [150.75707138618804, -33.89619715049802], [150.75707138618804, -33.89624791159722], [150.75702062508884, -33.89624791159722], [150.75702062508884, -33.89629867269642], [150.75696986398964, -33.89629867269642], [150.75696986398964, -33.89634943379562], [150.75691910289044, -33.89634943379562], [150.75691910289044, -33.89640019489482], [150.75686834179123, -33.89640019489482], [150.75686834179123, -33.89645095599402], [150.75681758069203, -33.89645095599402], [150.75681758069203, -33.896501717093216], [150.75676681959283, -33.896501717093216], [150.75676681959283, -33.89655247819242], [150.75671605849362, -33.89655247819242], [150.75671605849362, -33.896603239291615], [150.75666529739445, -33.896603239291615], [150.75666529739445, -33.89665400039081], [150.75661453629525, -33.89665400039081], [150.75661453629525, -33.89675552258921], [150.75651301409684, -33.89675552258921], [150.75651301409684, -33.89680628368841], [150.75646225299764, -33.89680628368841], [150.75646225299764, -33.89685704478761], [150.75641149189843, -33.89685704478761], [150.75641149189843, -33.89690780588681], [150.75636073079923, -33.89690780588681], [150.75636073079923, -33.89695856698601], [150.75630996970006, -33.89695856698601], [150.75630996970006, -33.89700932808521], [150.75625920860085, -33.89700932808521], [150.75625920860085, -33.89706008918441], [150.75620844750165, -33.89706008918441], [150.75620844750165, -33.89711085028361], [150.75615768640245, -33.89711085028361], [150.75615768640245, -33.897161611382806], [150.75610692530324, -33.897161611382806], [150.75610692530324, -33.89721237248201], [150.75605616420404, -33.89721237248201], [150.75605616420404, -33.897263133581205], [150.75600540310484, -33.897263133581205], [150.75600540310484, -33.89731389468041], [150.75595464200563, -33.89731389468041], [150.75595464200563, -33.897364655779604], [150.75590388090646, -33.897364655779604], [150.75590388090646, -33.89741541687881], [150.75585311980726, -33.89741541687881], [150.75585311980726, -33.897466177978], [150.75575159760885, -33.897466177978], [150.75575159760885, -33.8975169390772], [150.75570083650965, -33.8975169390772], [150.75570083650965, -33.8975677001764], [150.75565007541044, -33.8975677001764], [150.75565007541044, -33.8976184612756], [150.75559931431124, -33.8976184612756], [150.75559931431124, -33.8976692223748], [150.75554855321207, -33.8976692223748], [150.75554855321207, -33.897719983474], [150.75544703101366, -33.897719983474], [150.75544703101366, -33.8978215056724], [150.75539626991446, -33.8978215056724], [150.75539626991446, -33.8978722667716], [150.75529474771605, -33.8978722667716], [150.75529474771605, -33.897923027870796], [150.75524398661685, -33.897923027870796], [150.75524398661685, -33.89797378897], [150.75519322551764, -33.89797378897], [150.75519322551764, -33.898024550069195], [150.75514246441847, -33.898024550069195], [150.75514246441847, -33.8980753111684], [150.75509170331927, -33.8980753111684], [150.75509170331927, -33.898126072267594], [150.75504094222006, -33.898126072267594], [150.75504094222006, -33.8981768333668], [150.75499018112086, -33.8981768333668], [150.75499018112086, -33.89822759446599], [150.75493942002166, -33.89822759446599], [150.75493942002166, -33.898278355565196], [150.75488865892245, -33.898278355565196], [150.75488865892245, -33.89832911666439], [150.75483789782325, -33.89832911666439], [150.75483789782325, -33.89837987776359], [150.75473637562487, -33.89837987776359], [150.75473637562487, -33.89843063886279], [150.75468561452567, -33.89843063886279], [150.75468561452567, -33.89848139996199], [150.75463485342647, -33.89848139996199], [150.75463485342647, -33.89853216106119], [150.75458409232726, -33.89853216106119], [150.75458409232726, -33.89858292216039], [150.75448257012886, -33.89858292216039], [150.75448257012886, -33.89863368325959], [150.75443180902965, -33.89863368325959], [150.75443180902965, -33.898684444358786], [150.75438104793048, -33.898684444358786], [150.75438104793048, -33.89873520545799], [150.75433028683128, -33.89873520545799], [150.75433028683128, -33.898785966557185], [150.75427952573207, -33.898785966557185], [150.75427952573207, -33.89883672765639], [150.75422876463287, -33.89883672765639], [150.75422876463287, -33.898887488755584], [150.75417800353367, -33.898887488755584], [150.75417800353367, -33.89893824985479], [150.75412724243446, -33.89893824985479], [150.75412724243446, -33.89898901095398], [150.7540257202361, -33.89898901095398], [150.7540257202361, -33.899039772053186], [150.75397495913688, -33.899039772053186], [150.75397495913688, -33.89909053315238], [150.75392419803768, -33.89909053315238], [150.75392419803768, -33.89914129425158], [150.75387343693848, -33.89914129425158], [150.75387343693848, -33.89919205535078], [150.75382267583927, -33.89919205535078], [150.75382267583927, -33.89924281644998], [150.75372115364087, -33.89924281644998], [150.75372115364087, -33.89929357754918], [150.75367039254166, -33.89929357754918], [150.75367039254166, -33.899344338648376], [150.7536196314425, -33.899344338648376], [150.7536196314425, -33.89939509974758], [150.7535688703433, -33.89939509974758], [150.7535688703433, -33.899445860846775], [150.75351810924408, -33.899445860846775], [150.75351810924408, -33.89949662194598], [150.75346734814488, -33.89949662194598], [150.75346734814488, -33.899547383045174], [150.75341658704568, -33.899547383045174], [150.75341658704568, -33.89959814414438], [150.75336582594647, -33.89959814414438], [150.75336582594647, -33.89964890524357], [150.75331506484727, -33.89964890524357], [150.75331506484727, -33.89969966634278], [150.7532135426489, -33.89969966634278], [150.7532135426489, -33.89975042744197], [150.7531120204505, -33.89975042744197], [150.7531120204505, -33.89985194964037], [150.75306125935128, -33.89985194964037], [150.75306125935128, -33.899902710739575], [150.75295973715288, -33.899902710739575], [150.75295973715288, -33.89995347183877], [150.75290897605367, -33.89995347183877], [150.75290897605367, -33.90000423293797], [150.7528582149545, -33.90000423293797], [150.7528582149545, -33.90005499403717], [150.7528074538553, -33.90005499403717], [150.7528074538553, -33.900105755136366], [150.7527566927561, -33.900105755136366], [150.7527566927561, -33.90015651623557], [150.7526551705577, -33.90015651623557], [150.7526551705577, -33.90025803843397], [150.75260440945848, -33.90025803843397], [150.75260440945848, -33.900308799533164], [150.75250288726008, -33.900308799533164], [150.75250288726008, -33.90035956063237], [150.7524521261609, -33.90035956063237], [150.7524521261609, -33.90041032173156], [150.7524013650617, -33.90041032173156], [150.7524013650617, -33.900461082830766], [150.7523506039625, -33.900461082830766], [150.7523506039625, -33.90051184392996], [150.7522490817641, -33.90051184392996], [150.7522490817641, -33.900562605029165], [150.7521983206649, -33.900562605029165], [150.7521983206649, -33.90061336612836], [150.75214755956569, -33.90061336612836], [150.75214755956569, -33.900664127227564], [150.7520967984665, -33.900664127227564], [150.7520967984665, -33.90071488832676], [150.7520460373673, -33.90071488832676], [150.7520460373673, -33.900765649425956], [150.7519445151689, -33.900765649425956], [150.7519445151689, -33.90081641052516], [150.7518937540697, -33.90081641052516], [150.7518937540697, -33.900867171624355], [150.7518429929705, -33.900867171624355], [150.7518429929705, -33.900968693822755], [150.7517414707721, -33.900968693822755], [150.7517414707721, -33.90101945492196], [150.7516399485737, -33.90101945492196], [150.7516399485737, -33.90112097712036], [150.7515891874745, -33.90112097712036], [150.7515891874745, -33.90117173821955], [150.7515384263753, -33.90117173821955], [150.7515384263753, -33.901222499318756], [150.7514369041769, -33.901222499318756], [150.7514369041769, -33.90127326041795], [150.7513861430777, -33.90127326041795], [150.7513861430777, -33.901324021517155], [150.75133538197852, -33.901324021517155], [150.75133538197852, -33.90137478261635], [150.75128462087932, -33.90137478261635], [150.75128462087932, -33.901425543715554], [150.7511830986809, -33.901425543715554], [150.7511830986809, -33.90147630481475], [150.7511323375817, -33.90147630481475], [150.7511323375817, -33.90152706591395], [150.7510815764825, -33.90152706591395], [150.7510815764825, -33.90157782701315], [150.7510308153833, -33.90157782701315], [150.7510308153833, -33.901628588112345], [150.75092929318492, -33.901628588112345], [150.75092929318492, -33.901730110310744], [150.75087853208572, -33.901730110310744], [150.75087853208572, -33.90178087140995], [150.75082777098652, -33.90178087140995], [150.75082777098652, -33.90183163250914], [150.7507262487881, -33.90183163250914], [150.7507262487881, -33.901882393608346], [150.7506754876889, -33.901882393608346], [150.7506754876889, -33.90193315470754], [150.7506247265897, -33.90193315470754], [150.7506247265897, -33.901983915806746], [150.75057396549053, -33.901983915806746], [150.75057396549053, -33.90203467690594], [150.75052320439133, -33.90203467690594], [150.75052320439133, -33.902085438005145], [150.75042168219292, -33.902085438005145], [150.75042168219292, -33.90213619910434], [150.75037092109372, -33.90213619910434], [150.75037092109372, -33.902186960203544], [150.75032015999452, -33.902186960203544], [150.75032015999452, -33.90223772130274], [150.7502693988953, -33.90223772130274], [150.7502693988953, -33.90228848240194], [150.7502186377961, -33.90228848240194], [150.7502186377961, -33.90233924350114], [150.75011711559773, -33.90233924350114], [150.75011711559773, -33.90244076569954], [150.75001559339933, -33.90244076569954], [150.75001559339933, -33.902491526798734], [150.74996483230012, -33.902491526798734], [150.74996483230012, -33.90254228789794], [150.74986331010172, -33.90254228789794], [150.74986331010172, -33.90259304899713], [150.74981254900254, -33.90259304899713], [150.74981254900254, -33.90269457119553], [150.74976178790334, -33.90269457119553], [150.74976178790334, -33.902745332294735], [150.74966026570493, -33.902745332294735], [150.74966026570493, -33.90279609339393], [150.74960950460573, -33.90279609339393], [150.74960950460573, -33.902846854493134], [150.74955874350653, -33.902846854493134], [150.74955874350653, -33.90289761559233], [150.74950798240732, -33.90289761559233], [150.74950798240732, -33.90294837669153], [150.74940646020895, -33.90294837669153], [150.74940646020895, -33.90304989888993], [150.74930493801054, -33.90304989888993], [150.74930493801054, -33.90310065998913], [150.74925417691134, -33.90310065998913], [150.74925417691134, -33.90315142108833], [150.74920341581213, -33.90315142108833], [150.74920341581213, -33.90320218218753], [150.74915265471293, -33.90320218218753], [150.74915265471293, -33.903252943286724], [150.74910189361373, -33.903252943286724], [150.74910189361373, -33.90330370438593], [150.74905113251455, -33.90330370438593], [150.74905113251455, -33.90335446548512], [150.74900037141535, -33.90335446548512], [150.74900037141535, -33.903405226584326], [150.74889884921694, -33.903405226584326], [150.74889884921694, -33.90345598768352], [150.74884808811774, -33.90345598768352], [150.74884808811774, -33.903506748782725], [150.74879732701854, -33.903506748782725], [150.74879732701854, -33.90355750988192], [150.74869580482013, -33.90355750988192], [150.74869580482013, -33.903608270981124], [150.74864504372096, -33.903608270981124], [150.74864504372096, -33.90365903208032], [150.74859428262175, -33.90365903208032], [150.74859428262175, -33.90370979317952], [150.74854352152255, -33.90370979317952], [150.74854352152255, -33.90376055427872], [150.74849276042335, -33.90376055427872], [150.74849276042335, -33.90381131537792], [150.74839123822494, -33.90381131537792], [150.74839123822494, -33.90386207647712], [150.74828971602656, -33.90386207647712], [150.74828971602656, -33.90391283757632], [150.74823895492736, -33.90391283757632], [150.74823895492736, -33.90396359867552], [150.74818819382816, -33.90396359867552], [150.74818819382816, -33.90401435977472], [150.74813743272895, -33.90401435977472], [150.74813743272895, -33.904065120873916], [150.74803591053055, -33.904065120873916], [150.74803591053055, -33.90411588197311], [150.74798514943134, -33.90411588197311], [150.74798514943134, -33.904166643072315], [150.74793438833214, -33.904166643072315], [150.74793438833214, -33.90421740417151], [150.74778210503456, -33.90421740417151], [150.74778210503456, -33.904268165270715], [150.74762982173695, -33.904268165270715], [150.74762982173695, -33.90431892636991], [150.74757906063775, -33.90431892636991], [150.74757906063775, -33.904369687469114], [150.74742677734017, -33.904369687469114], [150.74742677734017, -33.90442044856831], [150.74732525514176, -33.90442044856831], [150.74732525514176, -33.90447120966751], [150.74727449404256, -33.90447120966751], [150.74727449404256, -33.90452197076671], [150.74717297184415, -33.90452197076671], [150.74717297184415, -33.90457273186591], [150.74696992744737, -33.90457273186591], [150.74696992744737, -33.90462349296511], [150.74691916634816, -33.90462349296511], [150.74691916634816, -33.90467425406431], [150.74681764414976, -33.90467425406431], [150.74681764414976, -33.90472501516351], [150.74676688305055, -33.90472501516351], [150.74676688305055, -33.90477577626271], [150.74656383865377, -33.90477577626271], [150.74656383865377, -33.904826537361906], [150.74646231645536, -33.904826537361906], [150.74646231645536, -33.9048772984611], [150.74620851095938, -33.9048772984611], [150.74620851095938, -33.904928059560305], [150.74610698876097, -33.904928059560305], [150.74610698876097, -33.9049788206595], [150.7459039443642, -33.9049788206595], [150.7459039443642, -33.905029581758704], [150.74565013886817, -33.905029581758704], [150.74565013886817, -33.9050803428579], [150.74534557227298, -33.9050803428579], [150.74534557227298, -33.9051311039571], [150.7451932889754, -33.9051311039571], [150.7451932889754, -33.9051818650563], [150.7446349168842, -33.9051818650563], [150.7446349168842, -33.9052326261555], [150.7444318724874, -33.9052326261555], [150.7444318724874, -33.9052833872547], [150.7442288280906, -33.9052833872547], [150.7442288280906, -33.9052326261555], [150.7441273058922, -33.9052326261555], [150.7441273058922, -33.9052833872547], [150.74275675621382, -33.9052833872547], [150.74275675621382, -33.9052326261555], [150.74265523401542, -33.9052326261555], [150.74265523401542, -33.9051818650563], [150.74184305642822, -33.9051818650563], [150.74184305642822, -33.9051311039571], [150.74169077313064, -33.9051311039571], [150.74169077313064, -33.9050803428579], [150.74143696763463, -33.9050803428579], [150.74143696763463, -33.905029581758704], [150.74123392323784, -33.905029581758704], [150.74123392323784, -33.9049788206595], [150.74098011774186, -33.9049788206595], [150.74098011774186, -33.904928059560305], [150.74072631224584, -33.904928059560305], [150.74072631224584, -33.9048772984611], [150.74042174565065, -33.9048772984611], [150.74042174565065, -33.904826537361906], [150.74021870125387, -33.904826537361906], [150.74021870125387, -33.90477577626271], [150.73991413465865, -33.90477577626271], [150.73991413465865, -33.90472501516351], [150.73971109026186, -33.90472501516351], [150.73971109026186, -33.90467425406431], [150.73935576256747, -33.90467425406431], [150.73935576256747, -33.90462349296511], [150.73910195707148, -33.90462349296511], [150.73910195707148, -33.90457273186591], [150.73879739047626, -33.90457273186591], [150.73879739047626, -33.90452197076671], [150.73859434607948, -33.90452197076671], [150.73859434607948, -33.90447120966751], [150.7382390183851, -33.90447120966751], [150.7382390183851, -33.90442044856831], [150.73798521288907, -33.90442044856831], [150.73798521288907, -33.904369687469114], [150.7369699909051, -33.904369687469114], [150.7369699909051, -33.90431892636991], [150.7368684687067, -33.90431892636991], [150.7368684687067, -33.904369687469114], [150.7360562911195, -33.904369687469114], [150.7360562911195, -33.90442044856831], [150.73565020232593, -33.90442044856831], [150.73565020232593, -33.90447120966751], [150.73509183023472, -33.90447120966751], [150.73509183023472, -33.90452197076671], [150.73468574144113, -33.90452197076671], [150.73468574144113, -33.90457273186591], [150.73412736934995, -33.90457273186591], [150.73412736934995, -33.90462349296511], [150.73372128055635, -33.90462349296511], [150.73372128055635, -33.90467425406431], [150.73321366956435, -33.90467425406431], [150.73321366956435, -33.90472501516351], [150.73285834186996, -33.90472501516351], [150.73285834186996, -33.90477577626271], [150.73240149197716, -33.90477577626271], [150.73240149197716, -33.904826537361906], [150.73204616428276, -33.904826537361906], [150.73204616428276, -33.9048772984611], [150.73179235878678, -33.9048772984611], [150.73179235878678, -33.904928059560305], [150.73158931438996, -33.904928059560305], [150.73158931438996, -33.9049788206595], [150.73128474779477, -33.9049788206595], [150.73128474779477, -33.905029581758704], [150.73108170339796, -33.905029581758704], [150.73108170339796, -33.9050803428579], [150.73087865900118, -33.9050803428579], [150.73087865900118, -33.9051311039571], [150.7306756146044, -33.9051311039571], [150.7306756146044, -33.9051818650563], [150.73047257020758, -33.9051818650563], [150.73047257020758, -33.9052326261555], [150.7302187647116, -33.9052326261555], [150.7302187647116, -33.9052833872547], [150.73001572031478, -33.9052833872547], [150.73001572031478, -33.9053341483539], [150.7298634370172, -33.9053341483539], [150.7298634370172, -33.9053849094531], [150.72960963152119, -33.9053849094531], [150.72960963152119, -33.9054356705523], [150.7294065871244, -33.9054356705523], [150.7294065871244, -33.9054864316515], [150.7291020205292, -33.9054864316515], [150.7291020205292, -33.9055371927507], [150.7289497372316, -33.9055371927507], [150.7289497372316, -33.905587953849896], [150.72874669283482, -33.905587953849896], [150.72874669283482, -33.9056387149491], [150.7285944095372, -33.9056387149491], [150.7285944095372, -33.905689476048295], [150.72834060404122, -33.905689476048295], [150.72834060404122, -33.90574023714749], [150.7281883207436, -33.90574023714749], [150.7281883207436, -33.905790998246694], [150.72793451524763, -33.905790998246694], [150.72793451524763, -33.90584175934589], [150.7276807097516, -33.90584175934589], [150.7276807097516, -33.90589252044509], [150.72737614315642, -33.90589252044509], [150.72737614315642, -33.90594328154429], [150.72722385985884, -33.90594328154429], [150.72722385985884, -33.90599404264349], [150.72697005436282, -33.90599404264349], [150.72697005436282, -33.90604480374269], [150.72676700996604, -33.90604480374269], [150.72676700996604, -33.90609556484189], [150.72646244337085, -33.90609556484189], [150.72646244337085, -33.90614632594109], [150.72625939897404, -33.90614632594109], [150.72625939897404, -33.90619708704029], [150.72600559347805, -33.90619708704029], [150.72600559347805, -33.906247848139486], [150.72580254908124, -33.906247848139486], [150.72580254908124, -33.90629860923869], [150.72554874358525, -33.90629860923869], [150.72554874358525, -33.906349370337885], [150.72539646028764, -33.906349370337885], [150.72539646028764, -33.90640013143709], [150.72514265479165, -33.90640013143709], [150.72514265479165, -33.906450892536284], [150.72488884929567, -33.906450892536284], [150.72488884929567, -33.90650165363548], [150.72463504379965, -33.90650165363548], [150.72463504379965, -33.90655241473468], [150.72448276050207, -33.90655241473468], [150.72448276050207, -33.90660317583388], [150.72422895500605, -33.90660317583388], [150.72422895500605, -33.90665393693308], [150.72402591060927, -33.90665393693308], [150.72402591060927, -33.90670469803228], [150.72377210511328, -33.90670469803228], [150.72377210511328, -33.90675545913148], [150.72361982181567, -33.90675545913148], [150.72361982181567, -33.90680622023068], [150.7233660163197, -33.90680622023068], [150.7233660163197, -33.90685698132988], [150.72316297192287, -33.90685698132988], [150.72316297192287, -33.90690774242908], [150.7229599275261, -33.90690774242908], [150.7229599275261, -33.90695850352828], [150.72275688312928, -33.90695850352828], [150.72275688312928, -33.907009264627476], [150.7225030776333, -33.907009264627476], [150.7225030776333, -33.90706002572668], [150.72235079433568, -33.90706002572668], [150.72235079433568, -33.907110786825875], [150.7220462277405, -33.907110786825875], [150.7220462277405, -33.90716154792508], [150.7217924222445, -33.90716154792508], [150.7217924222445, -33.907212309024274], [150.7216909000461, -33.907212309024274], [150.7216909000461, -33.90726307012348], [150.7215386167485, -33.90726307012348], [150.7215386167485, -33.90731383122267], [150.7212848112525, -33.90731383122267], [150.7212848112525, -33.90736459232187], [150.72113252795492, -33.90736459232187], [150.72113252795492, -33.90741535342107], [150.72103100575652, -33.90741535342107], [150.72103100575652, -33.90746611452027], [150.7209294835581, -33.90746611452027], [150.7209294835581, -33.90751687561947], [150.72072643916133, -33.90751687561947], [150.72072643916133, -33.90756763671867], [150.72062491696292, -33.90756763671867], [150.72062491696292, -33.90761839781787], [150.7204218725661, -33.90761839781787], [150.7204218725661, -33.90766915891707], [150.72032035036773, -33.90766915891707], [150.72032035036773, -33.90771992001627], [150.72021882816932, -33.90771992001627], [150.72021882816932, -33.907770681115466], [150.72011730597092, -33.907770681115466], [150.72011730597092, -33.90782144221467], [150.71996502267334, -33.90782144221467], [150.71996502267334, -33.907872203313865], [150.71991426157413, -33.907872203313865], [150.71991426157413, -33.90792296441307], [150.71976197827652, -33.90792296441307], [150.71976197827652, -33.907973725512264], [150.71971121717732, -33.907973725512264], [150.71971121717732, -33.90802448661147], [150.7196096949789, -33.90802448661147], [150.7196096949789, -33.90807524771066], [150.71950817278054, -33.90807524771066], [150.71950817278054, -33.908126008809866], [150.71940665058213, -33.908126008809866], [150.71940665058213, -33.90817676990906], [150.71935588948293, -33.90817676990906], [150.71935588948293, -33.90822753100826], [150.71920360618535, -33.90822753100826], [150.71920360618535, -33.90827829210746], [150.71915284508614, -33.90827829210746], [150.71915284508614, -33.90832905320666], [150.71905132288774, -33.90832905320666], [150.71905132288774, -33.90837981430586], [150.71894980068933, -33.90837981430586], [150.71894980068933, -33.908430575405056], [150.71884827849092, -33.908430575405056], [150.71884827849092, -33.90848133650426], [150.71879751739175, -33.90848133650426], [150.71879751739175, -33.908532097603455], [150.71874675629255, -33.908532097603455], [150.71874675629255, -33.90858285870266], [150.71869599519334, -33.90858285870266], [150.71869599519334, -33.908633619801854], [150.71859447299494, -33.908633619801854], [150.71859447299494, -33.90868438090106], [150.71849295079653, -33.90868438090106], [150.71849295079653, -33.90873514200025], [150.71844218969736, -33.90873514200025], [150.71844218969736, -33.90878590309946], [150.71839142859815, -33.90878590309946], [150.71839142859815, -33.90883666419865], [150.71834066749895, -33.90883666419865], [150.71834066749895, -33.908887425297856], [150.71823914530054, -33.908887425297856], [150.71823914530054, -33.90893818639705], [150.71818838420134, -33.90893818639705], [150.71818838420134, -33.90898894749625], [150.71813762310214, -33.90898894749625], [150.71813762310214, -33.90903970859545], [150.71808686200293, -33.90903970859545], [150.71808686200293, -33.90909046969465], [150.71803610090376, -33.90909046969465], [150.71803610090376, -33.90914123079385], [150.71798533980456, -33.90914123079385], [150.71798533980456, -33.909191991893046], [150.71793457870535, -33.909191991893046], [150.71793457870535, -33.90924275299225], [150.71788381760615, -33.90924275299225], [150.71788381760615, -33.909293514091445], [150.71783305650695, -33.909293514091445], [150.71783305650695, -33.90934427519065], [150.71778229540774, -33.90934427519065], [150.71778229540774, -33.909395036289844], [150.71773153430854, -33.909395036289844], [150.71773153430854, -33.90944579738905], [150.71768077320937, -33.90944579738905], [150.71768077320937, -33.90949655848824], [150.71763001211016, -33.90949655848824], [150.71763001211016, -33.909547319587446], [150.71757925101096, -33.909547319587446], [150.71757925101096, -33.90959808068664], [150.71752848991176, -33.90959808068664], [150.71752848991176, -33.909648841785845], [150.71747772881255, -33.909648841785845], [150.71747772881255, -33.90969960288504], [150.71742696771335, -33.90969960288504], [150.71742696771335, -33.909750363984244], [150.71737620661415, -33.909750363984244], [150.71737620661415, -33.909851886182636], [150.71732544551494, -33.909851886182636], [150.71732544551494, -33.90990264728184], [150.71722392331657, -33.90990264728184], [150.71722392331657, -33.909953408381035], [150.71717316221736, -33.909953408381035], [150.71717316221736, -33.91000416948024], [150.71712240111816, -33.91000416948024], [150.71712240111816, -33.91010569167864], [150.71707164001896, -33.91010569167864], [150.71707164001896, -33.910156452777834], [150.71702087891975, -33.910156452777834], [150.71702087891975, -33.91025797497623], [150.71697011782055, -33.91025797497623], [150.71697011782055, -33.910308736075436], [150.71691935672138, -33.910308736075436], [150.71691935672138, -33.910410258273835], [150.71686859562217, -33.910410258273835], [150.71686859562217, -33.91046101937303], [150.71681783452297, -33.91046101937303], [150.71681783452297, -33.910511780472234], [150.71676707342377, -33.910511780472234], [150.71676707342377, -33.910613302670626], [150.71671631232456, -33.910613302670626], [150.71671631232456, -33.910714824869025], [150.71666555122536, -33.910714824869025], [150.71666555122536, -33.910816347067424], [150.71661479012616, -33.910816347067424], [150.71661479012616, -33.91091786926582], [150.71656402902696, -33.91091786926582], [150.71656402902696, -33.910968630365026], [150.71651326792778, -33.910968630365026], [150.71651326792778, -33.911070152563425], [150.71646250682858, -33.911070152563425], [150.71646250682858, -33.911171674761825], [150.71641174572937, -33.911171674761825], [150.71641174572937, -33.911273196960224], [150.71636098463017, -33.911273196960224], [150.71636098463017, -33.91137471915862], [150.71631022353097, -33.91137471915862], [150.71631022353097, -33.91142548025782], [150.71625946243176, -33.91142548025782], [150.71625946243176, -33.911577763555414], [150.71620870133256, -33.911577763555414], [150.71620870133256, -33.91167928575381], [150.7161579402334, -33.91167928575381], [150.7161579402334, -33.911831569051415], [150.71610717913418, -33.911831569051415], [150.71610717913418, -33.91203461344821], [150.71605641803498, -33.91203461344821], [150.71605641803498, -33.91213613564661], [150.71600565693578, -33.91213613564661], [150.71600565693578, -33.91223765784501], [150.71580261253897, -33.91223765784501], [150.71580261253897, -33.91228841894421], [150.7157010903406, -33.91228841894421], [150.7157010903406, -33.91223765784501], [150.71565032924138, -33.91223765784501], [150.71565032924138, -33.91218689674581], [150.71559956814218, -33.91218689674581], [150.71559956814218, -33.91198385234901], [150.71565032924138, -33.91198385234901], [150.71565032924138, -33.91188233015061], [150.7157010903406, -33.91188233015061], [150.7157010903406, -33.911730046853016], [150.7157518514398, -33.911730046853016], [150.7157518514398, -33.911577763555414], [150.71580261253897, -33.911577763555414], [150.71580261253897, -33.91142548025782], [150.71585337363817, -33.91142548025782], [150.71585337363817, -33.91132395805942], [150.71590413473737, -33.91132395805942], [150.71590413473737, -33.91122243586102], [150.71595489583657, -33.91122243586102], [150.71595489583657, -33.911070152563425], [150.71600565693578, -33.911070152563425], [150.71600565693578, -33.910968630365026], [150.71610717913418, -33.910968630365026], [150.71610717913418, -33.910816347067424], [150.7161579402334, -33.910816347067424], [150.7161579402334, -33.910714824869025], [150.71620870133256, -33.910714824869025], [150.71620870133256, -33.910613302670626], [150.71625946243176, -33.910613302670626], [150.71625946243176, -33.91056254157143], [150.71631022353097, -33.91056254157143], [150.71631022353097, -33.910511780472234], [150.71636098463017, -33.910511780472234], [150.71636098463017, -33.910410258273835], [150.71641174572937, -33.910410258273835], [150.71641174572937, -33.910308736075436], [150.71646250682858, -33.910308736075436], [150.71646250682858, -33.91025797497623], [150.71651326792778, -33.91025797497623], [150.71651326792778, -33.910156452777834], [150.71656402902696, -33.910156452777834], [150.71656402902696, -33.91010569167864], [150.71661479012616, -33.91010569167864], [150.71661479012616, -33.910054930579435], [150.71666555122536, -33.910054930579435], [150.71666555122536, -33.909953408381035], [150.71671631232456, -33.909953408381035], [150.71671631232456, -33.90990264728184], [150.71676707342377, -33.90990264728184], [150.71676707342377, -33.909851886182636], [150.71681783452297, -33.909851886182636], [150.71681783452297, -33.909750363984244], [150.71686859562217, -33.909750363984244], [150.71686859562217, -33.90969960288504], [150.71691935672138, -33.90969960288504], [150.71691935672138, -33.909648841785845], [150.71697011782055, -33.909648841785845], [150.71697011782055, -33.909547319587446], [150.71707164001896, -33.909547319587446], [150.71707164001896, -33.90949655848824], [150.71712240111816, -33.90949655848824], [150.71712240111816, -33.90944579738905], [150.71717316221736, -33.90944579738905], [150.71717316221736, -33.909395036289844], [150.71722392331657, -33.909395036289844], [150.71722392331657, -33.909293514091445], [150.71727468441577, -33.909293514091445], [150.71727468441577, -33.90924275299225], [150.71732544551494, -33.90924275299225], [150.71732544551494, -33.909191991893046], [150.71737620661415, -33.909191991893046], [150.71737620661415, -33.90914123079385], [150.71742696771335, -33.90914123079385], [150.71742696771335, -33.90909046969465], [150.71747772881255, -33.90909046969465], [150.71747772881255, -33.90903970859545], [150.71752848991176, -33.90903970859545], [150.71752848991176, -33.90898894749625], [150.71757925101096, -33.90898894749625], [150.71757925101096, -33.90893818639705], [150.71763001211016, -33.90893818639705], [150.71763001211016, -33.908887425297856], [150.71768077320937, -33.908887425297856], [150.71768077320937, -33.90883666419865], [150.71778229540774, -33.90883666419865], [150.71778229540774, -33.90878590309946], [150.71783305650695, -33.90878590309946], [150.71783305650695, -33.90873514200025], [150.71788381760615, -33.90873514200025], [150.71788381760615, -33.90868438090106], [150.71798533980456, -33.90868438090106], [150.71798533980456, -33.908633619801854], [150.71803610090376, -33.908633619801854], [150.71803610090376, -33.908532097603455], [150.71813762310214, -33.908532097603455], [150.71813762310214, -33.90848133650426], [150.71818838420134, -33.90848133650426], [150.71818838420134, -33.908430575405056], [150.71828990639975, -33.908430575405056], [150.71828990639975, -33.90837981430586], [150.71834066749895, -33.90837981430586], [150.71834066749895, -33.90832905320666], [150.71839142859815, -33.90832905320666], [150.71839142859815, -33.90827829210746], [150.71849295079653, -33.90827829210746], [150.71849295079653, -33.90822753100826], [150.71859447299494, -33.90822753100826], [150.71859447299494, -33.90817676990906], [150.71864523409414, -33.90817676990906], [150.71864523409414, -33.908126008809866], [150.71874675629255, -33.908126008809866], [150.71874675629255, -33.90807524771066], [150.71879751739175, -33.90807524771066], [150.71879751739175, -33.90802448661147], [150.71884827849092, -33.90802448661147], [150.71884827849092, -33.907973725512264], [150.71894980068933, -33.907973725512264], [150.71894980068933, -33.90792296441307], [150.71910208398694, -33.90792296441307], [150.71910208398694, -33.907872203313865], [150.71920360618535, -33.907872203313865], [150.71920360618535, -33.90782144221467], [150.71925436728452, -33.90782144221467], [150.71925436728452, -33.907770681115466], [150.71930512838372, -33.907770681115466], [150.71930512838372, -33.90771992001627], [150.71945741168133, -33.90771992001627], [150.71945741168133, -33.90766915891707], [150.71950817278054, -33.90766915891707], [150.71950817278054, -33.90761839781787], [150.7196096949789, -33.90761839781787], [150.7196096949789, -33.90756763671867], [150.71971121717732, -33.90756763671867], [150.71971121717732, -33.90751687561947], [150.71981273937573, -33.90751687561947], [150.71981273937573, -33.90746611452027], [150.71991426157413, -33.90746611452027], [150.71991426157413, -33.90741535342107], [150.7200157837725, -33.90741535342107], [150.7200157837725, -33.90736459232187], [150.72021882816932, -33.90736459232187], [150.72021882816932, -33.90731383122267], [150.72032035036773, -33.90731383122267], [150.72032035036773, -33.90726307012348], [150.72037111146693, -33.90726307012348], [150.72037111146693, -33.907212309024274], [150.72062491696292, -33.907212309024274], [150.72062491696292, -33.90716154792508], [150.72072643916133, -33.90716154792508], [150.72072643916133, -33.907110786825875], [150.7209294835581, -33.907110786825875], [150.7209294835581, -33.90706002572668], [150.72113252795492, -33.90706002572668], [150.72113252795492, -33.907009264627476], [150.7213355723517, -33.907009264627476], [150.7213355723517, -33.90695850352828], [150.7213863334509, -33.90695850352828], [150.7213863334509, -33.90690774242908], [150.7216401389469, -33.90690774242908], [150.7216401389469, -33.90685698132988], [150.7217924222445, -33.90685698132988], [150.7217924222445, -33.90680622023068], [150.7220462277405, -33.90680622023068], [150.7220462277405, -33.90675545913148], [150.7222492721373, -33.90675545913148], [150.7222492721373, -33.90670469803228], [150.7224523165341, -33.90670469803228], [150.7224523165341, -33.90665393693308], [150.7226553609309, -33.90665393693308], [150.7226553609309, -33.90660317583388], [150.7229091664269, -33.90660317583388], [150.7229091664269, -33.90655241473468], [150.72306144972447, -33.90655241473468], [150.72306144972447, -33.90650165363548], [150.72331525522048, -33.90650165363548], [150.72331525522048, -33.906450892536284], [150.72351829961727, -33.906450892536284], [150.72351829961727, -33.90640013143709], [150.72377210511328, -33.90640013143709], [150.72377210511328, -33.906349370337885], [150.72392438841086, -33.906349370337885], [150.72392438841086, -33.90629860923869], [150.72417819390688, -33.90629860923869], [150.72417819390688, -33.906247848139486], [150.72433047720446, -33.906247848139486], [150.72433047720446, -33.90619708704029], [150.72458428270045, -33.90619708704029], [150.72458428270045, -33.90614632594109], [150.72478732709726, -33.90614632594109], [150.72478732709726, -33.90609556484189], [150.72504113259325, -33.90609556484189], [150.72504113259325, -33.90604480374269], [150.72519341589086, -33.90604480374269], [150.72519341589086, -33.90599404264349], [150.72549798248605, -33.90599404264349], [150.72549798248605, -33.90594328154429], [150.72570102688286, -33.90594328154429], [150.72570102688286, -33.90589252044509], [150.72595483237885, -33.90589252044509], [150.72595483237885, -33.90584175934589], [150.72600559347805, -33.90584175934589], [150.72600559347805, -33.905689476048295], [150.72590407127964, -33.905689476048295], [150.72590407127964, -33.9056387149491], [150.72580254908124, -33.9056387149491], [150.72580254908124, -33.905587953849896], [150.72570102688286, -33.905587953849896], [150.72570102688286, -33.9055371927507], [150.72559950468445, -33.9055371927507], [150.72559950468445, -33.9054864316515], [150.72549798248605, -33.9054864316515], [150.72549798248605, -33.9054356705523], [150.72544722138684, -33.9054356705523], [150.72544722138684, -33.9053849094531], [150.72539646028764, -33.9053849094531], [150.72539646028764, -33.9053341483539], [150.72554874358525, -33.9053341483539], [150.72554874358525, -33.9053849094531], [150.72600559347805, -33.9053849094531], [150.72600559347805, -33.9054356705523], [150.72656396556923, -33.9054356705523], [150.72656396556923, -33.9054864316515], [150.727274620958, -33.9054864316515], [150.727274620958, -33.9055371927507], [150.72737614315642, -33.9055371927507], [150.72737614315642, -33.9054864316515], [150.7277314708508, -33.9054864316515], [150.7277314708508, -33.9054356705523], [150.72793451524763, -33.9054356705523], [150.72793451524763, -33.9053849094531], [150.72823908184282, -33.9053849094531], [150.72823908184282, -33.9053341483539], [150.7284928873388, -33.9053341483539], [150.7284928873388, -33.9052833872547], [150.72869593173561, -33.9052833872547], [150.72869593173561, -33.9052326261555], [150.7288482150332, -33.9052326261555], [150.7288482150332, -33.9051818650563], [150.72915278162841, -33.9051818650563], [150.72915278162841, -33.9051311039571], [150.7294065871244, -33.9051311039571], [150.7294065871244, -33.9050803428579], [150.72960963152119, -33.9050803428579], [150.72960963152119, -33.905029581758704], [150.7297619148188, -33.905029581758704], [150.7297619148188, -33.9049788206595], [150.73001572031478, -33.9049788206595], [150.73001572031478, -33.904928059560305], [150.7301680036124, -33.904928059560305], [150.7301680036124, -33.9048772984611], [150.73042180910838, -33.9048772984611], [150.73042180910838, -33.904826537361906], [150.7306248535052, -33.904826537361906], [150.7306248535052, -33.90477577626271], [150.73082789790197, -33.90477577626271], [150.73082789790197, -33.90472501516351], [150.7310309422988, -33.90472501516351], [150.7310309422988, -33.90467425406431], [150.73123398669557, -33.90467425406431], [150.73123398669557, -33.90462349296511], [150.73138626999318, -33.90462349296511], [150.73138626999318, -33.90457273186591], [150.73164007548917, -33.90457273186591], [150.73164007548917, -33.90452197076671], [150.73194464208436, -33.90452197076671], [150.73194464208436, -33.90447120966751], [150.73240149197716, -33.90447120966751], [150.73240149197716, -33.90442044856831], [150.73255377527477, -33.90442044856831], [150.73255377527477, -33.904369687469114], [150.73301062516754, -33.904369687469114], [150.73301062516754, -33.90431892636991], [150.73356899725874, -33.90431892636991], [150.73356899725874, -33.904268165270715], [150.73361975835795, -33.904268165270715], [150.73361975835795, -33.90431892636991], [150.73372128055635, -33.90431892636991], [150.73372128055635, -33.904369687469114], [150.73392432495314, -33.904369687469114], [150.73392432495314, -33.90431892636991], [150.73407660825075, -33.90431892636991], [150.73407660825075, -33.904268165270715], [150.73412736934995, -33.904268165270715], [150.73412736934995, -33.90421740417151], [150.73433041374673, -33.90421740417151], [150.73433041374673, -33.904166643072315], [150.73483802473874, -33.904166643072315], [150.73483802473874, -33.90411588197311], [150.7352948746315, -33.90411588197311], [150.7352948746315, -33.904065120873916], [150.7358532467227, -33.904065120873916], [150.7358532467227, -33.90401435977472], [150.7368684687067, -33.90401435977472], [150.7368684687067, -33.90396359867552], [150.7375791240955, -33.90396359867552], [150.7375791240955, -33.90401435977472], [150.73798521288907, -33.90401435977472], [150.73798521288907, -33.904065120873916], [150.73839130168267, -33.904065120873916], [150.73839130168267, -33.90411588197311], [150.73859434607948, -33.90411588197311], [150.73859434607948, -33.904166643072315], [150.73894967377387, -33.904166643072315], [150.73894967377387, -33.90421740417151], [150.73920347926986, -33.90421740417151], [150.73920347926986, -33.904268165270715], [150.73955880696425, -33.904268165270715], [150.73955880696425, -33.90431892636991], [150.73976185136107, -33.90431892636991], [150.73976185136107, -33.904369687469114], [150.74006641795626, -33.904369687469114], [150.74006641795626, -33.90442044856831], [150.74032022345224, -33.90442044856831], [150.74032022345224, -33.90447120966751], [150.74062479004746, -33.90447120966751], [150.74062479004746, -33.90452197076671], [150.74087859554345, -33.90452197076671], [150.74087859554345, -33.90457273186591], [150.74118316213864, -33.90457273186591], [150.74118316213864, -33.90462349296511], [150.74128468433705, -33.90462349296511], [150.74128468433705, -33.90467425406431], [150.74153848983303, -33.90467425406431], [150.74153848983303, -33.90472501516351], [150.74174153422985, -33.90472501516351], [150.74174153422985, -33.90477577626271], [150.74209686192424, -33.90477577626271], [150.74209686192424, -33.904826537361906], [150.74250295071784, -33.904826537361906], [150.74250295071784, -33.9048772984611], [150.74280751731303, -33.9048772984611], [150.74280751731303, -33.904928059560305], [150.74321360610662, -33.904928059560305], [150.74321360610662, -33.9048772984611], [150.7434674116026, -33.9048772984611], [150.7434674116026, -33.904928059560305], [150.7439750225946, -33.904928059560305], [150.7439750225946, -33.9048772984611], [150.74488872238018, -33.9048772984611], [150.74488872238018, -33.904826537361906], [150.7449902445786, -33.904826537361906], [150.7449902445786, -33.90477577626271], [150.7454470944714, -33.90477577626271], [150.7454470944714, -33.90472501516351], [150.7455486166698, -33.90472501516351], [150.7455486166698, -33.90467425406431], [150.74580242216578, -33.90467425406431], [150.74580242216578, -33.90462349296511], [150.7459039443642, -33.90462349296511], [150.7459039443642, -33.90457273186591], [150.74605622766177, -33.90457273186591], [150.74605622766177, -33.90452197076671], [150.74615774986017, -33.90452197076671], [150.74615774986017, -33.90447120966751], [150.746360794257, -33.90447120966751], [150.746360794257, -33.90442044856831], [150.74646231645536, -33.90442044856831], [150.74646231645536, -33.904369687469114], [150.74666536085218, -33.904369687469114], [150.74666536085218, -33.90431892636991], [150.74676688305055, -33.90431892636991], [150.74676688305055, -33.904268165270715], [150.74686840524896, -33.904268165270715], [150.74686840524896, -33.90421740417151], [150.74696992744737, -33.90421740417151], [150.74696992744737, -33.904166643072315], [150.74707144964577, -33.904166643072315], [150.74707144964577, -33.90411588197311], [150.74717297184415, -33.90411588197311], [150.74717297184415, -33.904065120873916], [150.74732525514176, -33.904065120873916], [150.74732525514176, -33.90401435977472], [150.74742677734017, -33.90401435977472], [150.74742677734017, -33.90396359867552], [150.74747753843937, -33.90396359867552], [150.74747753843937, -33.90391283757632], [150.74757906063775, -33.90391283757632], [150.74757906063775, -33.90386207647712], [150.74762982173695, -33.90386207647712], [150.74762982173695, -33.90381131537792], [150.74773134393536, -33.90381131537792], [150.74773134393536, -33.90376055427872], [150.74778210503456, -33.90376055427872], [150.74778210503456, -33.90370979317952], [150.74783286613376, -33.90370979317952], [150.74783286613376, -33.90365903208032], [150.74793438833214, -33.90365903208032], [150.74793438833214, -33.903608270981124], [150.74803591053055, -33.903608270981124], [150.74803591053055, -33.90355750988192], [150.74808667162975, -33.90355750988192], [150.74808667162975, -33.903506748782725], [150.74818819382816, -33.903506748782725], [150.74818819382816, -33.90345598768352], [150.74823895492736, -33.90345598768352], [150.74823895492736, -33.903405226584326], [150.74834047712574, -33.903405226584326], [150.74834047712574, -33.90335446548512], [150.74839123822494, -33.90335446548512], [150.74839123822494, -33.90330370438593], [150.74844199932414, -33.90330370438593], [150.74844199932414, -33.903252943286724], [150.74854352152255, -33.903252943286724], [150.74854352152255, -33.90320218218753], [150.74859428262175, -33.90320218218753], [150.74859428262175, -33.90315142108833], [150.74864504372096, -33.90315142108833], [150.74864504372096, -33.90310065998913], [150.74869580482013, -33.90310065998913], [150.74869580482013, -33.90304989888993], [150.74874656591933, -33.90304989888993], [150.74874656591933, -33.90299913779073], [150.74884808811774, -33.90299913779073], [150.74884808811774, -33.90294837669153], [150.74889884921694, -33.90294837669153], [150.74889884921694, -33.902846854493134], [150.74894961031615, -33.902846854493134], [150.74894961031615, -33.90279609339393], [150.74900037141535, -33.90279609339393], [150.74900037141535, -33.902745332294735], [150.74910189361373, -33.902745332294735], [150.74910189361373, -33.90269457119553], [150.74915265471293, -33.90269457119553], [150.74915265471293, -33.902643810096336], [150.74920341581213, -33.902643810096336], [150.74920341581213, -33.90259304899713], [150.74925417691134, -33.90259304899713], [150.74925417691134, -33.90254228789794], [150.74935569910974, -33.90254228789794], [150.74935569910974, -33.902491526798734], [150.74940646020895, -33.902491526798734], [150.74940646020895, -33.902390004600335], [150.74945722130812, -33.902390004600335], [150.74945722130812, -33.90233924350114], [150.74955874350653, -33.90233924350114], [150.74955874350653, -33.90228848240194], [150.74960950460573, -33.90228848240194], [150.74960950460573, -33.90223772130274], [150.74966026570493, -33.90223772130274], [150.74966026570493, -33.902186960203544], [150.74971102680414, -33.902186960203544], [150.74971102680414, -33.90213619910434], [150.74981254900254, -33.90213619910434], [150.74981254900254, -33.902085438005145], [150.74986331010172, -33.902085438005145], [150.74986331010172, -33.90203467690594], [150.74991407120092, -33.90203467690594], [150.74991407120092, -33.901983915806746], [150.74996483230012, -33.901983915806746], [150.74996483230012, -33.90193315470754], [150.75001559339933, -33.90193315470754], [150.75001559339933, -33.901882393608346], [150.75011711559773, -33.901882393608346], [150.75011711559773, -33.90178087140995], [150.75016787669693, -33.90178087140995], [150.75016787669693, -33.901730110310744], [150.7502693988953, -33.901730110310744], [150.7502693988953, -33.90167934921155], [150.75032015999452, -33.90167934921155], [150.75032015999452, -33.901628588112345], [150.75037092109372, -33.901628588112345], [150.75037092109372, -33.90157782701315], [150.75047244329213, -33.90157782701315], [150.75047244329213, -33.90152706591395], [150.75052320439133, -33.90152706591395], [150.75052320439133, -33.90147630481475], [150.75057396549053, -33.90147630481475], [150.75057396549053, -33.901425543715554], [150.7506247265897, -33.901425543715554], [150.7506247265897, -33.90137478261635], [150.7506754876889, -33.90137478261635], [150.7506754876889, -33.901324021517155], [150.7507262487881, -33.901324021517155], [150.7507262487881, -33.90127326041795], [150.75077700988732, -33.90127326041795], [150.75077700988732, -33.901222499318756], [150.75087853208572, -33.901222499318756], [150.75087853208572, -33.90112097712036], [150.75092929318492, -33.90112097712036], [150.75092929318492, -33.901070216021154], [150.7509800542841, -33.901070216021154], [150.7509800542841, -33.90101945492196], [150.7510815764825, -33.90101945492196], [150.7510815764825, -33.900968693822755], [150.7511323375817, -33.900968693822755], [150.7511323375817, -33.90091793272356], [150.7511830986809, -33.90091793272356], [150.7511830986809, -33.900867171624355], [150.75123385978011, -33.900867171624355], [150.75123385978011, -33.90081641052516], [150.75133538197852, -33.90081641052516], [150.75133538197852, -33.900765649425956], [150.7513861430777, -33.900765649425956], [150.7513861430777, -33.90071488832676], [150.7514369041769, -33.90071488832676], [150.7514369041769, -33.900664127227564], [150.7514876652761, -33.900664127227564], [150.7514876652761, -33.90061336612836], [150.7515384263753, -33.90061336612836], [150.7515384263753, -33.900562605029165], [150.7515891874745, -33.900562605029165], [150.7515891874745, -33.90051184392996], [150.7516399485737, -33.90051184392996], [150.7516399485737, -33.900461082830766], [150.7516907096729, -33.900461082830766], [150.7516907096729, -33.90041032173156], [150.7517922318713, -33.90041032173156], [150.7517922318713, -33.90035956063237], [150.7518429929705, -33.90035956063237], [150.7518429929705, -33.900308799533164], [150.7518937540697, -33.900308799533164], [150.7518937540697, -33.90025803843397], [150.7519445151689, -33.90025803843397], [150.7519445151689, -33.900207277334765], [150.7519952762681, -33.900207277334765], [150.7519952762681, -33.90015651623557], [150.7520967984665, -33.90015651623557], [150.7520967984665, -33.900105755136366], [150.75214755956569, -33.900105755136366], [150.75214755956569, -33.90005499403717], [150.7521983206649, -33.90005499403717], [150.7521983206649, -33.90000423293797], [150.7522490817641, -33.90000423293797], [150.7522490817641, -33.89995347183877], [150.7522998428633, -33.89995347183877], [150.7522998428633, -33.899902710739575], [150.7523506039625, -33.899902710739575], [150.7523506039625, -33.89985194964037], [150.7524013650617, -33.89985194964037], [150.7524013650617, -33.899801188541176], [150.7524521261609, -33.899801188541176], [150.7524521261609, -33.89975042744197], [150.75250288726008, -33.89975042744197], [150.75250288726008, -33.89969966634278], [150.75260440945848, -33.89969966634278], [150.75260440945848, -33.89964890524357], [150.7526551705577, -33.89964890524357], [150.7526551705577, -33.89959814414438], [150.7527059316569, -33.89959814414438], [150.7527059316569, -33.899547383045174], [150.7527566927561, -33.899547383045174], [150.7527566927561, -33.89949662194598], [150.7528582149545, -33.89949662194598], [150.7528582149545, -33.899445860846775], [150.75290897605367, -33.899445860846775], [150.75290897605367, -33.89939509974758], [150.75295973715288, -33.89939509974758], [150.75295973715288, -33.899344338648376], [150.75301049825208, -33.899344338648376], [150.75301049825208, -33.89929357754918], [150.75306125935128, -33.89929357754918], [150.75306125935128, -33.89924281644998], [150.7531120204505, -33.89924281644998], [150.7531120204505, -33.89919205535078], [150.7531627815497, -33.89919205535078], [150.7531627815497, -33.89914129425158], [150.7532135426489, -33.89914129425158], [150.7532135426489, -33.89909053315238], [150.75331506484727, -33.89909053315238], [150.75331506484727, -33.899039772053186], [150.75336582594647, -33.899039772053186], [150.75336582594647, -33.89898901095398], [150.75341658704568, -33.89898901095398], [150.75341658704568, -33.89893824985479], [150.75346734814488, -33.89893824985479], [150.75346734814488, -33.898887488755584], [150.75351810924408, -33.898887488755584], [150.75351810924408, -33.89883672765639], [150.7535688703433, -33.89883672765639], [150.7535688703433, -33.898785966557185], [150.75367039254166, -33.898785966557185], [150.75367039254166, -33.898684444358786], [150.75377191474007, -33.898684444358786], [150.75377191474007, -33.89863368325959], [150.75382267583927, -33.89863368325959], [150.75382267583927, -33.89858292216039], [150.75387343693848, -33.89858292216039], [150.75387343693848, -33.89853216106119], [150.75392419803768, -33.89853216106119], [150.75392419803768, -33.89848139996199], [150.75397495913688, -33.89848139996199], [150.75397495913688, -33.89843063886279], [150.75407648133526, -33.89843063886279], [150.75407648133526, -33.89837987776359], [150.75412724243446, -33.89837987776359], [150.75412724243446, -33.89832911666439], [150.75417800353367, -33.89832911666439], [150.75417800353367, -33.898278355565196], [150.75422876463287, -33.898278355565196], [150.75422876463287, -33.89822759446599], [150.75427952573207, -33.89822759446599], [150.75427952573207, -33.8981768333668], [150.75438104793048, -33.8981768333668], [150.75438104793048, -33.8980753111684], [150.75443180902965, -33.8980753111684], [150.75443180902965, -33.898024550069195], [150.75453333122806, -33.898024550069195], [150.75453333122806, -33.89797378897], [150.75458409232726, -33.89797378897], [150.75458409232726, -33.897923027870796], [150.75463485342647, -33.897923027870796], [150.75463485342647, -33.8978722667716], [150.75468561452567, -33.8978722667716], [150.75468561452567, -33.8978215056724], [150.75473637562487, -33.8978215056724], [150.75473637562487, -33.8977707445732], [150.75483789782325, -33.8977707445732], [150.75483789782325, -33.897719983474], [150.75488865892245, -33.897719983474], [150.75488865892245, -33.8976692223748], [150.75499018112086, -33.8976692223748], [150.75499018112086, -33.8976184612756], [150.75504094222006, -33.8976184612756], [150.75504094222006, -33.8975677001764], [150.75509170331927, -33.8975677001764], [150.75509170331927, -33.8975169390772], [150.75514246441847, -33.8975169390772], [150.75514246441847, -33.897466177978], [150.75519322551764, -33.897466177978], [150.75519322551764, -33.89741541687881], [150.75524398661685, -33.89741541687881], [150.75524398661685, -33.897364655779604], [150.75534550881525, -33.897364655779604], [150.75534550881525, -33.89731389468041], [150.75539626991446, -33.89731389468041], [150.75539626991446, -33.897263133581205], [150.75544703101366, -33.897263133581205], [150.75544703101366, -33.89721237248201], [150.75549779211286, -33.89721237248201], [150.75549779211286, -33.897161611382806], [150.75554855321207, -33.897161611382806], [150.75554855321207, -33.89711085028361], [150.75559931431124, -33.89711085028361], [150.75559931431124, -33.89706008918441], [150.75565007541044, -33.89706008918441], [150.75565007541044, -33.89700932808521], [150.75570083650965, -33.89700932808521], [150.75570083650965, -33.89695856698601], [150.75575159760885, -33.89695856698601], [150.75575159760885, -33.89690780588681], [150.75580235870805, -33.89690780588681], [150.75580235870805, -33.89685704478761], [150.75590388090646, -33.89685704478761], [150.75590388090646, -33.89675552258921], [150.75595464200563, -33.89675552258921], [150.75595464200563, -33.896704761490014], [150.75600540310484, -33.896704761490014], [150.75600540310484, -33.89665400039081], [150.75610692530324, -33.89665400039081], [150.75610692530324, -33.896603239291615], [150.75615768640245, -33.896603239291615], [150.75615768640245, -33.89655247819242], [150.75620844750165, -33.89655247819242], [150.75620844750165, -33.89645095599402], [150.75625920860085, -33.89645095599402], [150.75625920860085, -33.89640019489482], [150.75630996970006, -33.89640019489482], [150.75630996970006, -33.89634943379562], [150.75636073079923, -33.89634943379562], [150.75636073079923, -33.89629867269642], [150.75641149189843, -33.89629867269642], [150.75641149189843, -33.89624791159722], [150.75651301409684, -33.89624791159722], [150.75651301409684, -33.89619715049802], [150.75656377519604, -33.89619715049802], [150.75656377519604, -33.89614638939882], [150.75661453629525, -33.89614638939882], [150.75661453629525, -33.89604486720042], [150.75666529739445, -33.89604486720042], [150.75666529739445, -33.89599410610122], [150.75671605849362, -33.89599410610122], [150.75671605849362, -33.895943345002024], [150.75676681959283, -33.895943345002024], [150.75676681959283, -33.89589258390282], [150.75681758069203, -33.89589258390282], [150.75681758069203, -33.89579106170443], [150.75686834179123, -33.89579106170443], [150.75686834179123, -33.895740300605226], [150.75696986398964, -33.895740300605226], [150.75696986398964, -33.89568953950603], [150.75702062508884, -33.89568953950603], [150.75702062508884, -33.89563877840683], [150.75707138618804, -33.89563877840683], [150.75707138618804, -33.89553725620843], [150.75712214728722, -33.89553725620843], [150.75712214728722, -33.89548649510923], [150.75717290838642, -33.89548649510923], [150.75717290838642, -33.89543573401003], [150.75722366948563, -33.89543573401003], [150.75722366948563, -33.89538497291083], [150.75727443058483, -33.89538497291083], [150.75727443058483, -33.895283450712434], [150.75732519168403, -33.895283450712434], [150.75732519168403, -33.89523268961323], [150.75737595278324, -33.89523268961323], [150.75737595278324, -33.895181928514035], [150.75742671388244, -33.895181928514035], [150.75742671388244, -33.89513116741483], [150.7574774749816, -33.89513116741483], [150.7574774749816, -33.89502964521643], [150.75752823608082, -33.89502964521643], [150.75752823608082, -33.894978884117236], [150.75757899718002, -33.894978884117236], [150.75757899718002, -33.89492812301804], [150.75762975827922, -33.89492812301804], [150.75762975827922, -33.89487736191884], [150.75768051937843, -33.89487736191884], [150.75768051937843, -33.89482660081964], [150.75773128047763, -33.89482660081964], [150.75773128047763, -33.89472507862124], [150.75778204157683, -33.89472507862124], [150.75778204157683, -33.89467431752204], [150.75783280267603, -33.89467431752204], [150.75783280267603, -33.89462355642284], [150.7578835637752, -33.89462355642284], [150.7578835637752, -33.894522034224444], [150.7579343248744, -33.894522034224444], [150.7579343248744, -33.89447127312524], [150.75798508597362, -33.89447127312524], [150.75798508597362, -33.894420512026045], [150.75803584707282, -33.894420512026045], [150.75803584707282, -33.894318989827646], [150.75808660817202, -33.894318989827646], [150.75808660817202, -33.89426822872844], [150.75813736927122, -33.89426822872844], [150.75813736927122, -33.89421746762925], [150.75818813037043, -33.89421746762925], [150.75818813037043, -33.89416670653005], [150.7582388914696, -33.89416670653005], [150.7582388914696, -33.89401442323245], [150.7582896525688, -33.89401442323245], [150.7582896525688, -33.89396366213325], [150.758340413668, -33.89396366213325], [150.758340413668, -33.89386213993485], [150.7583911747672, -33.89386213993485], [150.7583911747672, -33.893760617736454], [150.75849269696562, -33.893760617736454], [150.75849269696562, -33.89370985663725], [150.75854345806482, -33.89370985663725], [150.75854345806482, -33.89360833443885], [150.75859421916402, -33.89360833443885], [150.75859421916402, -33.89350681224045], [150.7586449802632, -33.89350681224045], [150.7586449802632, -33.89345605114126], [150.7586957413624, -33.89345605114126], [150.7586957413624, -33.89335452894286], [150.7587465024616, -33.89335452894286], [150.7587465024616, -33.89325300674446], [150.7587972635608, -33.89325300674446], [150.7587972635608, -33.89320224564526], [150.75884802466, -33.89320224564526], [150.75884802466, -33.893100723446864], [150.75889878575921, -33.893100723446864], [150.75889878575921, -33.89304996234766], [150.75894954685842, -33.89304996234766], [150.75894954685842, -33.892897679050066], [150.7590003079576, -33.892897679050066], [150.7590003079576, -33.89284691795086], [150.7590510690568, -33.89284691795086], [150.7590510690568, -33.89274539575246], [150.759101830156, -33.89274539575246], [150.759101830156, -33.892643873554064], [150.7591525912552, -33.892643873554064], [150.7591525912552, -33.892542351355665], [150.7592033523544, -33.892542351355665], [150.7592033523544, -33.89249159025647], [150.7592541134536, -33.89249159025647], [150.7592541134536, -33.89239006805807], [150.7593048745528, -33.89239006805807], [150.7593048745528, -33.89228854585967], [150.759355635652, -33.89228854585967], [150.759355635652, -33.89218702366127], [150.7594063967512, -33.89218702366127], [150.7594063967512, -33.892136262562076], [150.7594571578504, -33.892136262562076], [150.7594571578504, -33.891983979264474], [150.7595079189496, -33.891983979264474], [150.7595079189496, -33.891882457066075], [150.7595586800488, -33.891882457066075], [150.7595586800488, -33.891780934867676], [150.759609441148, -33.891780934867676], [150.759609441148, -33.89167941266928], [150.7596602022472, -33.89167941266928], [150.7596602022472, -33.89162865157008], [150.7597109633464, -33.89162865157008], [150.7597109633464, -33.891476368272485], [150.7597617244456, -33.891476368272485], [150.7597617244456, -33.891374846074086], [150.75981248554478, -33.891374846074086], [150.75981248554478, -33.891222562776484], [150.759863246644, -33.891222562776484], [150.759863246644, -33.891121040578085], [150.7599140077432, -33.891121040578085], [150.7599140077432, -33.89107027947889], [150.7599647688424, -33.89107027947889], [150.7599647688424, -33.89091799618129], [150.7600155299416, -33.89091799618129], [150.7600155299416, -33.89076571288369], [150.7600662910408, -33.89076571288369], [150.7600662910408, -33.8906134295861], [150.76011705214, -33.8906134295861], [150.76011705214, -33.890461146288494], [150.76016781323918, -33.890461146288494], [150.76016781323918, -33.8903088629909], [150.76021857433838, -33.8903088629909], [150.76021857433838, -33.8902073407925], [150.76026933543758, -33.8902073407925], [150.76026933543758, -33.890055057494905], [150.7603200965368, -33.890055057494905], [150.7603200965368, -33.8899027741973], [150.760370857636, -33.8899027741973], [150.760370857636, -33.88975049089971], [150.7604216187352, -33.88975049089971], [150.7604216187352, -33.889598207602106], [150.7604723798344, -33.889598207602106], [150.7604723798344, -33.88939516320531], [150.7605231409336, -33.88939516320531], [150.7605231409336, -33.88924287990771], [150.76057390203277, -33.88924287990771], [150.76057390203277, -33.889039835510914], [150.76062466313198, -33.889039835510914], [150.76062466313198, -33.888938313312515], [150.76067542423118, -33.888938313312515], [150.76067542423118, -33.88868450781652], [150.76072618533038, -33.88868450781652], [150.76072618533038, -33.888379941221324], [150.7607769464296, -33.888379941221324], [150.7607769464296, -33.88812613572533], [150.7608277075288, -33.88812613572533], [150.7608277075288, -33.88802461352693], [150.760878468628, -33.88802461352693], [150.760878468628, -33.88777080803093], [150.76092922972717, -33.88777080803093], [150.76092922972717, -33.887517002534935], [150.76097999082637, -33.887517002534935], [150.76097999082637, -33.88721243593974], [150.76103075192557, -33.88721243593974], [150.76103075192557, -33.88695863044374], [150.76108151302478, -33.88695863044374], [150.76108151302478, -33.886654063848546], [150.76113227412398, -33.886654063848546], [150.76113227412398, -33.88655254165015], [150.76118303522318, -33.88655254165015], [150.76118303522318, -33.88624797505495], [150.7612337963224, -33.88624797505495], [150.7612337963224, -33.885994169558955], [150.7612845574216, -33.885994169558955], [150.7612845574216, -33.88579112516216], [150.76133531852076, -33.88579112516216], [150.76133531852076, -33.885435797467764], [150.76138607961997, -33.885435797467764], [150.76138607961997, -33.885232753070966], [150.76143684071917, -33.885232753070966], [150.76143684071917, -33.88508046977337], [150.76148760181837, -33.88508046977337], [150.76148760181837, -33.88482666427737], [150.76153836291758, -33.88482666427737], [150.76153836291758, -33.884572858781375], [150.76158912401678, -33.884572858781375], [150.76158912401678, -33.88421753108698], [150.76163988511598, -33.88421753108698], [150.76163988511598, -33.88406524778938], [150.76169064621516, -33.88406524778938], [150.76169064621516, -33.88370992009499], [150.76174140731436, -33.88370992009499], [150.76174140731436, -33.883557636797384], [150.76179216841356, -33.883557636797384], [150.76179216841356, -33.883253070202194], [150.76184292951277, -33.883253070202194], [150.76184292951277, -33.883050025805396], [150.76189369061197, -33.883050025805396], [150.76189369061197, -33.8827454592102], [150.76194445171117, -33.8827454592102], [150.76194445171117, -33.8825424148134], [150.76199521281038, -33.8825424148134], [150.76199521281038, -33.8823393704166], [150.76204597390958, -33.8823393704166], [150.76204597390958, -33.88208556492061], [150.76209673500875, -33.88208556492061], [150.76209673500875, -33.881831759424614], [150.76214749610796, -33.881831759424614], [150.76214749610796, -33.88152719282942], [150.76219825720716, -33.88152719282942], [150.76219825720716, -33.88132414843262], [150.76224901830636, -33.88132414843262], [150.76224901830636, -33.88101958183742], [150.76229977940557, -33.88101958183742], [150.76229977940557, -33.88081653744062], [150.76235054050477, -33.88081653744062], [150.76235054050477, -33.880715015242224], [150.76270586819916, -33.880715015242224], [150.76270586819916, -33.88066425414303], [150.76275662929837, -33.88066425414303], [150.76275662929837, -33.880613493043825], [150.76285815149674, -33.880613493043825], [150.76285815149674, -33.88066425414303], [150.76280739039757, -33.88066425414303], [150.76280739039757, -33.88091805963902], [150.76275662929837, -33.88091805963902], [150.76275662929837, -33.88101958183742], [150.76270586819916, -33.88101958183742], [150.76270586819916, -33.88132414843262], [150.76265510709996, -33.88132414843262], [150.76265510709996, -33.88152719282942], [150.76260434600076, -33.88152719282942], [150.76260434600076, -33.88188252052381], [150.76255358490155, -33.88188252052381], [150.76255358490155, -33.882034803821405], [150.76250282380235, -33.882034803821405], [150.76250282380235, -33.882440892615], [150.76245206270315, -33.882440892615], [150.76245206270315, -33.8825424148134], [150.76240130160397, -33.8825424148134], [150.76240130160397, -33.882694698110996], [150.76235054050477, -33.882694698110996], [150.76235054050477, -33.883050025805396], [150.76229977940557, -33.883050025805396], [150.76229977940557, -33.88330383130139], [150.76224901830636, -33.88330383130139], [150.76224901830636, -33.88350687569819], [150.76219825720716, -33.88350687569819], [150.76219825720716, -33.883557636797384], [150.76224901830636, -33.883557636797384], [150.76224901830636, -33.88360839789659], [150.76219825720716, -33.88360839789659], [150.76219825720716, -33.88386220339258], [150.76214749610796, -33.88386220339258], [150.76214749610796, -33.88396372559098], [150.76209673500875, -33.88396372559098], [150.76209673500875, -33.88426829218618], [150.76204597390958, -33.88426829218618], [150.76204597390958, -33.88452209768217], [150.76199521281038, -33.88452209768217], [150.76199521281038, -33.88482666427737], [150.76194445171117, -33.88482666427737], [150.76194445171117, -33.88492818647577], [150.76189369061197, -33.88492818647577], [150.76189369061197, -33.88497894757497], [150.76194445171117, -33.88497894757497], [150.76194445171117, -33.88508046977337], [150.76189369061197, -33.88508046977337], [150.76189369061197, -33.885334275269365], [150.76184292951277, -33.885334275269365], [150.76184292951277, -33.885435797467764], [150.76179216841356, -33.885435797467764], [150.76179216841356, -33.88574036406296], [150.76174140731436, -33.88574036406296], [150.76174140731436, -33.88594340845976], [150.76169064621516, -33.88594340845976], [150.76169064621516, -33.88629873615415], [150.76163988511598, -33.88629873615415], [150.76163988511598, -33.88650178055095], [150.76158912401678, -33.88650178055095], [150.76158912401678, -33.886755586046945], [150.76153836291758, -33.886755586046945], [150.76153836291758, -33.88695863044374], [150.76148760181837, -33.88695863044374], [150.76148760181837, -33.88721243593974], [150.76143684071917, -33.88721243593974], [150.76143684071917, -33.88746624143574], [150.76138607961997, -33.88746624143574], [150.76138607961997, -33.88772004693173], [150.76133531852076, -33.88772004693173], [150.76133531852076, -33.88787233022933], [150.7612845574216, -33.88787233022933], [150.7612845574216, -33.88792309132853], [150.76133531852076, -33.88792309132853], [150.76133531852076, -33.88802461352693], [150.7612845574216, -33.88802461352693], [150.7612845574216, -33.888278419022924], [150.7612337963224, -33.888278419022924], [150.7612337963224, -33.888379941221324], [150.76118303522318, -33.888379941221324], [150.76118303522318, -33.88868450781652], [150.76113227412398, -33.88868450781652], [150.76113227412398, -33.888938313312515], [150.76108151302478, -33.888938313312515], [150.76108151302478, -33.88909059661012], [150.76103075192557, -33.88909059661012], [150.76103075192557, -33.88934440210611], [150.76097999082637, -33.88934440210611], [150.76097999082637, -33.88954744650291], [150.76092922972717, -33.88954744650291], [150.76092922972717, -33.88964896870131], [150.760878468628, -33.88964896870131], [150.760878468628, -33.889801251998904], [150.7608277075288, -33.889801251998904], [150.7608277075288, -33.889953535296506], [150.7607769464296, -33.889953535296506], [150.7607769464296, -33.8901058185941], [150.76072618533038, -33.8901058185941], [150.76072618533038, -33.8902073407925], [150.76067542423118, -33.8902073407925], [150.76067542423118, -33.8904103851893], [150.76062466313198, -33.8904103851893], [150.76062466313198, -33.8905119073877], [150.76057390203277, -33.8905119073877], [150.76057390203277, -33.89066419068529], [150.7605231409336, -33.89066419068529], [150.7605231409336, -33.89076571288369], [150.7604723798344, -33.89076571288369], [150.7604723798344, -33.89091799618129], [150.7604216187352, -33.89091799618129], [150.7604216187352, -33.891019518379686], [150.760370857636, -33.891019518379686], [150.760370857636, -33.891222562776484], [150.7603200965368, -33.891222562776484], [150.7603200965368, -33.89127332387569], [150.76026933543758, -33.89127332387569], [150.76026933543758, -33.891476368272485], [150.76021857433838, -33.891476368272485], [150.76021857433838, -33.891577890470884], [150.76016781323918, -33.891577890470884], [150.76016781323918, -33.89162865157008], [150.76011705214, -33.89162865157008], [150.76011705214, -33.89173017376848], [150.7600662910408, -33.89173017376848], [150.7600662910408, -33.891882457066075], [150.7600155299416, -33.891882457066075], [150.7600155299416, -33.891983979264474], [150.7599647688424, -33.891983979264474], [150.7599647688424, -33.89208550146287], [150.7599140077432, -33.89208550146287], [150.7599140077432, -33.89218702366127], [150.759863246644, -33.89218702366127], [150.759863246644, -33.892339306958874], [150.75981248554478, -33.892339306958874], [150.75981248554478, -33.89239006805807], [150.7597617244456, -33.89239006805807], [150.7597617244456, -33.89249159025647], [150.7597109633464, -33.89249159025647], [150.7597109633464, -33.892542351355665], [150.7596602022472, -33.892542351355665], [150.7596602022472, -33.892643873554064], [150.759609441148, -33.892643873554064], [150.759609441148, -33.89274539575246], [150.7595586800488, -33.89274539575246], [150.7595586800488, -33.89284691795086], [150.7595079189496, -33.89284691795086], [150.7595079189496, -33.89294844014926], [150.7594571578504, -33.89294844014926], [150.7594571578504, -33.89304996234766], [150.7594063967512, -33.89304996234766], [150.7594063967512, -33.893100723446864], [150.759355635652, -33.893100723446864], [150.759355635652, -33.89320224564526], [150.7593048745528, -33.89320224564526], [150.7593048745528, -33.89330376784366], [150.7592541134536, -33.89330376784366], [150.7592541134536, -33.893405290042054], [150.7592033523544, -33.893405290042054], [150.7592033523544, -33.89345605114126], [150.7591525912552, -33.89345605114126], [150.7591525912552, -33.89350681224045], [150.759101830156, -33.89350681224045], [150.759101830156, -33.89360833443885], [150.7590510690568, -33.89360833443885], [150.7590510690568, -33.89370985663725], [150.7590003079576, -33.89370985663725], [150.7590003079576, -33.893760617736454], [150.75894954685842, -33.893760617736454], [150.75894954685842, -33.89386213993485], [150.75889878575921, -33.89386213993485], [150.75889878575921, -33.89391290103405], [150.75884802466, -33.89391290103405], [150.75884802466, -33.89401442323245], [150.7587972635608, -33.89401442323245], [150.7587972635608, -33.89406518433165], [150.7587465024616, -33.89406518433165], [150.7587465024616, -33.89411594543085], [150.7586957413624, -33.89411594543085], [150.7586957413624, -33.89426822872844], [150.7586449802632, -33.89426822872844], [150.7586449802632, -33.894318989827646], [150.75859421916402, -33.894318989827646], [150.75859421916402, -33.89436975092684], [150.75854345806482, -33.89436975092684], [150.75854345806482, -33.89447127312524], [150.75849269696562, -33.89447127312524], [150.75849269696562, -33.894522034224444], [150.75844193586641, -33.894522034224444], [150.75844193586641, -33.89462355642284], [150.758340413668, -33.89462355642284], [150.758340413668, -33.89472507862124], [150.7582896525688, -33.89472507862124], [150.7582896525688, -33.89482660081964], [150.7582388914696, -33.89482660081964], [150.7582388914696, -33.89487736191884], [150.75818813037043, -33.89487736191884], [150.75818813037043, -33.89492812301804], [150.75813736927122, -33.89492812301804], [150.75813736927122, -33.89502964521643], [150.75818813037043, -33.89502964521643], [150.75818813037043, -33.895080406315635], [150.758340413668, -33.895080406315635], [150.758340413668, -33.89513116741483], [150.75894954685842, -33.89513116741483], [150.75894954685842, -33.895181928514035], [150.7590510690568, -33.895181928514035], [150.7590510690568, -33.89523268961323], [150.759355635652, -33.89523268961323], [150.759355635652, -33.895283450712434], [150.7595586800488, -33.895283450712434], [150.7595586800488, -33.89533421181163], [150.7599647688424, -33.89533421181163], [150.7599647688424, -33.89538497291083], [150.76026933543758, -33.89538497291083], [150.76026933543758, -33.89543573401003], [150.76072618533038, -33.89543573401003], [150.76072618533038, -33.89548649510923], [150.76092922972717, -33.89548649510923], [150.76092922972717, -33.89553725620843], [150.76118303522318, -33.89553725620843], [150.76118303522318, -33.89558801730763], [150.76133531852076, -33.89558801730763], [150.76133531852076, -33.89563877840683], [150.76179216841356, -33.89563877840683], [150.76179216841356, -33.89568953950603], [150.76204597390958, -33.89568953950603], [150.76204597390958, -33.895740300605226], [150.76250282380235, -33.895740300605226], [150.76250282380235, -33.89579106170443], [150.76275662929837, -33.89579106170443], [150.76275662929837, -33.895841822803625], [150.76316271809196, -33.895841822803625], [150.76316271809196, -33.89589258390282], [150.76326424029034, -33.89589258390282], [150.76326424029034, -33.895943345002024], [150.76356880688556, -33.895943345002024], [150.76356880688556, -33.89599410610122], [150.76382261238155, -33.89599410610122], [150.76382261238155, -33.89604486720042], [150.76427946227435, -33.89604486720042], [150.76427946227435, -33.89609562829962], [150.76453326777033, -33.89609562829962], [150.76453326777033, -33.89614638939882], [150.76499011766313, -33.89614638939882], [150.76499011766313, -33.89619715049802], [150.7651424009607, -33.89619715049802], [150.7651424009607, -33.89624791159722], [150.76539620645673, -33.89624791159722], [150.76539620645673, -33.89629867269642], [150.7655992508535, -33.89629867269642], [150.7655992508535, -33.89634943379562], [150.7660561007463, -33.89634943379562], [150.7660561007463, -33.89640019489482], [150.7663099062423, -33.89640019489482], [150.7663099062423, -33.89645095599402], [150.7667667561351, -33.89645095599402], [150.7667667561351, -33.896501717093216], [150.7670205616311, -33.896501717093216], [150.7670205616311, -33.89655247819242], [150.7673251282263, -33.89655247819242], [150.7673251282263, -33.896603239291615], [150.76742665042468, -33.896603239291615], [150.76742665042468, -33.89665400039081], [150.76783273921828, -33.89665400039081], [150.76783273921828, -33.896704761490014], [150.7680865447143, -33.896704761490014], [150.7680865447143, -33.89675552258921], [150.7685433946071, -33.89675552258921], [150.7685433946071, -33.89680628368841], [150.76879720010308, -33.89680628368841], [150.76879720010308, -33.89685704478761], [150.76925404999588, -33.89685704478761], [150.76925404999588, -33.89690780588681], [150.76940633329346, -33.89690780588681], [150.76940633329346, -33.89695856698601], [150.76971089988865, -33.89695856698601], [150.76971089988865, -33.89700932808521], [150.76986318318626, -33.89700932808521], [150.76986318318626, -33.89706008918441], [150.76996470538467, -33.89706008918441], [150.76996470538467, -33.89711085028361], [150.77006622758307, -33.89711085028361], [150.77006622758307, -33.897161611382806], [150.77011698868225, -33.897161611382806], [150.77011698868225, -33.89721237248201], [150.77016774978145, -33.89721237248201], [150.77016774978145, -33.897263133581205], [150.77021851088065, -33.897263133581205], [150.77021851088065, -33.89731389468041], [150.77037079417826, -33.89731389468041], [150.77037079417826, -33.89721237248201], [150.77032003307906, -33.89721237248201], [150.77032003307906, -33.897161611382806], [150.77026927197986, -33.897161611382806], [150.77026927197986, -33.89706008918441], [150.77032003307906, -33.89706008918441], [150.77032003307906, -33.89711085028361], [150.77057383857505, -33.89711085028361], [150.77057383857505, -33.897161611382806], [150.77103068846785, -33.897161611382806], [150.77103068846785, -33.89721237248201], [150.77128449396383, -33.89721237248201], [150.77128449396383, -33.897263133581205], [150.77169058275743, -33.897263133581205], [150.77169058275743, -33.89731389468041], [150.77179210495584, -33.89731389468041], [150.77179210495584, -33.897364655779604], [150.77209667155103, -33.897364655779604], [150.77209667155103, -33.89741541687881], [150.77235047704704, -33.89741541687881], [150.77235047704704, -33.897466177978], [150.7728073269398, -33.897466177978], [150.7728073269398, -33.8975169390772], [150.77306113243583, -33.8975169390772], [150.77306113243583, -33.8975677001764], [150.77351798232863, -33.8975677001764], [150.77351798232863, -33.8976184612756], [150.7737210267254, -33.8976184612756], [150.7737210267254, -33.8976692223748], [150.7739748322214, -33.8976692223748], [150.7739748322214, -33.897719983474], [150.7741778766182, -33.897719983474], [150.7741778766182, -33.8977707445732], [150.7745839654118, -33.8977707445732], [150.7745839654118, -33.8978215056724], [150.7748377709078, -33.8978215056724], [150.7748377709078, -33.8978722667716], [150.7752946208006, -33.8978722667716], [150.7752946208006, -33.897923027870796], [150.77554842629658, -33.897923027870796], [150.77554842629658, -33.89797378897], [150.77600527618938, -33.89797378897], [150.77600527618938, -33.898024550069195], [150.776157559487, -33.898024550069195], [150.776157559487, -33.8980753111684], [150.77641136498298, -33.8980753111684], [150.77641136498298, -33.898126072267594], [150.77661440937976, -33.898126072267594], [150.77661440937976, -33.8981768333668], [150.77707125927256, -33.8981768333668], [150.77707125927256, -33.89822759446599], [150.77732506476858, -33.89822759446599], [150.77732506476858, -33.898278355565196], [150.77783267576055, -33.898278355565196], [150.77783267576055, -33.89832911666439], [150.77813724235574, -33.89832911666439], [150.77813724235574, -33.89837987776359], [150.77849257005016, -33.89837987776359], [150.77849257005016, -33.89843063886279], [150.77859409224854, -33.89843063886279], [150.77859409224854, -33.89848139996199], [150.77905094214134, -33.89848139996199], [150.77905094214134, -33.89853216106119], [150.77930474763733, -33.89853216106119], [150.77930474763733, -33.89858292216039], [150.77981235862933, -33.89858292216039], [150.77981235862933, -33.89863368325959], [150.78006616412532, -33.89863368325959], [150.78006616412532, -33.898684444358786], [150.7804214918197, -33.898684444358786], [150.7804214918197, -33.89873520545799], [150.7804722529189, -33.89873520545799], [150.7804722529189, -33.898684444358786], [150.78052301401812, -33.898684444358786], [150.78052301401812, -33.89873520545799], [150.78067529731572, -33.89873520545799], [150.78067529731572, -33.898785966557185], [150.78103062501012, -33.898785966557185], [150.78103062501012, -33.89883672765639], [150.7811829083077, -33.89883672765639], [150.7811829083077, -33.898887488755584], [150.7817920414981, -33.898887488755584], [150.7817920414981, -33.89893824985479], [150.7820458469941, -33.89893824985479], [150.7820458469941, -33.89898901095398], [150.7826042190853, -33.89898901095398], [150.7826042190853, -33.899039772053186], [150.78275650238288, -33.899039772053186], [150.78275650238288, -33.89909053315238], [150.7830610689781, -33.89909053315238], [150.7830610689781, -33.89914129425158], [150.78316259117648, -33.89914129425158], [150.78316259117648, -33.89919205535078], [150.7838224854661, -33.89919205535078], [150.7838224854661, -33.89924281644998], [150.78407629096208, -33.89924281644998], [150.78407629096208, -33.89929357754918], [150.78463466305325, -33.89929357754918], [150.78463466305325, -33.899344338648376], [150.78488846854927, -33.899344338648376], [150.78488846854927, -33.89939509974758], [150.78519303514446, -33.89939509974758], [150.78519303514446, -33.899445860846775], [150.78534531844207, -33.899445860846775], [150.78534531844207, -33.89949662194598], [150.78575140723567, -33.89949662194598], [150.78575140723567, -33.899547383045174], [150.78610673493006, -33.899547383045174], [150.78610673493006, -33.89959814414438], [150.78661434592203, -33.89959814414438], [150.78661434592203, -33.89964890524357], [150.78691891251722, -33.89964890524357], [150.78691891251722, -33.89969966634278], [150.78732500131082, -33.89969966634278], [150.78732500131082, -33.89975042744197], [150.78747728460843, -33.89975042744197], [150.78747728460843, -33.899801188541176], [150.78783261230282, -33.899801188541176], [150.78783261230282, -33.89985194964037], [150.7880864177988, -33.89985194964037], [150.7880864177988, -33.899902710739575], [150.78864478989001, -33.899902710739575], [150.78864478989001, -33.89995347183877], [150.78874631208842, -33.89995347183877], [150.78874631208842, -33.899902710739575], [150.78879707318762, -33.899902710739575], [150.78879707318762, -33.89985194964037], [150.7888478342868, -33.89985194964037], [150.7888478342868, -33.89964890524357], [150.788898595386, -33.89964890524357], [150.788898595386, -33.899344338648376], [150.7889493564852, -33.899344338648376], [150.7889493564852, -33.89909053315238], [150.7890001175844, -33.89909053315238], [150.7890001175844, -33.898785966557185], [150.7890508786836, -33.898785966557185], [150.7890508786836, -33.89853216106119], [150.7891016397828, -33.89853216106119], [150.7891016397828, -33.89832911666439], [150.78915240088202, -33.89832911666439], [150.78915240088202, -33.8980753111684], [150.78920316198122, -33.8980753111684], [150.78920316198122, -33.897719983474], [150.7892539230804, -33.897719983474], [150.7892539230804, -33.8975169390772], [150.7893046841796, -33.8975169390772], [150.7893046841796, -33.897161611382806], [150.7893554452788, -33.897161611382806], [150.7893554452788, -33.89711085028361], [150.789406206378, -33.89711085028361], [150.789406206378, -33.89680628368841], [150.7894569674772, -33.89680628368841], [150.7894569674772, -33.89645095599402], [150.7895077285764, -33.89645095599402], [150.7895077285764, -33.89619715049802], [150.7895584896756, -33.89619715049802], [150.7895584896756, -33.89589258390282], [150.7896092507748, -33.89589258390282], [150.7896092507748, -33.895740300605226], [150.789660011874, -33.895740300605226], [150.789660011874, -33.89548649510923], [150.7897107729732, -33.89548649510923], [150.7897107729732, -33.895181928514035], [150.7897615340724, -33.895181928514035], [150.7897615340724, -33.89487736191884], [150.7898122951716, -33.89487736191884], [150.7898122951716, -33.89457279532364], [150.7898630562708, -33.89457279532364], [150.7898630562708, -33.894420512026045], [150.78991381737, -33.894420512026045], [150.78991381737, -33.89421746762925], [150.7899645784692, -33.89421746762925], [150.7899645784692, -33.89391290103405], [150.79001533956838, -33.89391290103405], [150.79001533956838, -33.893557573339656], [150.7900661006676, -33.893557573339656], [150.7900661006676, -33.89335452894286], [150.7901168617668, -33.89335452894286], [150.7901168617668, -33.89315148454606], [150.790167622866, -33.89315148454606], [150.790167622866, -33.892897679050066], [150.7902183839652, -33.892897679050066], [150.7902183839652, -33.892542351355665], [150.7902691450644, -33.892542351355665], [150.7902691450644, -33.892339306958874], [150.7903199061636, -33.892339306958874], [150.7903199061636, -33.89203474036368], [150.79037066726278, -33.89203474036368], [150.79037066726278, -33.891882457066075], [150.79042142836198, -33.891882457066075], [150.79042142836198, -33.891577890470884], [150.79047218946118, -33.891577890470884], [150.79047218946118, -33.89132408497488], [150.7905229505604, -33.89132408497488], [150.7905229505604, -33.891019518379686], [150.7905737116596, -33.891019518379686], [150.7905737116596, -33.89076571288369], [150.7906244727588, -33.89076571288369], [150.7906244727588, -33.89056266848689], [150.790675233858, -33.89056266848689], [150.790675233858, -33.890359624090095], [150.7907259949572, -33.890359624090095], [150.7907259949572, -33.8900042963957], [150.79077675605637, -33.8900042963957], [150.79077675605637, -33.88975049089971], [150.79082751715558, -33.88975049089971], [150.79082751715558, -33.88944592430451], [150.79087827825478, -33.88944592430451], [150.79087827825478, -33.88934440210611], [150.79092903935398, -33.88934440210611], [150.79092903935398, -33.88924287990771], [150.7909798004532, -33.88924287990771], [150.7909798004532, -33.889192118808516], [150.7910305615524, -33.889192118808516], [150.7910305615524, -33.88914135770931], [150.79092903935398, -33.88914135770931], [150.79092903935398, -33.889039835510914], [150.7909798004532, -33.889039835510914], [150.7909798004532, -33.88873526891572], [150.7910305615524, -33.88873526891572], [150.7910305615524, -33.88858298561812], [150.7910813226516, -33.88858298561812], [150.7910813226516, -33.88843070232053], [150.79113208375077, -33.88843070232053], [150.79113208375077, -33.88858298561812], [150.79123360594917, -33.88858298561812], [150.79123360594917, -33.88853222451892], [150.79128436704838, -33.88853222451892], [150.79128436704838, -33.88848146341972], [150.79133512814758, -33.88848146341972], [150.79133512814758, -33.88853222451892], [150.791436650346, -33.88853222451892], [150.791436650346, -33.88822765792373], [150.79138588924678, -33.88822765792373], [150.79138588924678, -33.88812613572533], [150.7914874114452, -33.88812613572533], [150.7914874114452, -33.888075374626126], [150.79153817254436, -33.888075374626126], [150.79153817254436, -33.88782156913013], [150.79123360594917, -33.88782156913013], [150.79123360594917, -33.88802461352693], [150.79128436704838, -33.88802461352693], [150.79128436704838, -33.888075374626126], [150.79123360594917, -33.888075374626126], [150.79123360594917, -33.88812613572533], [150.79113208375077, -33.88812613572533], [150.79113208375077, -33.888075374626126], [150.79118284484997, -33.888075374626126], [150.79118284484997, -33.88772004693173], [150.79123360594917, -33.88772004693173], [150.79123360594917, -33.88746624143574], [150.79128436704838, -33.88746624143574], [150.79128436704838, -33.88736471923734], [150.79133512814758, -33.88736471923734], [150.79133512814758, -33.887415480336536], [150.79138588924678, -33.887415480336536], [150.79138588924678, -33.887517002534935], [150.79133512814758, -33.887517002534935], [150.79133512814758, -33.887618524733334], [150.79128436704838, -33.887618524733334], [150.79128436704838, -33.88766928583253], [150.79133512814758, -33.88766928583253], [150.79133512814758, -33.88772004693173], [150.79153817254436, -33.88772004693173], [150.79153817254436, -33.88756776363414], [150.79158893364357, -33.88756776363414], [150.79158893364357, -33.887415480336536], [150.79163969474277, -33.887415480336536], [150.79163969474277, -33.88736471923734], [150.79158893364357, -33.88736471923734], [150.79158893364357, -33.88731395813814], [150.79153817254436, -33.88731395813814], [150.79153817254436, -33.88721243593974], [150.7914874114452, -33.88721243593974], [150.7914874114452, -33.88716167484054], [150.79153817254436, -33.88716167484054], [150.79153817254436, -33.88711091374134], [150.79174121694118, -33.88711091374134], [150.79174121694118, -33.88746624143574], [150.79169045584197, -33.88746624143574], [150.79169045584197, -33.88772004693173]], [[150.79118284484997, -33.88878603001492], [150.7910305615524, -33.88878603001492], [150.7910305615524, -33.88909059661012], [150.7910813226516, -33.88909059661012], [150.7910813226516, -33.88914135770931], [150.79118284484997, -33.88914135770931], [150.79118284484997, -33.88909059661012], [150.79128436704838, -33.88909059661012], [150.79128436704838, -33.889039835510914], [150.79133512814758, -33.889039835510914], [150.79133512814758, -33.888938313312515], [150.79128436704838, -33.888938313312515], [150.79128436704838, -33.888836791114116], [150.79133512814758, -33.888836791114116], [150.79133512814758, -33.88868450781652], [150.79123360594917, -33.88868450781652], [150.79123360594917, -33.88873526891572], [150.79118284484997, -33.88873526891572], [150.79118284484997, -33.88878603001492]]], [[[150.79372089980995, -33.876349560711084], [150.79382242200833, -33.876349560711084], [150.79382242200833, -33.87640032181028], [150.79387318310754, -33.87640032181028], [150.79387318310754, -33.87645108290948], [150.79392394420674, -33.87645108290948], [150.79392394420674, -33.87655260510788], [150.79387318310754, -33.87655260510788], [150.79387318310754, -33.87670488840548], [150.79382242200833, -33.87670488840548], [150.79382242200833, -33.87675564950468], [150.79377166090916, -33.87675564950468], [150.79377166090916, -33.876907932802276], [150.79372089980995, -33.876907932802276], [150.79372089980995, -33.87706021609987], [150.79367013871075, -33.87706021609987], [150.79367013871075, -33.87716173829827], [150.79361937761155, -33.87716173829827], [150.79361937761155, -33.87731402159587], [150.79356861651235, -33.87731402159587], [150.79356861651235, -33.87741554379427], [150.79351785541314, -33.87741554379427], [150.79351785541314, -33.87751706599267], [150.79346709431394, -33.87751706599267], [150.79346709431394, -33.87772011038947], [150.79341633321476, -33.87772011038947], [150.79341633321476, -33.87787239368706], [150.79336557211556, -33.87787239368706], [150.79336557211556, -33.87812619918306], [150.79331481101636, -33.87812619918306], [150.79331481101636, -33.87858304907586], [150.79326404991716, -33.87858304907586], [150.79326404991716, -33.87878609347265], [150.79321328881795, -33.87878609347265], [150.79321328881795, -33.87949674886144], [150.79316252771875, -33.87949674886144], [150.79316252771875, -33.879953598754234], [150.79311176661955, -33.879953598754234], [150.79311176661955, -33.88030892644863], [150.79306100552034, -33.88030892644863], [150.79306100552034, -33.88076577634143], [150.79301024442117, -33.88076577634143], [150.79301024442117, -33.88107034293662], [150.79295948332197, -33.88107034293662], [150.79295948332197, -33.88152719282942], [150.79290872222276, -33.88152719282942], [150.79290872222276, -33.881628715027816], [150.79285796112356, -33.881628715027816], [150.79285796112356, -33.882136326019804], [150.79280720002436, -33.882136326019804], [150.79280720002436, -33.8825424148134], [150.79275643892515, -33.8825424148134], [150.79275643892515, -33.882897742507794], [150.79270567782595, -33.882897742507794], [150.79270567782595, -33.883050025805396], [150.79265491672675, -33.883050025805396], [150.79265491672675, -33.88345611459899], [150.79260415562757, -33.88345611459899], [150.79260415562757, -33.88370992009499], [150.79255339452837, -33.88370992009499], [150.79255339452837, -33.88406524778938], [150.79250263342917, -33.88406524778938], [150.79250263342917, -33.88426829218618], [150.79245187232996, -33.88426829218618], [150.79245187232996, -33.884471336582976], [150.79240111123076, -33.884471336582976], [150.79240111123076, -33.88462361988057], [150.79235035013156, -33.88462361988057], [150.79235035013156, -33.88497894757497], [150.79229958903235, -33.88497894757497], [150.79229958903235, -33.88518199197176], [150.79224882793318, -33.88518199197176], [150.79224882793318, -33.885435797467764], [150.79219806683398, -33.885435797467764], [150.79219806683398, -33.88558808076536], [150.79214730573477, -33.88558808076536], [150.79214730573477, -33.88574036406296], [150.79209654463557, -33.88574036406296], [150.79209654463557, -33.885994169558955], [150.79204578353637, -33.885994169558955], [150.79204578353637, -33.886197213955754], [150.79199502243716, -33.886197213955754], [150.79199502243716, -33.88640025835255], [150.79194426133796, -33.88640025835255], [150.79194426133796, -33.88660330274935], [150.79189350023876, -33.88660330274935], [150.79189350023876, -33.886755586046945], [150.79184273913958, -33.886755586046945], [150.79184273913958, -33.88700939154294], [150.79179197804038, -33.88700939154294], [150.79179197804038, -33.88711091374134], [150.79174121694118, -33.88711091374134], [150.79174121694118, -33.88695863044374], [150.79169045584197, -33.88695863044374], [150.79169045584197, -33.88690786934454], [150.79163969474277, -33.88690786934454], [150.79163969474277, -33.88695863044374], [150.79158893364357, -33.88695863044374], [150.79158893364357, -33.88700939154294], [150.7914874114452, -33.88700939154294], [150.7914874114452, -33.88695863044374], [150.79138588924678, -33.88695863044374], [150.79138588924678, -33.88690786934454], [150.791436650346, -33.88690786934454], [150.791436650346, -33.88680634714614], [150.79169045584197, -33.88680634714614], [150.79169045584197, -33.88670482494775], [150.79163969474277, -33.88670482494775], [150.79163969474277, -33.88660330274935], [150.79169045584197, -33.88660330274935], [150.79169045584197, -33.88655254165015], [150.79174121694118, -33.88655254165015], [150.79174121694118, -33.88660330274935], [150.79179197804038, -33.88660330274935], [150.79179197804038, -33.88655254165015], [150.79184273913958, -33.88655254165015], [150.79184273913958, -33.88650178055095], [150.79158893364357, -33.88650178055095], [150.79158893364357, -33.88645101945175], [150.79153817254436, -33.88645101945175], [150.79153817254436, -33.88640025835255], [150.79158893364357, -33.88640025835255], [150.79158893364357, -33.88629873615415], [150.79163969474277, -33.88629873615415], [150.79163969474277, -33.88624797505495], [150.79158893364357, -33.88624797505495], [150.79158893364357, -33.885994169558955], [150.79163969474277, -33.885994169558955], [150.79163969474277, -33.88574036406296], [150.79169045584197, -33.88574036406296], [150.79169045584197, -33.88563884186456], [150.79174121694118, -33.88563884186456], [150.79174121694118, -33.88538503636856], [150.79179197804038, -33.88538503636856], [150.79179197804038, -33.88518199197176], [150.79184273913958, -33.88518199197176], [150.79184273913958, -33.88492818647577], [150.79189350023876, -33.88492818647577], [150.79189350023876, -33.884674380979774], [150.79194426133796, -33.884674380979774], [150.79194426133796, -33.88442057548377], [150.79199502243716, -33.88442057548377], [150.79199502243716, -33.88431905328538], [150.79204578353637, -33.88431905328538], [150.79204578353637, -33.88406524778938], [150.79209654463557, -33.88406524778938], [150.79209654463557, -33.88376068119418], [150.79214730573477, -33.88376068119418], [150.79214730573477, -33.88345611459899], [150.79219806683398, -33.88345611459899], [150.79219806683398, -33.883151548003795], [150.79224882793318, -33.883151548003795], [150.79224882793318, -33.8828469814086], [150.79229958903235, -33.8828469814086], [150.79229958903235, -33.882593175912604], [150.79235035013156, -33.882593175912604], [150.79235035013156, -33.882136326019804], [150.79240111123076, -33.882136326019804], [150.79240111123076, -33.881730237226215], [150.79245187232996, -33.881730237226215], [150.79245187232996, -33.88157795392861], [150.79250263342917, -33.88157795392861], [150.79250263342917, -33.881171865135016], [150.79255339452837, -33.881171865135016], [150.79255339452837, -33.880511970845426], [150.79260415562757, -33.880511970845426], [150.79260415562757, -33.880207404250235], [150.79265491672675, -33.880207404250235], [150.79265491672675, -33.879750554357436], [150.79270567782595, -33.879750554357436], [150.79270567782595, -33.879293704464644], [150.79275643892515, -33.879293704464644], [150.79275643892515, -33.87888761567105], [150.79280720002436, -33.87888761567105], [150.79280720002436, -33.878430765778255], [150.79285796112356, -33.878430765778255], [150.79285796112356, -33.87817696028226], [150.79290872222276, -33.87817696028226], [150.79290872222276, -33.87792315478626], [150.79295948332197, -33.87792315478626], [150.79295948332197, -33.87772011038947], [150.79301024442117, -33.87772011038947], [150.79301024442117, -33.877567827091866], [150.79306100552034, -33.877567827091866], [150.79306100552034, -33.87736478269507], [150.79311176661955, -33.87736478269507], [150.79311176661955, -33.87726326049667], [150.79316252771875, -33.87726326049667], [150.79316252771875, -33.87706021609987], [150.79321328881795, -33.87706021609987], [150.79321328881795, -33.877009455000675], [150.79326404991716, -33.877009455000675], [150.79326404991716, -33.876907932802276], [150.79331481101636, -33.876907932802276], [150.79331481101636, -33.87675564950468], [150.79336557211556, -33.87675564950468], [150.79336557211556, -33.87665412730628], [150.79341633321476, -33.87665412730628], [150.79341633321476, -33.87655260510788], [150.79346709431394, -33.87655260510788], [150.79346709431394, -33.87640032181028], [150.79351785541314, -33.87640032181028], [150.79351785541314, -33.87629879961188], [150.79356861651235, -33.87629879961188], [150.79356861651235, -33.876248038512685], [150.79367013871075, -33.876248038512685], [150.79367013871075, -33.87629879961188], [150.79372089980995, -33.87629879961188], [150.79372089980995, -33.876349560711084]], [[150.79179197804038, -33.88634949725335], [150.79179197804038, -33.88629873615415], [150.79174121694118, -33.88629873615415], [150.79174121694118, -33.88640025835255], [150.79184273913958, -33.88640025835255], [150.79184273913958, -33.88634949725335], [150.79179197804038, -33.88634949725335]]], [[[150.76311195699276, -33.879192182266245], [150.76306119589356, -33.879192182266245], [150.76306119589356, -33.879293704464644], [150.76311195699276, -33.879293704464644], [150.76311195699276, -33.87934446556385], [150.76306119589356, -33.87934446556385], [150.76306119589356, -33.87939522666304], [150.76285815149674, -33.87939522666304], [150.76285815149674, -33.87944598776224], [150.76275662929837, -33.87944598776224], [150.76275662929837, -33.87954750996064], [150.76270586819916, -33.87954750996064], [150.76270586819916, -33.87964903215904], [150.76265510709996, -33.87964903215904], [150.76265510709996, -33.87969979325824], [150.76260434600076, -33.87969979325824], [150.76260434600076, -33.879953598754234], [150.76270586819916, -33.879953598754234], [150.76270586819916, -33.87990283765504], [150.76285815149674, -33.87990283765504], [150.76285815149674, -33.879953598754234], [150.76290891259595, -33.879953598754234], [150.76290891259595, -33.87980131545664], [150.76270586819916, -33.87980131545664], [150.76270586819916, -33.87969979325824], [150.76290891259595, -33.87969979325824], [150.76290891259595, -33.87964903215904], [150.76295967369515, -33.87964903215904], [150.76295967369515, -33.87959827105984], [150.76301043479435, -33.87959827105984], [150.76301043479435, -33.879750554357436], [150.76295967369515, -33.879750554357436], [150.76295967369515, -33.880105882051836], [150.76290891259595, -33.880105882051836], [150.76290891259595, -33.88005512095263], [150.76285815149674, -33.88005512095263], [150.76285815149674, -33.88000435985344], [150.76265510709996, -33.88000435985344], [150.76265510709996, -33.880105882051836], [150.76255358490155, -33.880105882051836], [150.76255358490155, -33.88005512095263], [150.76250282380235, -33.88005512095263], [150.76250282380235, -33.87980131545664], [150.76255358490155, -33.87980131545664], [150.76255358490155, -33.87964903215904], [150.76260434600076, -33.87964903215904], [150.76260434600076, -33.879293704464644], [150.76265510709996, -33.879293704464644], [150.76265510709996, -33.879192182266245], [150.76270586819916, -33.879192182266245], [150.76270586819916, -33.87883685457185], [150.76275662929837, -33.87883685457185], [150.76275662929837, -33.87858304907586], [150.76280739039757, -33.87858304907586], [150.76280739039757, -33.87827848248066], [150.76285815149674, -33.87827848248066], [150.76285815149674, -33.87812619918306], [150.76290891259595, -33.87812619918306], [150.76290891259595, -33.87792315478626], [150.76295967369515, -33.87792315478626], [150.76295967369515, -33.877669349290265], [150.76301043479435, -33.877669349290265], [150.76301043479435, -33.87741554379427], [150.76306119589356, -33.87741554379427], [150.76306119589356, -33.87706021609987], [150.76311195699276, -33.87706021609987], [150.76311195699276, -33.87685717170308], [150.76316271809196, -33.87685717170308], [150.76316271809196, -33.87660336620708], [150.76321347919114, -33.87660336620708], [150.76321347919114, -33.87645108290948], [150.76326424029034, -33.87645108290948], [150.76326424029034, -33.876248038512685], [150.76331500138954, -33.876248038512685], [150.76331500138954, -33.87584194971909], [150.76336576248875, -33.87584194971909], [150.76336576248875, -33.87568966642149], [150.76346728468715, -33.87568966642149], [150.76346728468715, -33.87563890532229], [150.76351804578636, -33.87563890532229], [150.76351804578636, -33.87568966642149], [150.76377185128234, -33.87568966642149], [150.76377185128234, -33.87574042752069], [150.76382261238155, -33.87574042752069], [150.76382261238155, -33.87589271081829], [150.76377185128234, -33.87589271081829], [150.76377185128234, -33.87619727741348], [150.76372109018314, -33.87619727741348], [150.76372109018314, -33.87645108290948], [150.76367032908394, -33.87645108290948], [150.76367032908394, -33.87655260510788], [150.76361956798473, -33.87655260510788], [150.76361956798473, -33.87685717170308], [150.76356880688556, -33.87685717170308], [150.76356880688556, -33.87706021609987], [150.76351804578636, -33.87706021609987], [150.76351804578636, -33.87741554379427], [150.76346728468715, -33.87741554379427], [150.76346728468715, -33.87761858819107], [150.76341652358795, -33.87761858819107], [150.76341652358795, -33.87792315478626], [150.76336576248875, -33.87792315478626], [150.76336576248875, -33.87802467698466], [150.76331500138954, -33.87802467698466], [150.76331500138954, -33.878532287976654], [150.76326424029034, -33.878532287976654], [150.76326424029034, -33.87858304907586], [150.76321347919114, -33.87858304907586], [150.76321347919114, -33.87878609347265], [150.76316271809196, -33.87878609347265], [150.76316271809196, -33.87888761567105], [150.76311195699276, -33.87888761567105], [150.76311195699276, -33.87883685457185], [150.76301043479435, -33.87883685457185], [150.76301043479435, -33.879090660067845], [150.76316271809196, -33.879090660067845], [150.76316271809196, -33.87914142116705], [150.76311195699276, -33.87914142116705], [150.76311195699276, -33.879192182266245]], [[150.76290891259595, -33.879090660067845], [150.76290891259595, -33.87914142116705], [150.76285815149674, -33.87914142116705], [150.76285815149674, -33.879192182266245], [150.76280739039757, -33.879192182266245], [150.76280739039757, -33.879293704464644], [150.76301043479435, -33.879293704464644], [150.76301043479435, -33.879090660067845], [150.76290891259595, -33.879090660067845]], [[150.76295967369515, -33.87893837677025], [150.76295967369515, -33.87888761567105], [150.76290891259595, -33.87888761567105], [150.76290891259595, -33.87883685457185], [150.76280739039757, -33.87883685457185], [150.76280739039757, -33.87903989896865], [150.76290891259595, -33.87903989896865], [150.76290891259595, -33.87893837677025], [150.76295967369515, -33.87893837677025]]], [[[150.79590362707552, -33.86817702373999], [150.79590362707552, -33.86822778483919], [150.79600514927392, -33.86822778483919], [150.79600514927392, -33.86827854593839], [150.7961066714723, -33.86827854593839], [150.7961066714723, -33.86832930703759], [150.7962081936707, -33.86832930703759], [150.7962081936707, -33.86838006813679], [150.7962589547699, -33.86838006813679], [150.7962589547699, -33.86843082923599], [150.79636047696832, -33.86843082923599], [150.79636047696832, -33.868481590335186], [150.79641123806752, -33.868481590335186], [150.79641123806752, -33.86853235143439], [150.79646199916672, -33.86853235143439], [150.79646199916672, -33.868583112533585], [150.7965127602659, -33.868583112533585], [150.7965127602659, -33.86873539583118], [150.7965635213651, -33.86873539583118], [150.7965635213651, -33.86883691802958], [150.7966142824643, -33.86883691802958], [150.7966142824643, -33.86893844022798], [150.7966650435635, -33.86893844022798], [150.7966650435635, -33.86909072352558], [150.7967158046627, -33.86909072352558], [150.7967158046627, -33.86929376792238], [150.7967665657619, -33.86929376792238], [150.7967665657619, -33.869446051219974], [150.79681732686112, -33.869446051219974], [150.79681732686112, -33.86954757341837], [150.7967665657619, -33.86954757341837], [150.7967665657619, -33.86959833451757], [150.79681732686112, -33.86959833451757], [150.79681732686112, -33.86964909561677], [150.7968680879603, -33.86964909561677], [150.7968680879603, -33.869902901112766], [150.7969188490595, -33.869902901112766], [150.7969188490595, -33.87015670660877], [150.7968680879603, -33.87015670660877], [150.7968680879603, -33.87030898990636], [150.7969188490595, -33.87030898990636], [150.7969188490595, -33.87041051210476], [150.7969696101587, -33.87041051210476], [150.7969696101587, -33.87056279540236], [150.7969188490595, -33.87056279540236], [150.7969188490595, -33.87107040639435], [150.7968680879603, -33.87107040639435], [150.7968680879603, -33.871425734088746], [150.79681732686112, -33.871425734088746], [150.79681732686112, -33.87167953958475], [150.7967665657619, -33.87167953958475], [150.7967665657619, -33.87183182288234], [150.7967158046627, -33.87183182288234], [150.7967158046627, -33.87193334508074], [150.7966650435635, -33.87193334508074], [150.7966650435635, -33.87203486727914], [150.7966142824643, -33.87203486727914], [150.7966142824643, -33.872187150576735], [150.7965635213651, -33.872187150576735], [150.7965635213651, -33.872288672775134], [150.7965127602659, -33.872288672775134], [150.7965127602659, -33.87239019497353], [150.79646199916672, -33.87239019497353], [150.79646199916672, -33.872542478271136], [150.79641123806752, -33.872542478271136], [150.79641123806752, -33.87259323937033], [150.79636047696832, -33.87259323937033], [150.79636047696832, -33.872644000469535], [150.7963097158691, -33.872644000469535], [150.7963097158691, -33.872745522667934], [150.7962589547699, -33.872745522667934], [150.7962589547699, -33.872847044866326], [150.7962081936707, -33.872847044866326], [150.7962081936707, -33.87289780596553], [150.7961574325715, -33.87289780596553], [150.7961574325715, -33.87299932816393], [150.7961066714723, -33.87299932816393], [150.7961066714723, -33.873050089263124], [150.79605591037313, -33.873050089263124], [150.79605591037313, -33.87315161146152], [150.79600514927392, -33.87315161146152], [150.79600514927392, -33.87325313365992], [150.79595438817472, -33.87325313365992], [150.79595438817472, -33.873303894759125], [150.79590362707552, -33.873303894759125], [150.79590362707552, -33.87335465585832], [150.79585286597631, -33.87335465585832], [150.79585286597631, -33.87345617805672], [150.7958021048771, -33.87345617805672], [150.7958021048771, -33.87355770025512], [150.7957513437779, -33.87355770025512], [150.7957513437779, -33.87360846135432], [150.79570058267873, -33.87360846135432], [150.79570058267873, -33.873709983552715], [150.79564982157953, -33.873709983552715], [150.79564982157953, -33.87376074465192], [150.79559906048033, -33.87376074465192], [150.79559906048033, -33.87386226685032], [150.79554829938112, -33.87386226685032], [150.79554829938112, -33.87391302794951], [150.79549753828192, -33.87391302794951], [150.79549753828192, -33.87401455014791], [150.79544677718272, -33.87401455014791], [150.79544677718272, -33.874065311247115], [150.79539601608352, -33.874065311247115], [150.79539601608352, -33.874166833445514], [150.7953452549843, -33.874166833445514], [150.7953452549843, -33.87426835564391], [150.79529449388514, -33.87426835564391], [150.79529449388514, -33.87431911674311], [150.79524373278593, -33.87431911674311], [150.79524373278593, -33.87436987784231], [150.79519297168673, -33.87436987784231], [150.79519297168673, -33.87447140004071], [150.79514221058753, -33.87447140004071], [150.79514221058753, -33.8745729222391], [150.79509144948832, -33.8745729222391], [150.79509144948832, -33.87462368333831], [150.79504068838912, -33.87462368333831], [150.79504068838912, -33.874725205536706], [150.79498992728992, -33.874725205536706], [150.79498992728992, -33.874826727735105], [150.79493916619074, -33.874826727735105], [150.79493916619074, -33.8748774888343], [150.79488840509154, -33.8748774888343], [150.79488840509154, -33.8749790110327], [150.79483764399234, -33.8749790110327], [150.79483764399234, -33.8750297721319], [150.79478688289313, -33.8750297721319], [150.79478688289313, -33.8751312943303], [150.79473612179393, -33.8751312943303], [150.79473612179393, -33.8751820554295], [150.79468536069473, -33.8751820554295], [150.79468536069473, -33.8752328165287], [150.79463459959553, -33.8752328165287], [150.79463459959553, -33.8752835776279], [150.79458383849632, -33.8752835776279], [150.79458383849632, -33.875385099826296], [150.79443155519874, -33.875385099826296], [150.79443155519874, -33.87533433872709], [150.79438079409954, -33.87533433872709], [150.79438079409954, -33.8752835776279], [150.79427927190113, -33.8752835776279], [150.79427927190113, -33.8752328165287], [150.79422851080193, -33.8752328165287], [150.79422851080193, -33.8750805332311], [150.79427927190113, -33.8750805332311], [150.79427927190113, -33.8749790110327], [150.79433003300034, -33.8749790110327], [150.79433003300034, -33.874928249933504], [150.79438079409954, -33.874928249933504], [150.79438079409954, -33.8748774888343], [150.79443155519874, -33.8748774888343], [150.79443155519874, -33.874826727735105], [150.79448231629794, -33.874826727735105], [150.79448231629794, -33.874725205536706], [150.79453307739715, -33.874725205536706], [150.79453307739715, -33.8746744444375], [150.79458383849632, -33.8746744444375], [150.79458383849632, -33.8745729222391], [150.79463459959553, -33.8745729222391], [150.79463459959553, -33.87452216113991], [150.79468536069473, -33.87452216113991], [150.79468536069473, -33.87442063894151], [150.79473612179393, -33.87442063894151], [150.79473612179393, -33.87436987784231], [150.79478688289313, -33.87436987784231], [150.79478688289313, -33.87426835564391], [150.79483764399234, -33.87426835564391], [150.79483764399234, -33.87421759454471], [150.79488840509154, -33.87421759454471], [150.79488840509154, -33.87411607234631], [150.79493916619074, -33.87411607234631], [150.79493916619074, -33.874065311247115], [150.79498992728992, -33.874065311247115], [150.79498992728992, -33.873963789048716], [150.79504068838912, -33.873963789048716], [150.79504068838912, -33.87391302794951], [150.79509144948832, -33.87391302794951], [150.79509144948832, -33.873811505751114], [150.79514221058753, -33.873811505751114], [150.79514221058753, -33.873709983552715], [150.79519297168673, -33.873709983552715], [150.79519297168673, -33.87360846135432], [150.79524373278593, -33.87360846135432], [150.79524373278593, -33.87355770025512], [150.79529449388514, -33.87355770025512], [150.79529449388514, -33.873506939155924], [150.7953452549843, -33.873506939155924], [150.7953452549843, -33.873405416957524], [150.79539601608352, -33.873405416957524], [150.79539601608352, -33.873303894759125], [150.79544677718272, -33.873303894759125], [150.79544677718272, -33.87325313365992], [150.79549753828192, -33.87325313365992], [150.79549753828192, -33.873202372560726], [150.79554829938112, -33.873202372560726], [150.79554829938112, -33.87310085036233], [150.79559906048033, -33.87310085036233], [150.79559906048033, -33.87299932816393], [150.79564982157953, -33.87299932816393], [150.79564982157953, -33.872948567064725], [150.79570058267873, -33.872948567064725], [150.79570058267873, -33.872847044866326], [150.7957513437779, -33.872847044866326], [150.7957513437779, -33.87279628376713], [150.7958021048771, -33.87279628376713], [150.7958021048771, -33.87269476156873], [150.79585286597631, -33.87269476156873], [150.79585286597631, -33.872644000469535], [150.79590362707552, -33.872644000469535], [150.79590362707552, -33.872542478271136], [150.79595438817472, -33.872542478271136], [150.79595438817472, -33.87249171717193], [150.79600514927392, -33.87249171717193], [150.79600514927392, -33.87239019497353], [150.79605591037313, -33.87239019497353], [150.79605591037313, -33.87223791167594], [150.7961066714723, -33.87223791167594], [150.7961066714723, -33.872187150576735], [150.7961574325715, -33.872187150576735], [150.7961574325715, -33.87203486727914], [150.7962081936707, -33.87203486727914], [150.7962081936707, -33.871882583981545], [150.7962589547699, -33.871882583981545], [150.7962589547699, -33.871781061783146], [150.7963097158691, -33.871781061783146], [150.7963097158691, -33.871628778485544], [150.79636047696832, -33.871628778485544], [150.79636047696832, -33.87147649518795], [150.79641123806752, -33.87147649518795], [150.79641123806752, -33.87117192859275], [150.79646199916672, -33.87117192859275], [150.79646199916672, -33.87056279540236], [150.7965127602659, -33.87056279540236], [150.7965127602659, -33.87051203430316], [150.79646199916672, -33.87051203430316], [150.79646199916672, -33.87046127320396], [150.7965127602659, -33.87046127320396], [150.7965127602659, -33.87025822880717], [150.79646199916672, -33.87025822880717], [150.79646199916672, -33.870105945509565], [150.79641123806752, -33.870105945509565], [150.79641123806752, -33.870004423311165], [150.79646199916672, -33.870004423311165], [150.79646199916672, -33.86985214001357], [150.79641123806752, -33.86985214001357], [150.79641123806752, -33.86964909561677], [150.79636047696832, -33.86964909561677], [150.79636047696832, -33.869446051219974], [150.7963097158691, -33.869446051219974], [150.7963097158691, -33.869243006823176], [150.7962589547699, -33.869243006823176], [150.7962589547699, -33.86909072352558], [150.7962081936707, -33.86909072352558], [150.7962081936707, -33.86898920132718], [150.7961574325715, -33.86898920132718], [150.7961574325715, -33.86888767912878], [150.7961066714723, -33.86888767912878], [150.7961066714723, -33.86878615693038], [150.79605591037313, -33.86878615693038], [150.79605591037313, -33.868684634731984], [150.79600514927392, -33.868684634731984], [150.79600514927392, -33.86853235143439], [150.79595438817472, -33.86853235143439], [150.79595438817472, -33.86843082923599], [150.79585286597631, -33.86843082923599], [150.79585286597631, -33.86832930703759], [150.7958021048771, -33.86832930703759], [150.7958021048771, -33.86822778483919], [150.7957513437779, -33.86822778483919], [150.7957513437779, -33.86812626264079], [150.79585286597631, -33.86812626264079], [150.79585286597631, -33.86817702373999], [150.79590362707552, -33.86817702373999]]], [[[150.77204591045182, -33.83188283781247], [150.77245199924542, -33.83188283781247], [150.77245199924542, -33.83193359891167], [150.77250276034462, -33.83193359891167], [150.77250276034462, -33.83198436001087], [150.77245199924542, -33.83198436001087], [150.77245199924542, -33.83203512111007], [150.77240123814622, -33.83203512111007], [150.77240123814622, -33.83208588220927], [150.77219819374943, -33.83208588220927], [150.77219819374943, -33.832136643308466], [150.77184286605504, -33.832136643308466], [150.77184286605504, -33.83208588220927], [150.77169058275743, -33.83208588220927], [150.77169058275743, -33.83203512111007], [150.77163982165823, -33.83203512111007], [150.77163982165823, -33.83198436001087], [150.77153829945985, -33.83198436001087], [150.77153829945985, -33.83193359891167], [150.77143677726144, -33.83193359891167], [150.77143677726144, -33.83188283781247], [150.77133525506304, -33.83188283781247], [150.77133525506304, -33.83183207671327], [150.77128449396383, -33.83183207671327], [150.77128449396383, -33.83178131561407], [150.77174134385663, -33.83178131561407], [150.77174134385663, -33.83183207671327], [150.77204591045182, -33.83183207671327], [150.77204591045182, -33.83188283781247]]], [[[150.7676296948215, -33.831679793415674], [150.7677312170199, -33.831679793415674], [150.7677312170199, -33.83162903231648], [150.7684418724087, -33.83162903231648], [150.7684418724087, -33.831578271217275], [150.7684926335079, -33.831578271217275], [150.7684926335079, -33.83162903231648], [150.76859415570627, -33.83162903231648], [150.76859415570627, -33.831578271217275], [150.76869567790467, -33.831578271217275], [150.76869567790467, -33.83162903231648], [150.76879720010308, -33.83162903231648], [150.76879720010308, -33.831578271217275], [150.7688987223015, -33.831578271217275], [150.7688987223015, -33.83162903231648], [150.76900024449986, -33.83162903231648], [150.76900024449986, -33.831578271217275], [150.76905100559907, -33.831578271217275], [150.76905100559907, -33.83162903231648], [150.76910176669827, -33.83162903231648], [150.76910176669827, -33.831578271217275], [150.76976166098785, -33.831578271217275], [150.76976166098785, -33.83162903231648], [150.77001546648387, -33.83162903231648], [150.77001546648387, -33.831679793415674], [150.77087840517024, -33.831679793415674], [150.77087840517024, -33.83173055451488], [150.77103068846785, -33.83173055451488], [150.77103068846785, -33.83188283781247], [150.77108144956705, -33.83188283781247], [150.77108144956705, -33.83193359891167], [150.77118297176546, -33.83193359891167], [150.77118297176546, -33.83198436001087], [150.77128449396383, -33.83198436001087], [150.77128449396383, -33.83203512111007], [150.77133525506304, -33.83203512111007], [150.77133525506304, -33.83208588220927], [150.77143677726144, -33.83208588220927], [150.77143677726144, -33.832136643308466], [150.77108144956705, -33.832136643308466], [150.77108144956705, -33.83208588220927], [150.77011698868225, -33.83208588220927], [150.77011698868225, -33.83203512111007], [150.76981242208706, -33.83203512111007], [150.76981242208706, -33.83198436001087], [150.7670713227303, -33.83198436001087], [150.7670713227303, -33.83183207671327], [150.7670205616311, -33.83183207671327], [150.7670205616311, -33.831679793415674], [150.7669698005319, -33.831679793415674], [150.7669698005319, -33.83162903231648], [150.7670713227303, -33.83162903231648], [150.7670713227303, -33.831578271217275], [150.7675281726231, -33.831578271217275], [150.7675281726231, -33.83162903231648], [150.7676296948215, -33.83162903231648], [150.7676296948215, -33.831679793415674]]]]}}, {"type": "Feature", "properties": {"LABEL": "Fifteenth Avenue (45m)", "source": "SEPP_WPC_AER_TRC_001_20250501 (traced from in-force PDF; georeferenced, indicative)"}, "geometry": {"type": "MultiPolygon", "coordinates": [[[[150.7368684687067, -33.91832898974893], [150.7371222742027, -33.91832898974893], [150.7371222742027, -33.918379750848125], [150.7370715131035, -33.918379750848125], [150.7370715131035, -33.91843051194733], [150.7369699909051, -33.91843051194733], [150.7369699909051, -33.918481273046524], [150.7368684687067, -33.918481273046524], [150.7368684687067, -33.91853203414573], [150.73681770760749, -33.91853203414573], [150.73681770760749, -33.91858279524492], [150.7366654243099, -33.91858279524492], [150.7366654243099, -33.918633556344126], [150.7365639021115, -33.918633556344126], [150.7365639021115, -33.91868431744332], [150.7363100966155, -33.91868431744332], [150.7363100966155, -33.918735078542525], [150.7360562911195, -33.918735078542525], [150.7360562911195, -33.91878583964172], [150.7358024856235, -33.91878583964172], [150.7358024856235, -33.91883660074092], [150.73544715792912, -33.91883660074092], [150.73544715792912, -33.91888736184012], [150.7353963968299, -33.91888736184012], [150.7353963968299, -33.91883660074092], [150.73443193594514, -33.91883660074092], [150.73443193594514, -33.91878583964172], [150.73427965264753, -33.91878583964172], [150.73427965264753, -33.918735078542525], [150.73407660825075, -33.918735078542525], [150.73407660825075, -33.91868431744332], [150.73412736934995, -33.91868431744332], [150.73412736934995, -33.91858279524492], [150.73407660825075, -33.91858279524492], [150.73407660825075, -33.918481273046524], [150.73427965264753, -33.918481273046524], [150.73427965264753, -33.91853203414573], [150.73478726363953, -33.91853203414573], [150.73478726363953, -33.91858279524492], [150.73559944122673, -33.91858279524492], [150.73559944122673, -33.91853203414573], [150.73600553002032, -33.91853203414573], [150.73600553002032, -33.918481273046524], [150.7362593355163, -33.918481273046524], [150.7362593355163, -33.91843051194733], [150.73636085771471, -33.91843051194733], [150.73636085771471, -33.918379750848125], [150.7365639021115, -33.918379750848125], [150.7365639021115, -33.91832898974893], [150.7367161854091, -33.91832898974893], [150.7367161854091, -33.918278228649726], [150.7368684687067, -33.918278228649726], [150.7368684687067, -33.91832898974893]]], [[[150.73113246449716, -33.91802442315373], [150.73113246449716, -33.91807518425293], [150.73158931438996, -33.91807518425293], [150.73158931438996, -33.91812594535213], [150.73199540318356, -33.91812594535213], [150.73199540318356, -33.91817670645133], [150.73224920867955, -33.91817670645133], [150.73224920867955, -33.91822746755053], [150.73255377527477, -33.91822746755053], [150.73255377527477, -33.918278228649726], [150.73295986406836, -33.918278228649726], [150.73295986406836, -33.91832898974893], [150.73331519176276, -33.91832898974893], [150.73331519176276, -33.918379750848125], [150.73346747506034, -33.918379750848125], [150.73346747506034, -33.91843051194733], [150.73387356385393, -33.91843051194733], [150.73387356385393, -33.91853203414573], [150.73382280275473, -33.91853203414573], [150.73382280275473, -33.91858279524492], [150.73372128055635, -33.91858279524492], [150.73372128055635, -33.918633556344126], [150.73367051945715, -33.918633556344126], [150.73367051945715, -33.91868431744332], [150.73356899725874, -33.91868431744332], [150.73356899725874, -33.918633556344126], [150.73346747506034, -33.918633556344126], [150.73346747506034, -33.91868431744332], [150.73341671396113, -33.91868431744332], [150.73341671396113, -33.918633556344126], [150.73316290846515, -33.918633556344126], [150.73316290846515, -33.91858279524492], [150.73295986406836, -33.91858279524492], [150.73295986406836, -33.91853203414573], [150.73255377527477, -33.91853203414573], [150.73255377527477, -33.918481273046524], [150.73214768648117, -33.918481273046524], [150.73214768648117, -33.91843051194733], [150.73164007548917, -33.91843051194733], [150.73164007548917, -33.918379750848125], [150.73123398669557, -33.918379750848125], [150.73123398669557, -33.91832898974893], [150.73113246449716, -33.91832898974893], [150.73113246449716, -33.918278228649726], [150.73072637570357, -33.918278228649726], [150.73072637570357, -33.91822746755053], [150.73052333130678, -33.91822746755053], [150.73052333130678, -33.91802442315373], [150.730574092406, -33.91802442315373], [150.730574092406, -33.917973662054536], [150.73072637570357, -33.917973662054536], [150.73072637570357, -33.91802442315373], [150.73113246449716, -33.91802442315373]]], [[[150.77331493793181, -33.91238994114261], [150.77331493793181, -33.9124407022418], [150.7735687434278, -33.9124407022418], [150.7735687434278, -33.912491463341006], [150.7739748322214, -33.912491463341006], [150.7739748322214, -33.9125422244402], [150.77427939881662, -33.9125422244402], [150.77427939881662, -33.912592985539405], [150.7745332043126, -33.912592985539405], [150.7745332043126, -33.9126437466386], [150.7747362487094, -33.9126437466386], [150.7747362487094, -33.912694507737804], [150.7751930986022, -33.912694507737804], [150.7751930986022, -33.912745268837], [150.77549766519738, -33.912745268837], [150.77549766519738, -33.9127960299362], [150.7757514706934, -33.9127960299362], [150.7757514706934, -33.9128467910354], [150.77585299289177, -33.9128467910354], [150.77585299289177, -33.9128975521346], [150.7761067983878, -33.9128975521346], [150.7761067983878, -33.9129483132338], [150.77666517047896, -33.9129483132338], [150.77666517047896, -33.912999074333], [150.77691897597498, -33.912999074333], [150.77691897597498, -33.9130498354322], [150.77712202037176, -33.9130498354322], [150.77712202037176, -33.91310059653139], [150.77732506476858, -33.91310059653139], [150.77732506476858, -33.913151357630596], [150.77778191466135, -33.913151357630596], [150.77778191466135, -33.91320211872979], [150.77808648125657, -33.91320211872979], [150.77808648125657, -33.913252879828995], [150.77839104785176, -33.913252879828995], [150.77839104785176, -33.91330364092819], [150.77854333114934, -33.91330364092819], [150.77854333114934, -33.913354402027394], [150.77905094214134, -33.913354402027394], [150.77905094214134, -33.91340516312659], [150.77940626983573, -33.91340516312659], [150.77940626983573, -33.913455924225794], [150.77976159753013, -33.913455924225794], [150.77976159753013, -33.91350668532499], [150.77991388082773, -33.91350668532499], [150.77991388082773, -33.91355744642419], [150.78011692522452, -33.91355744642419], [150.78011692522452, -33.91360820752339], [150.78052301401812, -33.91360820752339], [150.78052301401812, -33.91365896862259], [150.78097986391091, -33.91365896862259], [150.78097986391091, -33.91370972972179], [150.7812336694069, -33.91370972972179], [150.7812336694069, -33.91376049082099], [150.7813351916053, -33.91376049082099], [150.7813351916053, -33.91381125192019], [150.7817412803989, -33.91381125192019], [150.7817412803989, -33.91386201301939], [150.7821473691925, -33.91386201301939], [150.7821473691925, -33.913912774118586], [150.7824011746885, -33.913912774118586], [150.7824011746885, -33.91396353521778], [150.78280726348208, -33.91396353521778], [150.78280726348208, -33.914014296316985], [150.7829595467797, -33.914014296316985], [150.7829595467797, -33.91406505741618], [150.7833148744741, -33.91406505741618], [150.7833148744741, -33.914115818515384], [150.7834671577717, -33.914115818515384], [150.7834671577717, -33.91416657961458], [150.78356867997007, -33.91416657961458], [150.78356867997007, -33.914115818515384], [150.78367020216848, -33.914115818515384], [150.78367020216848, -33.91416657961458], [150.78407629096208, -33.91416657961458], [150.78407629096208, -33.91421734071378], [150.78427933535886, -33.91421734071378], [150.78427933535886, -33.91426810181298], [150.78453314085488, -33.91426810181298], [150.78453314085488, -33.91431886291218], [150.78483770745007, -33.91431886291218], [150.78483770745007, -33.91436962401138], [150.78534531844207, -33.91436962401138], [150.78534531844207, -33.91442038511058], [150.78564988503726, -33.91442038511058], [150.78564988503726, -33.91447114620978], [150.78575140723567, -33.91447114620978], [150.78575140723567, -33.91462342950738], [150.78570064613646, -33.91462342950738], [150.78570064613646, -33.914674190606576], [150.78539607954124, -33.914674190606576], [150.78539607954124, -33.91462342950738], [150.78524379624366, -33.91462342950738], [150.78524379624366, -33.91457266840818], [150.78504075184685, -33.91457266840818], [150.78504075184685, -33.91452190730898], [150.78458390195408, -33.91452190730898], [150.78458390195408, -33.91447114620978], [150.78412705206128, -33.91447114620978], [150.78412705206128, -33.91442038511058], [150.7838224854661, -33.91442038511058], [150.7838224854661, -33.91436962401138], [150.78372096326768, -33.91436962401138], [150.78372096326768, -33.91431886291218], [150.7834671577717, -33.91431886291218], [150.7834671577717, -33.91426810181298], [150.7830103078789, -33.91426810181298], [150.7830103078789, -33.91421734071378], [150.7826042190853, -33.91421734071378], [150.7826042190853, -33.91416657961458], [150.7822488913909, -33.91416657961458], [150.7822488913909, -33.914115818515384], [150.7821473691925, -33.914115818515384], [150.7821473691925, -33.91406505741618], [150.7817920414981, -33.91406505741618], [150.7817920414981, -33.914014296316985], [150.78148747490292, -33.914014296316985], [150.78148747490292, -33.91396353521778], [150.78097986391091, -33.91396353521778], [150.78097986391091, -33.913912774118586], [150.78072605841493, -33.913912774118586], [150.78072605841493, -33.91386201301939], [150.78062453621652, -33.91386201301939], [150.78062453621652, -33.91381125192019], [150.78026920852213, -33.91381125192019], [150.78026920852213, -33.91376049082099], [150.77981235862933, -33.91376049082099], [150.77981235862933, -33.91370972972179], [150.77966007533172, -33.91370972972179], [150.77966007533172, -33.91365896862259], [150.77955855313334, -33.91365896862259], [150.77955855313334, -33.91370972972179], [150.77945703093494, -33.91370972972179], [150.77945703093494, -33.91365896862259], [150.77920322543895, -33.91365896862259], [150.77920322543895, -33.91360820752339], [150.77905094214134, -33.91360820752339], [150.77905094214134, -33.91355744642419], [150.77864485334774, -33.91355744642419], [150.77864485334774, -33.91350668532499], [150.77818800345494, -33.91350668532499], [150.77818800345494, -33.913455924225794], [150.77788343685975, -33.913455924225794], [150.77788343685975, -33.91340516312659], [150.77773115356217, -33.91340516312659], [150.77773115356217, -33.913354402027394], [150.77747734806616, -33.913354402027394], [150.77747734806616, -33.91330364092819], [150.77707125927256, -33.91330364092819], [150.77707125927256, -33.913252879828995], [150.77666517047896, -33.913252879828995], [150.77666517047896, -33.91320211872979], [150.77646212608218, -33.91320211872979], [150.77646212608218, -33.913151357630596], [150.77630984278457, -33.913151357630596], [150.77630984278457, -33.91310059653139], [150.77585299289177, -33.91310059653139], [150.77585299289177, -33.9130498354322], [150.77549766519738, -33.9130498354322], [150.77549766519738, -33.912999074333], [150.7752438597014, -33.912999074333], [150.7752438597014, -33.9129483132338], [150.77509157640378, -33.9129483132338], [150.77509157640378, -33.9128975521346], [150.7747362487094, -33.9128975521346], [150.7747362487094, -33.9128467910354], [150.7743301599158, -33.9128467910354], [150.7743301599158, -33.9127960299362], [150.7739748322214, -33.9127960299362], [150.7739748322214, -33.912745268837], [150.77387331002302, -33.912745268837], [150.77387331002302, -33.912694507737804], [150.77351798232863, -33.912694507737804], [150.77351798232863, -33.9126437466386], [150.7731626546342, -33.9126437466386], [150.7731626546342, -33.912592985539405], [150.77295961023742, -33.912592985539405], [150.77295961023742, -33.9123391800434], [150.7731626546342, -33.9123391800434], [150.7731626546342, -33.91238994114261], [150.77331493793181, -33.91238994114261]]], [[[150.76575153415112, -33.91112091366262], [150.76615762294472, -33.91112091366262], [150.76615762294472, -33.911171674761825], [150.7664114284407, -33.911171674761825], [150.7664114284407, -33.91122243586102], [150.7665637117383, -33.91122243586102], [150.7665637117383, -33.911273196960224], [150.7670205616311, -33.911273196960224], [150.7670205616311, -33.91132395805942], [150.7673251282263, -33.91132395805942], [150.7673251282263, -33.91137471915862], [150.7673758893255, -33.91137471915862], [150.7673758893255, -33.91142548025782], [150.7676804559207, -33.91142548025782], [150.7676804559207, -33.911476241357015], [150.7681373058135, -33.911476241357015], [150.7681373058135, -33.91152700245622], [150.7684418724087, -33.91152700245622], [150.7684418724087, -33.911577763555414], [150.76859415570627, -33.911577763555414], [150.76859415570627, -33.91162852465462], [150.76884796120228, -33.91162852465462], [150.76884796120228, -33.91167928575381], [150.76930481109508, -33.91167928575381], [150.76930481109508, -33.911730046853016], [150.76960937769027, -33.911730046853016], [150.76960937769027, -33.91178080795221], [150.76976166098785, -33.91178080795221], [150.76976166098785, -33.911831569051415], [150.76996470538467, -33.911831569051415], [150.76996470538467, -33.91188233015061], [150.77021851088065, -33.91188233015061], [150.77021851088065, -33.911933091249814], [150.77072612187266, -33.911933091249814], [150.77072612187266, -33.91198385234901], [150.77082764407106, -33.91198385234901], [150.77082764407106, -33.91203461344821], [150.77118297176546, -33.91203461344821], [150.77118297176546, -33.91208537454741], [150.77123373286466, -33.91208537454741], [150.77123373286466, -33.91213613564661], [150.77194438825344, -33.91213613564661], [150.77194438825344, -33.91218689674581], [150.77199514935265, -33.91218689674581], [150.77199514935265, -33.91223765784501], [150.77235047704704, -33.91223765784501], [150.77235047704704, -33.91228841894421], [150.77240123814622, -33.91228841894421], [150.77240123814622, -33.9123391800434], [150.7728073269398, -33.9123391800434], [150.7728073269398, -33.91238994114261], [150.77275656584064, -33.91238994114261], [150.77275656584064, -33.912491463341006], [150.77270580474143, -33.912491463341006], [150.77270580474143, -33.9125422244402], [150.77265504364223, -33.9125422244402], [150.77265504364223, -33.912491463341006], [150.77235047704704, -33.912491463341006], [150.77235047704704, -33.9124407022418], [150.77194438825344, -33.9124407022418], [150.77194438825344, -33.91238994114261], [150.77158906055905, -33.91238994114261], [150.77158906055905, -33.9123391800434], [150.77143677726144, -33.9123391800434], [150.77143677726144, -33.91228841894421], [150.77123373286466, -33.91228841894421], [150.77123373286466, -33.91223765784501], [150.77082764407106, -33.91223765784501], [150.77082764407106, -33.91218689674581], [150.77047231637664, -33.91218689674581], [150.77047231637664, -33.91213613564661], [150.77032003307906, -33.91213613564661], [150.77032003307906, -33.91208537454741], [150.77006622758307, -33.91208537454741], [150.77006622758307, -33.91203461344821], [150.76960937769027, -33.91203461344821], [150.76960937769027, -33.91198385234901], [150.76925404999588, -33.91198385234901], [150.76925404999588, -33.911933091249814], [150.76915252779747, -33.911933091249814], [150.76915252779747, -33.91188233015061], [150.7688987223015, -33.91188233015061], [150.7688987223015, -33.911831569051415], [150.7684926335079, -33.911831569051415], [150.7684926335079, -33.91178080795221], [150.7681373058135, -33.91178080795221], [150.7681373058135, -33.911730046853016], [150.7679850225159, -33.911730046853016], [150.7679850225159, -33.91167928575381], [150.7677312170199, -33.91167928575381], [150.7677312170199, -33.91162852465462], [150.7673758893255, -33.91162852465462], [150.7673758893255, -33.911577763555414], [150.7670205616311, -33.911577763555414], [150.7670205616311, -33.91152700245622], [150.7669190394327, -33.91152700245622], [150.7669190394327, -33.911476241357015], [150.7665637117383, -33.911476241357015], [150.7665637117383, -33.91142548025782], [150.76615762294472, -33.91142548025782], [150.76615762294472, -33.91137471915862], [150.7659038174487, -33.91137471915862], [150.7659038174487, -33.91132395805942], [150.76575153415112, -33.91132395805942], [150.76575153415112, -33.911273196960224], [150.76544696755593, -33.911273196960224], [150.76544696755593, -33.91112091366262], [150.76549772865513, -33.91112091366262], [150.76549772865513, -33.911070152563425], [150.76575153415112, -33.911070152563425], [150.76575153415112, -33.91112091366262]]], [[[150.74691916634816, -33.90792296441307], [150.74696992744737, -33.90792296441307], [150.74696992744737, -33.90802448661147], [150.74717297184415, -33.90802448661147], [150.74717297184415, -33.90807524771066], [150.74757906063775, -33.90807524771066], [150.74757906063775, -33.908126008809866], [150.74793438833214, -33.908126008809866], [150.74793438833214, -33.90817676990906], [150.74864504372096, -33.90817676990906], [150.74864504372096, -33.90822753100826], [150.74884808811774, -33.90822753100826], [150.74884808811774, -33.90817676990906], [150.74930493801054, -33.90817676990906], [150.74930493801054, -33.90822753100826], [150.75011711559773, -33.90822753100826], [150.75011711559773, -33.90827829210746], [150.75052320439133, -33.90827829210746], [150.75052320439133, -33.90832905320666], [150.75087853208572, -33.90832905320666], [150.75087853208572, -33.90837981430586], [150.7510308153833, -33.90837981430586], [150.7510308153833, -33.908430575405056], [150.7516399485737, -33.908430575405056], [150.7516399485737, -33.90848133650426], [150.7517414707721, -33.90848133650426], [150.7517414707721, -33.908532097603455], [150.7518937540697, -33.908532097603455], [150.7518937540697, -33.90858285870266], [150.75214755956569, -33.90858285870266], [150.75214755956569, -33.908633619801854], [150.75260440945848, -33.908633619801854], [150.75260440945848, -33.90868438090106], [150.7527059316569, -33.90868438090106], [150.7527059316569, -33.90873514200025], [150.75306125935128, -33.90873514200025], [150.75306125935128, -33.90878590309946], [150.75336582594647, -33.90878590309946], [150.75336582594647, -33.90883666419865], [150.7536196314425, -33.90883666419865], [150.7536196314425, -33.908887425297856], [150.75372115364087, -33.908887425297856], [150.75372115364087, -33.90893818639705], [150.75417800353367, -33.90893818639705], [150.75417800353367, -33.90898894749625], [150.75448257012886, -33.90898894749625], [150.75448257012886, -33.90903970859545], [150.75463485342647, -33.90903970859545], [150.75463485342647, -33.90909046969465], [150.75493942002166, -33.90909046969465], [150.75493942002166, -33.90914123079385], [150.75534550881525, -33.90914123079385], [150.75534550881525, -33.909191991893046], [150.75544703101366, -33.909191991893046], [150.75544703101366, -33.90924275299225], [150.75575159760885, -33.90924275299225], [150.75575159760885, -33.909293514091445], [150.75605616420404, -33.909293514091445], [150.75605616420404, -33.90934427519065], [150.75636073079923, -33.90934427519065], [150.75636073079923, -33.909395036289844], [150.75651301409684, -33.909395036289844], [150.75651301409684, -33.90944579738905], [150.75691910289044, -33.90944579738905], [150.75691910289044, -33.90949655848824], [150.75722366948563, -33.90949655848824], [150.75722366948563, -33.909547319587446], [150.75742671388244, -33.909547319587446], [150.75742671388244, -33.90959808068664], [150.75762975827922, -33.90959808068664], [150.75762975827922, -33.909648841785845], [150.75803584707282, -33.909648841785845], [150.75803584707282, -33.90969960288504], [150.7582896525688, -33.90969960288504], [150.7582896525688, -33.909750363984244], [150.7583911747672, -33.909750363984244], [150.7583911747672, -33.90980112508344], [150.7587972635608, -33.90980112508344], [150.7587972635608, -33.909851886182636], [150.7592033523544, -33.909851886182636], [150.7592033523544, -33.90990264728184], [150.7592541134536, -33.90990264728184], [150.7592541134536, -33.909953408381035], [150.7595586800488, -33.909953408381035], [150.7595586800488, -33.91000416948024], [150.7599140077432, -33.91000416948024], [150.7599140077432, -33.910054930579435], [150.76021857433838, -33.910054930579435], [150.76021857433838, -33.91010569167864], [150.760370857636, -33.91010569167864], [150.760370857636, -33.910156452777834], [150.7607769464296, -33.910156452777834], [150.7607769464296, -33.91020721387704], [150.7608277075288, -33.91020721387704], [150.7608277075288, -33.91025797497623], [150.760878468628, -33.91025797497623], [150.760878468628, -33.91035949717463], [150.76092922972717, -33.91035949717463], [150.76092922972717, -33.910410258273835], [150.76097999082637, -33.910410258273835], [150.76097999082637, -33.91046101937303], [150.7608277075288, -33.91046101937303], [150.7608277075288, -33.910410258273835], [150.76072618533038, -33.910410258273835], [150.76072618533038, -33.91035949717463], [150.760370857636, -33.91035949717463], [150.760370857636, -33.910308736075436], [150.7599647688424, -33.910308736075436], [150.7599647688424, -33.91025797497623], [150.75981248554478, -33.91025797497623], [150.75981248554478, -33.91020721387704], [150.7595586800488, -33.91020721387704], [150.7595586800488, -33.910156452777834], [150.7591525912552, -33.910156452777834], [150.7591525912552, -33.91010569167864], [150.75894954685842, -33.91010569167864], [150.75894954685842, -33.910054930579435], [150.7587972635608, -33.910054930579435], [150.7587972635608, -33.91000416948024], [150.7583911747672, -33.91000416948024], [150.7583911747672, -33.909953408381035], [150.75803584707282, -33.909953408381035], [150.75803584707282, -33.90990264728184], [150.7578835637752, -33.90990264728184], [150.7578835637752, -33.909851886182636], [150.75762975827922, -33.909851886182636], [150.75762975827922, -33.90980112508344], [150.75722366948563, -33.90980112508344], [150.75722366948563, -33.909750363984244], [150.75707138618804, -33.909750363984244], [150.75707138618804, -33.90969960288504], [150.75686834179123, -33.90969960288504], [150.75686834179123, -33.909648841785845], [150.75651301409684, -33.909648841785845], [150.75651301409684, -33.90959808068664], [150.75615768640245, -33.90959808068664], [150.75615768640245, -33.909547319587446], [150.75600540310484, -33.909547319587446], [150.75600540310484, -33.90949655848824], [150.75565007541044, -33.90949655848824], [150.75565007541044, -33.90944579738905], [150.75529474771605, -33.90944579738905], [150.75529474771605, -33.909395036289844], [150.75509170331927, -33.909395036289844], [150.75509170331927, -33.90934427519065], [150.75488865892245, -33.90934427519065], [150.75488865892245, -33.909293514091445], [150.75453333122806, -33.909293514091445], [150.75453333122806, -33.90924275299225], [150.75422876463287, -33.90924275299225], [150.75422876463287, -33.909191991893046], [150.75412724243446, -33.909191991893046], [150.75412724243446, -33.90914123079385], [150.75372115364087, -33.90914123079385], [150.75372115364087, -33.90909046969465], [150.75336582594647, -33.90909046969465], [150.75336582594647, -33.90903970859545], [150.75326430374807, -33.90903970859545], [150.75326430374807, -33.90898894749625], [150.75301049825208, -33.90898894749625], [150.75301049825208, -33.90893818639705], [150.75260440945848, -33.90893818639705], [150.75260440945848, -33.908887425297856], [150.7524013650617, -33.908887425297856], [150.7524013650617, -33.90883666419865], [150.75214755956569, -33.90883666419865], [150.75214755956569, -33.90878590309946], [150.7518937540697, -33.90878590309946], [150.7518937540697, -33.90873514200025], [150.7515891874745, -33.90873514200025], [150.7515891874745, -33.90868438090106], [150.7514369041769, -33.90868438090106], [150.7514369041769, -33.908633619801854], [150.7510815764825, -33.908633619801854], [150.7510815764825, -33.90858285870266], [150.75077700988732, -33.90858285870266], [150.75077700988732, -33.908532097603455], [150.75057396549053, -33.908532097603455], [150.75057396549053, -33.90848133650426], [150.75037092109372, -33.90848133650426], [150.75037092109372, -33.908430575405056], [150.74971102680414, -33.908430575405056], [150.74971102680414, -33.90837981430586], [150.74935569910974, -33.90837981430586], [150.74935569910974, -33.908430575405056], [150.74910189361373, -33.908430575405056], [150.74910189361373, -33.90837981430586], [150.74834047712574, -33.90837981430586], [150.74834047712574, -33.90832905320666], [150.74762982173695, -33.90832905320666], [150.74762982173695, -33.90827829210746], [150.74747753843937, -33.90827829210746], [150.74747753843937, -33.90822753100826], [150.74696992744737, -33.90822753100826], [150.74696992744737, -33.90817676990906], [150.74671612195138, -33.90817676990906], [150.74671612195138, -33.90822753100826], [150.74666536085218, -33.90822753100826], [150.74666536085218, -33.90832905320666], [150.74661459975297, -33.90832905320666], [150.74661459975297, -33.90837981430586], [150.74656383865377, -33.90837981430586], [150.74656383865377, -33.90848133650426], [150.74651307755457, -33.90848133650426], [150.74651307755457, -33.908532097603455], [150.74646231645536, -33.908532097603455], [150.74646231645536, -33.90868438090106], [150.74641155535616, -33.90868438090106], [150.74641155535616, -33.90878590309946], [150.746360794257, -33.90878590309946], [150.746360794257, -33.90883666419865], [150.74631003315778, -33.90883666419865], [150.74631003315778, -33.90893818639705], [150.74625927205858, -33.90893818639705], [150.74625927205858, -33.90909046969465], [150.74620851095938, -33.90909046969465], [150.74620851095938, -33.90914123079385], [150.74615774986017, -33.90914123079385], [150.74615774986017, -33.90924275299225], [150.74610698876097, -33.90924275299225], [150.74610698876097, -33.909395036289844], [150.74605622766177, -33.909395036289844], [150.74605622766177, -33.90944579738905], [150.74600546656256, -33.90944579738905], [150.74600546656256, -33.909547319587446], [150.7459547054634, -33.909547319587446], [150.7459547054634, -33.90959808068664], [150.7459039443642, -33.90959808068664], [150.7459039443642, -33.90969960288504], [150.74585318326498, -33.90969960288504], [150.74585318326498, -33.90980112508344], [150.74580242216578, -33.90980112508344], [150.74580242216578, -33.909851886182636], [150.74575166106658, -33.909851886182636], [150.74575166106658, -33.909953408381035], [150.74570089996737, -33.909953408381035], [150.74570089996737, -33.910054930579435], [150.74565013886817, -33.910054930579435], [150.74565013886817, -33.91010569167864], [150.745599377769, -33.91010569167864], [150.745599377769, -33.910156452777834], [150.7455486166698, -33.910156452777834], [150.7455486166698, -33.91020721387704], [150.7454978555706, -33.91020721387704], [150.7454978555706, -33.910308736075436], [150.7454470944714, -33.910308736075436], [150.7454470944714, -33.91035949717463], [150.74539633337218, -33.91035949717463], [150.74539633337218, -33.910410258273835], [150.74529481117378, -33.910410258273835], [150.74529481117378, -33.91046101937303], [150.74524405007458, -33.91046101937303], [150.74524405007458, -33.910511780472234], [150.7451932889754, -33.910511780472234], [150.7451932889754, -33.910613302670626], [150.7451425278762, -33.910613302670626], [150.7451425278762, -33.91066406376983], [150.745091766777, -33.91066406376983], [150.745091766777, -33.910714824869025], [150.7449902445786, -33.910714824869025], [150.7449902445786, -33.91076558596823], [150.74493948347938, -33.91076558596823], [150.74493948347938, -33.910816347067424], [150.74488872238018, -33.910816347067424], [150.74488872238018, -33.91086710816663], [150.744837961281, -33.91086710816663], [150.744837961281, -33.91091786926582], [150.7447872001818, -33.91091786926582], [150.7447872001818, -33.910968630365026], [150.7447364390826, -33.910968630365026], [150.7447364390826, -33.911070152563425], [150.7446349168842, -33.911070152563425], [150.7446349168842, -33.91112091366262], [150.744584155785, -33.91112091366262], [150.744584155785, -33.91122243586102], [150.7445333946858, -33.91122243586102], [150.7445333946858, -33.911273196960224], [150.74448263358659, -33.911273196960224], [150.74448263358659, -33.91132395805942], [150.7444318724874, -33.91132395805942], [150.7444318724874, -33.91137471915862], [150.744330350289, -33.91137471915862], [150.744330350289, -33.91142548025782], [150.7442795891898, -33.91142548025782], [150.7442795891898, -33.911476241357015], [150.7442288280906, -33.911476241357015], [150.7442288280906, -33.91152700245622], [150.7441780669914, -33.91152700245622], [150.7441780669914, -33.911577763555414], [150.7441273058922, -33.911577763555414], [150.7441273058922, -33.91167928575381], [150.74407654479302, -33.91167928575381], [150.74407654479302, -33.911730046853016], [150.74402578369381, -33.911730046853016], [150.74402578369381, -33.91178080795221], [150.7439750225946, -33.91178080795221], [150.7439750225946, -33.911831569051415], [150.7439242614954, -33.911831569051415], [150.7439242614954, -33.91188233015061], [150.743822739297, -33.91188233015061], [150.743822739297, -33.911933091249814], [150.7437719781978, -33.911933091249814], [150.7437719781978, -33.91198385234901], [150.7437212170986, -33.91198385234901], [150.7437212170986, -33.91208537454741], [150.74367045599942, -33.91208537454741], [150.74367045599942, -33.91213613564661], [150.74361969490022, -33.91213613564661], [150.74361969490022, -33.91218689674581], [150.7435181727018, -33.91218689674581], [150.7435181727018, -33.91228841894421], [150.7434674116026, -33.91228841894421], [150.7434674116026, -33.9123391800434], [150.7434166505034, -33.9123391800434], [150.7434166505034, -33.91238994114261], [150.7433658894042, -33.91238994114261], [150.7433658894042, -33.9124407022418], [150.74331512830503, -33.9124407022418], [150.74331512830503, -33.912491463341006], [150.74321360610662, -33.912491463341006], [150.74321360610662, -33.912592985539405], [150.74316284500742, -33.912592985539405], [150.74316284500742, -33.9126437466386], [150.74311208390822, -33.9126437466386], [150.74311208390822, -33.912694507737804], [150.743061322809, -33.912694507737804], [150.743061322809, -33.912745268837], [150.7430105617098, -33.912745268837], [150.7430105617098, -33.9127960299362], [150.7429598006106, -33.9127960299362], [150.7429598006106, -33.9128467910354], [150.74290903951143, -33.9128467910354], [150.74290903951143, -33.9128975521346], [150.74280751731303, -33.9128975521346], [150.74280751731303, -33.912999074333], [150.74275675621382, -33.912999074333], [150.74275675621382, -33.9130498354322], [150.74270599511462, -33.9130498354322], [150.74270599511462, -33.91310059653139], [150.74265523401542, -33.91310059653139], [150.74265523401542, -33.913151357630596], [150.7426044729162, -33.913151357630596], [150.7426044729162, -33.913252879828995], [150.74250295071784, -33.913252879828995], [150.74250295071784, -33.91330364092819], [150.74245218961863, -33.91330364092819], [150.74245218961863, -33.913354402027394], [150.74240142851943, -33.913354402027394], [150.74240142851943, -33.91340516312659], [150.74235066742023, -33.91340516312659], [150.74235066742023, -33.913455924225794], [150.74229990632102, -33.913455924225794], [150.74229990632102, -33.91350668532499], [150.74224914522182, -33.91350668532499], [150.74224914522182, -33.91355744642419], [150.74219838412262, -33.91355744642419], [150.74219838412262, -33.91360820752339], [150.74214762302344, -33.91360820752339], [150.74214762302344, -33.91365896862259], [150.74209686192424, -33.91365896862259], [150.74209686192424, -33.91370972972179], [150.74204610082504, -33.91370972972179], [150.74204610082504, -33.91376049082099], [150.74199533972583, -33.91376049082099], [150.74199533972583, -33.91386201301939], [150.74194457862663, -33.91386201301939], [150.74194457862663, -33.913912774118586], [150.74189381752743, -33.913912774118586], [150.74189381752743, -33.91396353521778], [150.74184305642822, -33.91396353521778], [150.74184305642822, -33.914014296316985], [150.74174153422985, -33.914014296316985], [150.74174153422985, -33.91406505741618], [150.74169077313064, -33.91406505741618], [150.74169077313064, -33.914115818515384], [150.74164001203144, -33.914115818515384], [150.74164001203144, -33.91421734071378], [150.74158925093224, -33.91421734071378], [150.74158925093224, -33.91426810181298], [150.74153848983303, -33.91426810181298], [150.74153848983303, -33.91431886291218], [150.74148772873383, -33.91431886291218], [150.74148772873383, -33.91436962401138], [150.74143696763463, -33.91436962401138], [150.74143696763463, -33.91442038511058], [150.74133544543625, -33.91442038511058], [150.74133544543625, -33.91447114620978], [150.74128468433705, -33.91447114620978], [150.74128468433705, -33.91457266840818], [150.74123392323784, -33.91457266840818], [150.74123392323784, -33.91462342950738], [150.74118316213864, -33.91462342950738], [150.74118316213864, -33.914674190606576], [150.74108163994023, -33.914674190606576], [150.74108163994023, -33.91472495170577], [150.74103087884103, -33.91472495170577], [150.74103087884103, -33.91482647390417], [150.74098011774186, -33.91482647390417], [150.74098011774186, -33.914877235003374], [150.74092935664265, -33.914877235003374], [150.74092935664265, -33.91492799610257], [150.74087859554345, -33.91492799610257], [150.74087859554345, -33.91497875720177], [150.74082783444425, -33.91497875720177], [150.74082783444425, -33.91502951830097], [150.74077707334504, -33.91502951830097], [150.74077707334504, -33.91508027940017], [150.74072631224584, -33.91508027940017], [150.74072631224584, -33.91513104049937], [150.74067555114664, -33.91513104049937], [150.74067555114664, -33.91518180159857], [150.74062479004746, -33.91518180159857], [150.74062479004746, -33.91523256269777], [150.74057402894826, -33.91523256269777], [150.74057402894826, -33.91528332379697], [150.74052326784906, -33.91528332379697], [150.74052326784906, -33.915334084896166], [150.74047250674985, -33.915334084896166], [150.74047250674985, -33.91538484599537], [150.74042174565065, -33.91538484599537], [150.74042174565065, -33.915435607094565], [150.74037098455145, -33.915435607094565], [150.74037098455145, -33.91548636819377], [150.74032022345224, -33.91548636819377], [150.74032022345224, -33.915537129292964], [150.74026946235304, -33.915537129292964], [150.74026946235304, -33.91558789039216], [150.74021870125387, -33.91558789039216], [150.74021870125387, -33.91563865149136], [150.74016794015466, -33.91563865149136], [150.74016794015466, -33.91574017368976], [150.74006641795626, -33.91574017368976], [150.74006641795626, -33.91579093478896], [150.74001565685705, -33.91579093478896], [150.74001565685705, -33.91584169588816], [150.73996489575785, -33.91584169588816], [150.73996489575785, -33.91589245698736], [150.73991413465865, -33.91589245698736], [150.73991413465865, -33.91594321808656], [150.73986337355947, -33.91594321808656], [150.73986337355947, -33.91604474028496], [150.73981261246027, -33.91604474028496], [150.73981261246027, -33.916095501384156], [150.73971109026186, -33.916095501384156], [150.73971109026186, -33.91614626248336], [150.73966032916266, -33.91614626248336], [150.73966032916266, -33.91624778468176], [150.73960956806346, -33.91624778468176], [150.73960956806346, -33.916298545780954], [150.73955880696425, -33.916298545780954], [150.73955880696425, -33.91634930688015], [150.73950804586505, -33.91634930688015], [150.73950804586505, -33.91640006797935], [150.73945728476588, -33.91640006797935], [150.73945728476588, -33.91645082907855], [150.73940652366667, -33.91645082907855], [150.73940652366667, -33.91650159017775], [150.73935576256747, -33.91650159017775], [150.73935576256747, -33.91655235127695], [150.73930500146827, -33.91655235127695], [150.73930500146827, -33.91660311237615], [150.73925424036906, -33.91660311237615], [150.73925424036906, -33.91665387347535], [150.73920347926986, -33.91665387347535], [150.73920347926986, -33.91670463457455], [150.73915271817066, -33.91670463457455], [150.73915271817066, -33.916755395673746], [150.73910195707148, -33.916755395673746], [150.73910195707148, -33.916856917872146], [150.73900043487308, -33.916856917872146], [150.73900043487308, -33.91690767897135], [150.73894967377387, -33.91690767897135], [150.73894967377387, -33.916958440070545], [150.73889891267467, -33.916958440070545], [150.73889891267467, -33.91700920116975], [150.73884815157547, -33.91700920116975], [150.73884815157547, -33.91711072336815], [150.73879739047626, -33.91711072336815], [150.73879739047626, -33.91716148446734], [150.73874662937706, -33.91716148446734], [150.73874662937706, -33.91721224556654], [150.7386958682779, -33.91721224556654], [150.7386958682779, -33.91726300666574], [150.73864510717868, -33.91726300666574], [150.73864510717868, -33.91731376776494], [150.73859434607948, -33.91731376776494], [150.73859434607948, -33.91736452886414], [150.73854358498028, -33.91736452886414], [150.73854358498028, -33.91741528996334], [150.73849282388107, -33.91741528996334], [150.73849282388107, -33.91746605106254], [150.73844206278187, -33.91746605106254], [150.73844206278187, -33.917516812161736], [150.73839130168267, -33.917516812161736], [150.73839130168267, -33.91756757326094], [150.7383405405835, -33.91756757326094], [150.7383405405835, -33.917618334360135], [150.7382897794843, -33.917618334360135], [150.7382897794843, -33.91766909545934], [150.7382390183851, -33.91766909545934], [150.7382390183851, -33.917719856558534], [150.73818825728588, -33.917719856558534], [150.73818825728588, -33.91777061765774], [150.73808673508748, -33.91777061765774], [150.73808673508748, -33.91782137875693], [150.73803597398827, -33.91782137875693], [150.73803597398827, -33.91787213985614], [150.73798521288907, -33.91787213985614], [150.73798521288907, -33.91792290095533], [150.7379344517899, -33.91792290095533], [150.7379344517899, -33.917973662054536], [150.7378836906907, -33.917973662054536], [150.7378836906907, -33.91802442315373], [150.7377821684923, -33.91802442315373], [150.7377821684923, -33.91807518425293], [150.73768064629388, -33.91807518425293], [150.73768064629388, -33.91812594535213], [150.73762988519468, -33.91812594535213], [150.73762988519468, -33.91817670645133], [150.7375791240955, -33.91817670645133], [150.7375791240955, -33.91822746755053], [150.7374776018971, -33.91822746755053], [150.7374776018971, -33.918278228649726], [150.7373253185995, -33.918278228649726], [150.7373253185995, -33.91802442315373], [150.7373760796987, -33.91802442315373], [150.7373760796987, -33.917973662054536], [150.7374268407979, -33.917973662054536], [150.7374268407979, -33.91792290095533], [150.7374776018971, -33.91792290095533], [150.7374776018971, -33.91787213985614], [150.7375791240955, -33.91787213985614], [150.7375791240955, -33.91782137875693], [150.73768064629388, -33.91782137875693], [150.73768064629388, -33.91777061765774], [150.73773140739308, -33.91777061765774], [150.73773140739308, -33.917719856558534], [150.7378329295915, -33.917719856558534], [150.7378329295915, -33.91766909545934], [150.7378836906907, -33.91766909545934], [150.7378836906907, -33.917618334360135], [150.7379344517899, -33.917618334360135], [150.7379344517899, -33.91756757326094], [150.73798521288907, -33.91756757326094], [150.73798521288907, -33.917516812161736], [150.73803597398827, -33.917516812161736], [150.73803597398827, -33.91746605106254], [150.73813749618668, -33.91746605106254], [150.73813749618668, -33.91741528996334], [150.73818825728588, -33.91741528996334], [150.73818825728588, -33.91736452886414], [150.7382390183851, -33.91736452886414], [150.7382390183851, -33.91726300666574], [150.7382897794843, -33.91726300666574], [150.7382897794843, -33.91721224556654], [150.7383405405835, -33.91721224556654], [150.7383405405835, -33.91716148446734], [150.73839130168267, -33.91716148446734], [150.73839130168267, -33.91711072336815], [150.73849282388107, -33.91711072336815], [150.73849282388107, -33.917059962268944], [150.73854358498028, -33.917059962268944], [150.73854358498028, -33.916958440070545], [150.73859434607948, -33.916958440070545], [150.73859434607948, -33.91690767897135], [150.7386958682779, -33.91690767897135], [150.7386958682779, -33.916755395673746], [150.73884815157547, -33.916755395673746], [150.73884815157547, -33.91670463457455], [150.73889891267467, -33.91670463457455], [150.73889891267467, -33.91660311237615], [150.73894967377387, -33.91660311237615], [150.73894967377387, -33.91655235127695], [150.73900043487308, -33.91655235127695], [150.73900043487308, -33.91645082907855], [150.73905119597228, -33.91645082907855], [150.73905119597228, -33.91640006797935], [150.73910195707148, -33.91640006797935], [150.73910195707148, -33.91634930688015], [150.73915271817066, -33.91634930688015], [150.73915271817066, -33.916298545780954], [150.73920347926986, -33.916298545780954], [150.73920347926986, -33.91624778468176], [150.73925424036906, -33.91624778468176], [150.73925424036906, -33.916197023582555], [150.73930500146827, -33.916197023582555], [150.73930500146827, -33.91614626248336], [150.73935576256747, -33.91614626248336], [150.73935576256747, -33.916095501384156], [150.73940652366667, -33.916095501384156], [150.73940652366667, -33.91604474028496], [150.73945728476588, -33.91604474028496], [150.73945728476588, -33.91599397918576], [150.73950804586505, -33.91599397918576], [150.73950804586505, -33.91594321808656], [150.73960956806346, -33.91594321808656], [150.73960956806346, -33.91584169588816], [150.73966032916266, -33.91584169588816], [150.73966032916266, -33.91579093478896], [150.73971109026186, -33.91579093478896], [150.73971109026186, -33.91574017368976], [150.73976185136107, -33.91574017368976], [150.73976185136107, -33.91563865149136], [150.73986337355947, -33.91563865149136], [150.73986337355947, -33.91558789039216], [150.73991413465865, -33.91558789039216], [150.73991413465865, -33.915537129292964], [150.73996489575785, -33.915537129292964], [150.73996489575785, -33.91548636819377], [150.74001565685705, -33.91548636819377], [150.74001565685705, -33.915435607094565], [150.74006641795626, -33.915435607094565], [150.74006641795626, -33.915334084896166], [150.74011717905546, -33.915334084896166], [150.74011717905546, -33.91528332379697], [150.74016794015466, -33.91528332379697], [150.74016794015466, -33.91523256269777], [150.74026946235304, -33.91523256269777], [150.74026946235304, -33.91513104049937], [150.74032022345224, -33.91513104049937], [150.74032022345224, -33.91508027940017], [150.74037098455145, -33.91508027940017], [150.74037098455145, -33.91502951830097], [150.74042174565065, -33.91502951830097], [150.74042174565065, -33.91497875720177], [150.74047250674985, -33.91497875720177], [150.74047250674985, -33.91492799610257], [150.74052326784906, -33.91492799610257], [150.74052326784906, -33.914877235003374], [150.74057402894826, -33.914877235003374], [150.74057402894826, -33.91482647390417], [150.74062479004746, -33.91482647390417], [150.74062479004746, -33.914775712804975], [150.74067555114664, -33.914775712804975], [150.74067555114664, -33.91472495170577], [150.74072631224584, -33.91472495170577], [150.74072631224584, -33.914674190606576], [150.74077707334504, -33.914674190606576], [150.74077707334504, -33.91462342950738], [150.74082783444425, -33.91462342950738], [150.74082783444425, -33.91457266840818], [150.74087859554345, -33.91457266840818], [150.74087859554345, -33.91452190730898], [150.74092935664265, -33.91452190730898], [150.74092935664265, -33.91447114620978], [150.74098011774186, -33.91447114620978], [150.74098011774186, -33.91442038511058], [150.74103087884103, -33.91442038511058], [150.74103087884103, -33.91436962401138], [150.74108163994023, -33.91436962401138], [150.74108163994023, -33.91426810181298], [150.74113240103944, -33.91426810181298], [150.74113240103944, -33.91421734071378], [150.74123392323784, -33.91421734071378], [150.74123392323784, -33.91416657961458], [150.74128468433705, -33.91416657961458], [150.74128468433705, -33.914115818515384], [150.74138620653545, -33.914115818515384], [150.74138620653545, -33.914014296316985], [150.74143696763463, -33.914014296316985], [150.74143696763463, -33.91396353521778], [150.74148772873383, -33.91396353521778], [150.74148772873383, -33.913912774118586], [150.74153848983303, -33.913912774118586], [150.74153848983303, -33.91386201301939], [150.74158925093224, -33.91386201301939], [150.74158925093224, -33.91381125192019], [150.74164001203144, -33.91381125192019], [150.74164001203144, -33.91376049082099], [150.74169077313064, -33.91376049082099], [150.74169077313064, -33.91370972972179], [150.74174153422985, -33.91370972972179], [150.74174153422985, -33.91365896862259], [150.74179229532902, -33.91365896862259], [150.74179229532902, -33.91355744642419], [150.74189381752743, -33.91355744642419], [150.74189381752743, -33.91350668532499], [150.74194457862663, -33.91350668532499], [150.74194457862663, -33.91340516312659], [150.74204610082504, -33.91340516312659], [150.74204610082504, -33.913354402027394], [150.74209686192424, -33.913354402027394], [150.74209686192424, -33.913252879828995], [150.74214762302344, -33.913252879828995], [150.74214762302344, -33.91320211872979], [150.74219838412262, -33.91320211872979], [150.74219838412262, -33.913151357630596], [150.74224914522182, -33.913151357630596], [150.74224914522182, -33.91310059653139], [150.74229990632102, -33.91310059653139], [150.74229990632102, -33.9130498354322], [150.74240142851943, -33.9130498354322], [150.74240142851943, -33.9129483132338], [150.74245218961863, -33.9129483132338], [150.74245218961863, -33.9128975521346], [150.74255371181704, -33.9128975521346], [150.74255371181704, -33.9127960299362], [150.7426044729162, -33.9127960299362], [150.7426044729162, -33.912745268837], [150.74265523401542, -33.912745268837], [150.74265523401542, -33.912694507737804], [150.74270599511462, -33.912694507737804], [150.74270599511462, -33.9126437466386], [150.74275675621382, -33.9126437466386], [150.74275675621382, -33.912592985539405], [150.74285827841223, -33.912592985539405], [150.74285827841223, -33.9125422244402], [150.74290903951143, -33.9125422244402], [150.74290903951143, -33.9124407022418], [150.7429598006106, -33.9124407022418], [150.7429598006106, -33.91238994114261], [150.7430105617098, -33.91238994114261], [150.7430105617098, -33.9123391800434], [150.743061322809, -33.9123391800434], [150.743061322809, -33.91228841894421], [150.74311208390822, -33.91228841894421], [150.74311208390822, -33.91223765784501], [150.74316284500742, -33.91223765784501], [150.74316284500742, -33.91218689674581], [150.74321360610662, -33.91218689674581], [150.74321360610662, -33.91213613564661], [150.74326436720582, -33.91213613564661], [150.74326436720582, -33.91208537454741], [150.74331512830503, -33.91208537454741], [150.74331512830503, -33.91203461344821], [150.7433658894042, -33.91203461344821], [150.7433658894042, -33.91198385234901], [150.7434674116026, -33.91198385234901], [150.7434674116026, -33.911933091249814], [150.7435181727018, -33.911933091249814], [150.7435181727018, -33.911831569051415], [150.74356893380101, -33.911831569051415], [150.74356893380101, -33.91178080795221], [150.74361969490022, -33.91178080795221], [150.74361969490022, -33.911730046853016], [150.74367045599942, -33.911730046853016], [150.74367045599942, -33.91167928575381], [150.7437212170986, -33.91167928575381], [150.7437212170986, -33.91162852465462], [150.7437719781978, -33.91162852465462], [150.7437719781978, -33.911577763555414], [150.743822739297, -33.911577763555414], [150.743822739297, -33.91152700245622], [150.7438735003962, -33.91152700245622], [150.7438735003962, -33.911476241357015], [150.7439242614954, -33.911476241357015], [150.7439242614954, -33.91142548025782], [150.7439750225946, -33.91142548025782], [150.7439750225946, -33.91137471915862], [150.74402578369381, -33.91137471915862], [150.74402578369381, -33.91132395805942], [150.74407654479302, -33.91132395805942], [150.74407654479302, -33.911273196960224], [150.7441273058922, -33.911273196960224], [150.7441273058922, -33.91122243586102], [150.7441780669914, -33.91122243586102], [150.7441780669914, -33.911171674761825], [150.7442288280906, -33.911171674761825], [150.7442288280906, -33.91112091366262], [150.7442795891898, -33.91112091366262], [150.7442795891898, -33.911070152563425], [150.744330350289, -33.911070152563425], [150.744330350289, -33.91101939146422], [150.7443811113882, -33.91101939146422], [150.7443811113882, -33.910968630365026], [150.7444318724874, -33.910968630365026], [150.7444318724874, -33.91091786926582], [150.74448263358659, -33.91091786926582], [150.74448263358659, -33.91086710816663], [150.7445333946858, -33.91086710816663], [150.7445333946858, -33.910816347067424], [150.744584155785, -33.910816347067424], [150.744584155785, -33.91076558596823], [150.7446349168842, -33.91076558596823], [150.7446349168842, -33.91066406376983], [150.7447364390826, -33.91066406376983], [150.7447364390826, -33.910613302670626], [150.7447872001818, -33.910613302670626], [150.7447872001818, -33.91056254157143], [150.744837961281, -33.91056254157143], [150.744837961281, -33.910511780472234], [150.74488872238018, -33.910511780472234], [150.74488872238018, -33.91046101937303], [150.74493948347938, -33.91046101937303], [150.74493948347938, -33.910410258273835], [150.7449902445786, -33.910410258273835], [150.7449902445786, -33.91035949717463], [150.7450410056778, -33.91035949717463], [150.7450410056778, -33.91025797497623], [150.745091766777, -33.91025797497623], [150.745091766777, -33.91020721387704], [150.7451932889754, -33.91020721387704], [150.7451932889754, -33.910156452777834], [150.74524405007458, -33.910156452777834], [150.74524405007458, -33.91010569167864], [150.74529481117378, -33.91010569167864], [150.74529481117378, -33.910054930579435], [150.74534557227298, -33.910054930579435], [150.74534557227298, -33.91000416948024], [150.74539633337218, -33.91000416948024], [150.74539633337218, -33.909953408381035], [150.7454470944714, -33.909953408381035], [150.7454470944714, -33.90990264728184], [150.7454978555706, -33.90990264728184], [150.7454978555706, -33.90980112508344], [150.7455486166698, -33.90980112508344], [150.7455486166698, -33.90969960288504], [150.745599377769, -33.90969960288504], [150.745599377769, -33.909648841785845], [150.74565013886817, -33.909648841785845], [150.74565013886817, -33.909547319587446], [150.74570089996737, -33.909547319587446], [150.74570089996737, -33.90949655848824], [150.74575166106658, -33.90949655848824], [150.74575166106658, -33.909395036289844], [150.74580242216578, -33.909395036289844], [150.74580242216578, -33.90934427519065], [150.74585318326498, -33.90934427519065], [150.74585318326498, -33.90924275299225], [150.7459039443642, -33.90924275299225], [150.7459039443642, -33.90909046969465], [150.7459547054634, -33.90909046969465], [150.7459547054634, -33.90898894749625], [150.74600546656256, -33.90898894749625], [150.74600546656256, -33.90893818639705], [150.74605622766177, -33.90893818639705], [150.74605622766177, -33.90883666419865], [150.74610698876097, -33.90883666419865], [150.74610698876097, -33.90873514200025], [150.74615774986017, -33.90873514200025], [150.74615774986017, -33.90868438090106], [150.74620851095938, -33.90868438090106], [150.74620851095938, -33.90858285870266], [150.74625927205858, -33.90858285870266], [150.74625927205858, -33.90848133650426], [150.74631003315778, -33.90848133650426], [150.74631003315778, -33.90837981430586], [150.746360794257, -33.90837981430586], [150.746360794257, -33.90832905320666], [150.74641155535616, -33.90832905320666], [150.74641155535616, -33.90822753100826], [150.74646231645536, -33.90822753100826], [150.74646231645536, -33.908126008809866], [150.74651307755457, -33.908126008809866], [150.74651307755457, -33.90807524771066], [150.74656383865377, -33.90807524771066], [150.74656383865377, -33.907973725512264], [150.74661459975297, -33.907973725512264], [150.74661459975297, -33.90792296441307], [150.74666536085218, -33.90792296441307], [150.74666536085218, -33.907973725512264], [150.74671612195138, -33.907973725512264], [150.74671612195138, -33.907770681115466], [150.74676688305055, -33.907770681115466], [150.74676688305055, -33.90766915891707], [150.74681764414976, -33.90766915891707], [150.74681764414976, -33.90746611452027], [150.74686840524896, -33.90746611452027], [150.74686840524896, -33.90736459232187], [150.74691916634816, -33.90736459232187], [150.74691916634816, -33.90716154792508], [150.74696992744737, -33.90716154792508], [150.74696992744737, -33.90685698132988], [150.74702068854657, -33.90685698132988], [150.74702068854657, -33.90599404264349], [150.74696992744737, -33.90599404264349], [150.74696992744737, -33.905587953849896], [150.74691916634816, -33.905587953849896], [150.74691916634816, -33.9054864316515], [150.74686840524896, -33.9054864316515], [150.74686840524896, -33.9053341483539], [150.74681764414976, -33.9053341483539], [150.74681764414976, -33.9052326261555], [150.74676688305055, -33.9052326261555], [150.74676688305055, -33.9050803428579], [150.74671612195138, -33.9050803428579], [150.74671612195138, -33.9049788206595], [150.74666536085218, -33.9049788206595], [150.74666536085218, -33.904928059560305], [150.74671612195138, -33.904928059560305], [150.74671612195138, -33.9048772984611], [150.74686840524896, -33.9048772984611], [150.74686840524896, -33.904928059560305], [150.74691916634816, -33.904928059560305], [150.74691916634816, -33.9050803428579], [150.74696992744737, -33.9050803428579], [150.74696992744737, -33.9052326261555], [150.74702068854657, -33.9052326261555], [150.74702068854657, -33.9053341483539], [150.74707144964577, -33.9053341483539], [150.74707144964577, -33.9054864316515], [150.74712221074498, -33.9054864316515], [150.74712221074498, -33.9056387149491], [150.74717297184415, -33.9056387149491], [150.74717297184415, -33.905790998246694], [150.74722373294335, -33.905790998246694], [150.74722373294335, -33.90609556484189], [150.74727449404256, -33.90609556484189], [150.74727449404256, -33.90690774242908], [150.74722373294335, -33.90690774242908], [150.74722373294335, -33.907009264627476], [150.74717297184415, -33.907009264627476], [150.74717297184415, -33.907212309024274], [150.74712221074498, -33.907212309024274], [150.74712221074498, -33.90746611452027], [150.74707144964577, -33.90746611452027], [150.74707144964577, -33.90756763671867], [150.74702068854657, -33.90756763671867], [150.74702068854657, -33.90766915891707], [150.74696992744737, -33.90766915891707], [150.74696992744737, -33.90782144221467], [150.74691916634816, -33.90782144221467], [150.74691916634816, -33.90792296441307]], [[150.74696992744737, -33.90756763671867], [150.74691916634816, -33.90756763671867], [150.74691916634816, -33.90766915891707], [150.74696992744737, -33.90766915891707], [150.74696992744737, -33.90756763671867]]], [[[150.76153836291758, -33.910308736075436], [150.76153836291758, -33.91035949717463], [150.76194445171117, -33.91035949717463], [150.76194445171117, -33.910410258273835], [150.76219825720716, -33.910410258273835], [150.76219825720716, -33.91046101937303], [150.76229977940557, -33.91046101937303], [150.76229977940557, -33.910511780472234], [150.76270586819916, -33.910511780472234], [150.76270586819916, -33.91056254157143], [150.76285815149674, -33.91056254157143], [150.76285815149674, -33.910613302670626], [150.76301043479435, -33.910613302670626], [150.76301043479435, -33.91056254157143], [150.76306119589356, -33.91056254157143], [150.76306119589356, -33.910613302670626], [150.76321347919114, -33.910613302670626], [150.76321347919114, -33.91066406376983], [150.76336576248875, -33.91066406376983], [150.76336576248875, -33.910714824869025], [150.76382261238155, -33.910714824869025], [150.76382261238155, -33.91076558596823], [150.76417794007594, -33.91076558596823], [150.76417794007594, -33.910816347067424], [150.76427946227435, -33.910816347067424], [150.76427946227435, -33.91086710816663], [150.76458402886954, -33.91086710816663], [150.76458402886954, -33.91091786926582], [150.76499011766313, -33.91091786926582], [150.76499011766313, -33.910968630365026], [150.76509163986154, -33.910968630365026], [150.76509163986154, -33.91112091366262], [150.76504087876233, -33.91112091366262], [150.76504087876233, -33.911171674761825], [150.76478707326632, -33.911171674761825], [150.76478707326632, -33.91112091366262], [150.76463478996874, -33.91112091366262], [150.76463478996874, -33.911070152563425], [150.76427946227435, -33.911070152563425], [150.76427946227435, -33.91101939146422], [150.76387337348075, -33.91101939146422], [150.76387337348075, -33.910968630365026], [150.76372109018314, -33.910968630365026], [150.76372109018314, -33.91091786926582], [150.76341652358795, -33.91091786926582], [150.76341652358795, -33.91086710816663], [150.76306119589356, -33.91086710816663], [150.76306119589356, -33.910816347067424], [150.76285815149674, -33.910816347067424], [150.76285815149674, -33.91076558596823], [150.76275662929837, -33.91076558596823], [150.76275662929837, -33.910714824869025], [150.76229977940557, -33.910714824869025], [150.76229977940557, -33.91066406376983], [150.76189369061197, -33.91066406376983], [150.76189369061197, -33.910613302670626], [150.76174140731436, -33.910613302670626], [150.76174140731436, -33.91056254157143], [150.76148760181837, -33.91056254157143], [150.76148760181837, -33.910511780472234], [150.7612337963224, -33.910511780472234], [150.7612337963224, -33.910410258273835], [150.76118303522318, -33.910410258273835], [150.76118303522318, -33.91035949717463], [150.76113227412398, -33.91035949717463], [150.76113227412398, -33.91025797497623], [150.7612845574216, -33.91025797497623], [150.7612845574216, -33.910308736075436], [150.76153836291758, -33.910308736075436]]]]}}, {"type": "Feature", "properties": {"LABEL": "Arterial (40m)", "source": "SEPP_WPC_AER_TRC_001_20250501 (traced from in-force PDF; georeferenced, indicative)"}, "geometry": {"type": "MultiPolygon", "coordinates": [[[[150.7586957413624, -33.94000397910704], [150.7586957413624, -33.94005474020624], [150.7586449802632, -33.94005474020624], [150.7586449802632, -33.94015626240464], [150.75859421916402, -33.94015626240464], [150.75859421916402, -33.94030854570224], [150.75854345806482, -33.94030854570224], [150.75854345806482, -33.940410067900636], [150.75849269696562, -33.940410067900636], [150.75849269696562, -33.940511590099035], [150.75844193586641, -33.940511590099035], [150.75844193586641, -33.94066387339663], [150.7583911747672, -33.94066387339663], [150.7583911747672, -33.94071463449583], [150.758340413668, -33.94071463449583], [150.758340413668, -33.94091767889263], [150.7582896525688, -33.94091767889263], [150.7582896525688, -33.94112072328942], [150.7582388914696, -33.94112072328942], [150.7582388914696, -33.941273006587025], [150.75818813037043, -33.941273006587025], [150.75818813037043, -33.94162833428142], [150.75813736927122, -33.94162833428142], [150.75813736927122, -33.941932900876616], [150.75808660817202, -33.941932900876616], [150.75808660817202, -33.94208518417421], [150.75803584707282, -33.94208518417421], [150.75803584707282, -33.94233898967021], [150.75798508597362, -33.94233898967021], [150.75798508597362, -33.9426435562654], [150.7579343248744, -33.9426435562654], [150.7579343248744, -33.9428466006622], [150.7578835637752, -33.9428466006622], [150.7578835637752, -33.943049645059], [150.75783280267603, -33.943049645059], [150.75783280267603, -33.943303450555], [150.75778204157683, -33.943303450555], [150.75778204157683, -33.943557256050994], [150.75773128047763, -33.943557256050994], [150.75773128047763, -33.94386182264619], [150.75768051937843, -33.94386182264619], [150.75768051937843, -33.944014105943786], [150.75762975827922, -33.944014105943786], [150.75762975827922, -33.94426791143978], [150.75737595278324, -33.94426791143978], [150.75737595278324, -33.94416638924139], [150.75742671388244, -33.94416638924139], [150.75742671388244, -33.94396334484459], [150.7574774749816, -33.94396334484459], [150.7574774749816, -33.94365877824939], [150.75752823608082, -33.94365877824939], [150.75752823608082, -33.943303450555], [150.75757899718002, -33.943303450555], [150.75757899718002, -33.9431511672574], [150.75762975827922, -33.9431511672574], [150.75762975827922, -33.9428466006622], [150.75768051937843, -33.9428466006622], [150.75768051937843, -33.942592795166206], [150.75773128047763, -33.942592795166206], [150.75773128047763, -33.94233898967021], [150.75778204157683, -33.94233898967021], [150.75778204157683, -33.942135945273414], [150.75783280267603, -33.942135945273414], [150.75783280267603, -33.94178061757902], [150.7578835637752, -33.94178061757902], [150.7578835637752, -33.94152681208302], [150.7579343248744, -33.94152681208302], [150.7579343248744, -33.94122224548782], [150.75798508597362, -33.94122224548782], [150.75798508597362, -33.94112072328942], [150.75803584707282, -33.94112072328942], [150.75803584707282, -33.94081615669423], [150.75808660817202, -33.94081615669423], [150.75808660817202, -33.94071463449583], [150.75813736927122, -33.94071463449583], [150.75813736927122, -33.940613112297434], [150.7582388914696, -33.940613112297434], [150.7582388914696, -33.940410067900636], [150.7582896525688, -33.940410067900636], [150.7582896525688, -33.94030854570224], [150.758340413668, -33.94030854570224], [150.758340413668, -33.94010550130544], [150.7583911747672, -33.94010550130544], [150.7583911747672, -33.94000397910704], [150.75844193586641, -33.94000397910704], [150.75844193586641, -33.939953218007844], [150.75849269696562, -33.939953218007844], [150.75849269696562, -33.939851695809445], [150.7586449802632, -33.939851695809445], [150.7586449802632, -33.93990245690864], [150.7587465024616, -33.93990245690864], [150.7587465024616, -33.94000397910704], [150.7586957413624, -33.94000397910704]], [[150.75818813037043, -33.94066387339663], [150.75818813037043, -33.94076539559503], [150.7582388914696, -33.94076539559503], [150.7582388914696, -33.94066387339663], [150.75818813037043, -33.94066387339663]], [[150.75813736927122, -33.94081615669423], [150.75813736927122, -33.94106996219023], [150.75818813037043, -33.94106996219023], [150.75818813037043, -33.94081615669423], [150.75813736927122, -33.94081615669423]], [[150.75808660817202, -33.94112072328942], [150.75808660817202, -33.941273006587025], [150.75813736927122, -33.941273006587025], [150.75813736927122, -33.94112072328942], [150.75808660817202, -33.94112072328942]], [[150.75798508597362, -33.94152681208302], [150.75798508597362, -33.94188213977741], [150.75803584707282, -33.94188213977741], [150.75803584707282, -33.94152681208302], [150.75798508597362, -33.94152681208302]], [[150.7579343248744, -33.941932900876616], [150.7579343248744, -33.94218670637261], [150.75798508597362, -33.94218670637261], [150.75798508597362, -33.941932900876616], [150.7579343248744, -33.941932900876616]]], [[[150.7579343248744, -33.9276690320016], [150.7579343248744, -33.927719793100806], [150.75803584707282, -33.927719793100806], [150.75803584707282, -33.9277705542], [150.7590003079576, -33.9277705542], [150.7590003079576, -33.927821315299205], [150.7600155299416, -33.927821315299205], [150.7600155299416, -33.9278720763984], [150.76108151302478, -33.9278720763984], [150.76108151302478, -33.9279228374976], [150.76113227412398, -33.9279228374976], [150.76113227412398, -33.9279735985968], [150.76214749610796, -33.9279735985968], [150.76214749610796, -33.928024359695996], [150.76255358490155, -33.928024359695996], [150.76255358490155, -33.9279735985968], [150.76260434600076, -33.9279735985968], [150.76260434600076, -33.927719793100806], [150.76265510709996, -33.927719793100806], [150.76265510709996, -33.92741522650561], [150.76270586819916, -33.92741522650561], [150.76270586819916, -33.92731370430721], [150.76275662929837, -33.92731370430721], [150.76275662929837, -33.926958376612816], [150.76280739039757, -33.926958376612816], [150.76280739039757, -33.926603048918416], [150.76285815149674, -33.926603048918416], [150.76285815149674, -33.92634924342242], [150.76290891259595, -33.92634924342242], [150.76290891259595, -33.926146199025624], [150.76295967369515, -33.926146199025624], [150.76295967369515, -33.925943154628825], [150.76301043479435, -33.925943154628825], [150.76301043479435, -33.92553706583523], [150.76306119589356, -33.92553706583523], [150.76306119589356, -33.92533402143844], [150.76311195699276, -33.92533402143844], [150.76311195699276, -33.92513097704164], [150.76316271809196, -33.92513097704164], [150.76316271809196, -33.92487717154564], [150.76321347919114, -33.92487717154564], [150.76321347919114, -33.92467412714884], [150.76326424029034, -33.92467412714884], [150.76326424029034, -33.92457260495044], [150.76331500138954, -33.92457260495044], [150.76331500138954, -33.92447108275205], [150.76336576248875, -33.92447108275205], [150.76336576248875, -33.92431879945445], [150.76341652358795, -33.92431879945445], [150.76341652358795, -33.92421727725605], [150.76346728468715, -33.92421727725605], [150.76346728468715, -33.92406499395845], [150.76351804578636, -33.92406499395845], [150.76351804578636, -33.92401423285925], [150.76356880688556, -33.92401423285925], [150.76356880688556, -33.92391271066085], [150.76361956798473, -33.92391271066085], [150.76361956798473, -33.92381118846245], [150.76367032908394, -33.92381118846245], [150.76367032908394, -33.923760427363256], [150.76372109018314, -33.923760427363256], [150.76372109018314, -33.92365890516486], [150.76377185128234, -33.92365890516486], [150.76377185128234, -33.92360814406566], [150.76382261238155, -33.92360814406566], [150.76382261238155, -33.92355738296646], [150.76387337348075, -33.92355738296646], [150.76387337348075, -33.92360814406566], [150.76397489567913, -33.92360814406566], [150.76397489567913, -33.923760427363256], [150.76392413457995, -33.923760427363256], [150.76392413457995, -33.92391271066085], [150.76387337348075, -33.92391271066085], [150.76387337348075, -33.923963471760054], [150.76382261238155, -33.923963471760054], [150.76382261238155, -33.92406499395845], [150.76377185128234, -33.92406499395845], [150.76377185128234, -33.92416651615685], [150.76372109018314, -33.92416651615685], [150.76372109018314, -33.92421727725605], [150.76367032908394, -33.92421727725605], [150.76367032908394, -33.92431879945445], [150.76361956798473, -33.92431879945445], [150.76361956798473, -33.924420321652846], [150.76356880688556, -33.924420321652846], [150.76356880688556, -33.924623366049644], [150.76351804578636, -33.924623366049644], [150.76351804578636, -33.92472488824804], [150.76346728468715, -33.92472488824804], [150.76346728468715, -33.92487717154564], [150.76341652358795, -33.92487717154564], [150.76341652358795, -33.92513097704164], [150.76336576248875, -33.92513097704164], [150.76336576248875, -33.925181738140836], [150.76331500138954, -33.925181738140836], [150.76331500138954, -33.92553706583523], [150.76326424029034, -33.92553706583523], [150.76326424029034, -33.92589239352963], [150.76321347919114, -33.92589239352963], [150.76321347919114, -33.925943154628825], [150.76316271809196, -33.925943154628825], [150.76316271809196, -33.92634924342242], [150.76311195699276, -33.92634924342242], [150.76311195699276, -33.926603048918416], [150.76306119589356, -33.926603048918416], [150.76306119589356, -33.92690761551361], [150.76301043479435, -33.92690761551361], [150.76301043479435, -33.92711065991041], [150.76295967369515, -33.92711065991041], [150.76295967369515, -33.927364465406406], [150.76290891259595, -33.927364465406406], [150.76290891259595, -33.9276690320016], [150.76285815149674, -33.9276690320016], [150.76285815149674, -33.9279735985968], [150.76290891259595, -33.9279735985968], [150.76290891259595, -33.928024359695996], [150.76311195699276, -33.928024359695996], [150.76311195699276, -33.9280751207952], [150.76321347919114, -33.9280751207952], [150.76321347919114, -33.928125881894395], [150.76402565677833, -33.928125881894395], [150.76402565677833, -33.9281766429936], [150.76427946227435, -33.9281766429936], [150.76427946227435, -33.928227404092794], [150.76488859546473, -33.928227404092794], [150.76488859546473, -33.928278165192], [150.76539620645673, -33.928278165192], [150.76539620645673, -33.928328926291194], [150.76580229525032, -33.928328926291194], [150.76580229525032, -33.9283796873904], [150.7664621895399, -33.9283796873904], [150.7664621895399, -33.92843044848959], [150.7666652339367, -33.92843044848959], [150.7666652339367, -33.928481209588796], [150.7669190394327, -33.928481209588796], [150.7669190394327, -33.92853197068799], [150.7669698005319, -33.92853197068799], [150.7669698005319, -33.928481209588796], [150.76742665042468, -33.928481209588796], [150.76742665042468, -33.92853197068799], [150.7676296948215, -33.92853197068799], [150.7676296948215, -33.928582731787195], [150.7676804559207, -33.928582731787195], [150.7676804559207, -33.92873501508479], [150.7668175172343, -33.92873501508479], [150.7668175172343, -33.92868425398559], [150.7667159950359, -33.92868425398559], [150.7667159950359, -33.92863349288639], [150.7659545785479, -33.92863349288639], [150.7659545785479, -33.928582731787195], [150.7655992508535, -33.928582731787195], [150.7655992508535, -33.92853197068799], [150.76499011766313, -33.92853197068799], [150.76499011766313, -33.928481209588796], [150.76453326777033, -33.928481209588796], [150.76453326777033, -33.92843044848959], [150.76412717897674, -33.92843044848959], [150.76412717897674, -33.9283796873904], [150.76351804578636, -33.9283796873904], [150.76351804578636, -33.928328926291194], [150.76331500138954, -33.928328926291194], [150.76331500138954, -33.928278165192], [150.76280739039757, -33.928278165192], [150.76280739039757, -33.928328926291194], [150.76275662929837, -33.928328926291194], [150.76275662929837, -33.928481209588796], [150.76270586819916, -33.928481209588796], [150.76270586819916, -33.92873501508479], [150.76265510709996, -33.92873501508479], [150.76265510709996, -33.92893805948159], [150.76260434600076, -33.92893805948159], [150.76260434600076, -33.928988820580784], [150.76265510709996, -33.928988820580784], [150.76265510709996, -33.92903958167999], [150.76260434600076, -33.92903958167999], [150.76260434600076, -33.929141103878386], [150.76255358490155, -33.929141103878386], [150.76255358490155, -33.92949643157278], [150.76250282380235, -33.92949643157278], [150.76250282380235, -33.92985175926717], [150.76245206270315, -33.92985175926717], [150.76245206270315, -33.929902520366376], [150.76240130160397, -33.929902520366376], [150.76240130160397, -33.930308609159965], [150.76235054050477, -33.930308609159965], [150.76235054050477, -33.930663936854366], [150.76229977940557, -33.930663936854366], [150.76229977940557, -33.93091774235036], [150.76219825720716, -33.93091774235036], [150.76219825720716, -33.93127307004475], [150.76214749610796, -33.93127307004475], [150.76214749610796, -33.93167915883835], [150.76209673500875, -33.93167915883835], [150.76209673500875, -33.93203448653274], [150.76204597390958, -33.93203448653274], [150.76204597390958, -33.932085247631946], [150.76199521281038, -33.932085247631946], [150.76199521281038, -33.93244057532634], [150.76194445171117, -33.93244057532634], [150.76194445171117, -33.93269438082234], [150.76189369061197, -33.93269438082234], [150.76189369061197, -33.93274514192154], [150.76184292951277, -33.93274514192154], [150.76184292951277, -33.93279590302073], [150.76189369061197, -33.93279590302073], [150.76189369061197, -33.93289742521913], [150.76184292951277, -33.93289742521913], [150.76184292951277, -33.93315123071513], [150.76179216841356, -33.93315123071513], [150.76179216841356, -33.93345579731033], [150.76174140731436, -33.93345579731033], [150.76174140731436, -33.933709602806324], [150.76169064621516, -33.933709602806324], [150.76169064621516, -33.93381112500472], [150.76163988511598, -33.93381112500472], [150.76163988511598, -33.93401416940152], [150.76158912401678, -33.93401416940152], [150.76158912401678, -33.93416645269912], [150.76153836291758, -33.93416645269912], [150.76153836291758, -33.934267974897516], [150.76148760181837, -33.934267974897516], [150.76148760181837, -33.934471019294314], [150.76143684071917, -33.934471019294314], [150.76143684071917, -33.93452178039351], [150.76138607961997, -33.93452178039351], [150.76138607961997, -33.93457254149271], [150.76133531852076, -33.93457254149271], [150.76133531852076, -33.93472482479031], [150.7612845574216, -33.93472482479031], [150.7612845574216, -33.93477558588951], [150.7612337963224, -33.93477558588951], [150.7612337963224, -33.93487710808791], [150.76118303522318, -33.93487710808791], [150.76118303522318, -33.93508015248471], [150.76113227412398, -33.93508015248471], [150.76113227412398, -33.935130913583905], [150.76108151302478, -33.935130913583905], [150.76108151302478, -33.93518167468311], [150.76103075192557, -33.93518167468311], [150.76103075192557, -33.935232435782304], [150.76097999082637, -33.935232435782304], [150.76097999082637, -33.9352831968815], [150.76103075192557, -33.9352831968815], [150.76103075192557, -33.9353339579807], [150.76097999082637, -33.9353339579807], [150.76097999082637, -33.9354354801791], [150.76092922972717, -33.9354354801791], [150.76092922972717, -33.9355370023775], [150.760878468628, -33.9355370023775], [150.760878468628, -33.9357400467743], [150.7607769464296, -33.9357400467743], [150.7607769464296, -33.935790807873495], [150.76072618533038, -33.935790807873495], [150.76072618533038, -33.935892330071894], [150.76067542423118, -33.935892330071894], [150.76067542423118, -33.93609537446869], [150.76062466313198, -33.93609537446869], [150.76062466313198, -33.93614613556789], [150.76057390203277, -33.93614613556789], [150.76057390203277, -33.93629841886549], [150.7605231409336, -33.93629841886549], [150.7605231409336, -33.93639994106389], [150.7604723798344, -33.93639994106389], [150.7604723798344, -33.93650146326229], [150.7604216187352, -33.93650146326229], [150.7604216187352, -33.936552224361485], [150.760370857636, -33.936552224361485], [150.760370857636, -33.93675526875828], [150.7603200965368, -33.93675526875828], [150.7603200965368, -33.936806029857486], [150.76026933543758, -33.936806029857486], [150.76026933543758, -33.93690755205588], [150.76021857433838, -33.93690755205588], [150.76021857433838, -33.93700907425428], [150.76016781323918, -33.93700907425428], [150.76016781323918, -33.937110596452676], [150.76011705214, -33.937110596452676], [150.76011705214, -33.93716135755188], [150.7600662910408, -33.93716135755188], [150.7600662910408, -33.93726287975028], [150.7600155299416, -33.93726287975028], [150.7600155299416, -33.93736440194868], [150.7599647688424, -33.93736440194868], [150.7599647688424, -33.93746592414708], [150.7599140077432, -33.93746592414708], [150.7599140077432, -33.937668968543875], [150.759863246644, -33.937668968543875], [150.759863246644, -33.93777049074227], [150.75981248554478, -33.93777049074227], [150.75981248554478, -33.93782125184147], [150.7597617244456, -33.93782125184147], [150.7597617244456, -33.937872012940666], [150.7597109633464, -33.937872012940666], [150.7597109633464, -33.938075057337464], [150.7596602022472, -33.938075057337464], [150.7596602022472, -33.93812581843667], [150.759609441148, -33.93812581843667], [150.759609441148, -33.93817657953586], [150.7595586800488, -33.93817657953586], [150.7595586800488, -33.938328862833465], [150.7595079189496, -33.938328862833465], [150.7595079189496, -33.938430385031864], [150.7594571578504, -33.938430385031864], [150.7594571578504, -33.93853190723026], [150.7594063967512, -33.93853190723026], [150.7594063967512, -33.93868419052786], [150.759355635652, -33.93868419052786], [150.759355635652, -33.938734951627055], [150.7593048745528, -33.938734951627055], [150.7593048745528, -33.938836473825454], [150.7592541134536, -33.938836473825454], [150.7592541134536, -33.938988757123056], [150.7592033523544, -33.938988757123056], [150.7592033523544, -33.939090279321455], [150.75894954685842, -33.939090279321455], [150.75894954685842, -33.93914104042065], [150.759101830156, -33.93914104042065], [150.759101830156, -33.93924256261905], [150.7590510690568, -33.93924256261905], [150.7590510690568, -33.939394845916645], [150.7590003079576, -33.939394845916645], [150.7590003079576, -33.939496368115044], [150.75889878575921, -33.939496368115044], [150.75889878575921, -33.93969941251184], [150.75884802466, -33.93969941251184], [150.75884802466, -33.939750173611046], [150.7587972635608, -33.939750173611046], [150.7587972635608, -33.939851695809445], [150.7586449802632, -33.939851695809445], [150.7586449802632, -33.93980093471024], [150.75854345806482, -33.93980093471024], [150.75854345806482, -33.939750173611046], [150.75859421916402, -33.939750173611046], [150.75859421916402, -33.93964865141265], [150.7586449802632, -33.93964865141265], [150.7586449802632, -33.93944560701585], [150.7586957413624, -33.93944560701585], [150.7586957413624, -33.939394845916645], [150.7587465024616, -33.939394845916645], [150.7587465024616, -33.93929332371825], [150.7587972635608, -33.93929332371825], [150.7587972635608, -33.939191801519854], [150.75884802466, -33.939191801519854], [150.75884802466, -33.93914104042065], [150.75889878575921, -33.93914104042065], [150.75889878575921, -33.93903951822225], [150.75894954685842, -33.93903951822225], [150.75894954685842, -33.93893799602385], [150.7590003079576, -33.93893799602385], [150.7590003079576, -33.93878571272626], [150.7590510690568, -33.93878571272626], [150.7590510690568, -33.938734951627055], [150.759101830156, -33.938734951627055], [150.759101830156, -33.93853190723026], [150.7591525912552, -33.93853190723026], [150.7591525912552, -33.93848114613106], [150.7592033523544, -33.93848114613106], [150.7592033523544, -33.93837962393266], [150.7592541134536, -33.93837962393266], [150.7592541134536, -33.93827810173426], [150.7593048745528, -33.93827810173426], [150.7593048745528, -33.93812581843667], [150.759355635652, -33.93812581843667], [150.759355635652, -33.93802429623827], [150.7594063967512, -33.93802429623827], [150.7594063967512, -33.937973535139065], [150.7594571578504, -33.937973535139065], [150.7594571578504, -33.937872012940666], [150.7595079189496, -33.937872012940666], [150.7595079189496, -33.93782125184147], [150.7595586800488, -33.93782125184147], [150.7595586800488, -33.93771972964307], [150.759609441148, -33.93771972964307], [150.759609441148, -33.93761820744467], [150.7596602022472, -33.93761820744467], [150.7596602022472, -33.93741516304787], [150.7597109633464, -33.93741516304787], [150.7597109633464, -33.93736440194868], [150.7597617244456, -33.93736440194868], [150.7597617244456, -33.937212118651075], [150.75981248554478, -33.937212118651075], [150.75981248554478, -33.93716135755188], [150.759863246644, -33.93716135755188], [150.759863246644, -33.93705983535348], [150.7599140077432, -33.93705983535348], [150.7599140077432, -33.93695831315508], [150.7599647688424, -33.93695831315508], [150.7599647688424, -33.93675526875828], [150.7600155299416, -33.93675526875828], [150.7600155299416, -33.93670450765909], [150.76011705214, -33.93670450765909], [150.76011705214, -33.936552224361485], [150.76016781323918, -33.936552224361485], [150.76016781323918, -33.936450702163086], [150.76021857433838, -33.936450702163086], [150.76021857433838, -33.93634917996469], [150.76026933543758, -33.93634917996469], [150.76026933543758, -33.93619689666709], [150.7603200965368, -33.93619689666709], [150.7603200965368, -33.93609537446869], [150.760370857636, -33.93609537446869], [150.760370857636, -33.936044613369496], [150.7604216187352, -33.936044613369496], [150.7604216187352, -33.935892330071894], [150.7604723798344, -33.935892330071894], [150.7604723798344, -33.935790807873495], [150.7605231409336, -33.935790807873495], [150.7605231409336, -33.9357400467743], [150.76057390203277, -33.9357400467743], [150.76057390203277, -33.9356385245759], [150.76062466313198, -33.9356385245759], [150.76062466313198, -33.9354862412783], [150.76067542423118, -33.9354862412783], [150.76067542423118, -33.9354354801791], [150.76072618533038, -33.9354354801791], [150.76072618533038, -33.9353339579807], [150.7607769464296, -33.9353339579807], [150.7607769464296, -33.935232435782304], [150.7608277075288, -33.935232435782304], [150.7608277075288, -33.935130913583905], [150.760878468628, -33.935130913583905], [150.760878468628, -33.935029391385505], [150.76092922972717, -33.935029391385505], [150.76092922972717, -33.93482634698871], [150.76097999082637, -33.93482634698871], [150.76097999082637, -33.93477558588951], [150.76103075192557, -33.93477558588951], [150.76103075192557, -33.93467406369111], [150.76113227412398, -33.93467406369111], [150.76113227412398, -33.93462330259191], [150.76108151302478, -33.93462330259191], [150.76108151302478, -33.93457254149271], [150.76113227412398, -33.93457254149271], [150.76113227412398, -33.934471019294314], [150.76118303522318, -33.934471019294314], [150.76118303522318, -33.934369497095915], [150.7612337963224, -33.934369497095915], [150.7612337963224, -33.934267974897516], [150.7612845574216, -33.934267974897516], [150.7612845574216, -33.93416645269912], [150.76133531852076, -33.93416645269912], [150.76133531852076, -33.93401416940152], [150.76138607961997, -33.93401416940152], [150.76138607961997, -33.93386188610392], [150.76143684071917, -33.93386188610392], [150.76143684071917, -33.93376036390552], [150.76148760181837, -33.93376036390552], [150.76148760181837, -33.933506558409526], [150.76153836291758, -33.933506558409526], [150.76153836291758, -33.93315123071513], [150.76158912401678, -33.93315123071513], [150.76158912401678, -33.93299894741753], [150.76163988511598, -33.93299894741753], [150.76163988511598, -33.932948186318335], [150.76158912401678, -33.932948186318335], [150.76158912401678, -33.932846664119936], [150.76163988511598, -33.932846664119936], [150.76163988511598, -33.93274514192154], [150.76169064621516, -33.93274514192154], [150.76169064621516, -33.93238981422714], [150.76174140731436, -33.93238981422714], [150.76174140731436, -33.932186769830345], [150.76179216841356, -33.932186769830345], [150.76179216841356, -33.93193296433435], [150.76184292951277, -33.93193296433435], [150.76184292951277, -33.93172991993755], [150.76189369061197, -33.93172991993755], [150.76189369061197, -33.93137459224315], [150.76194445171117, -33.93137459224315], [150.76194445171117, -33.93122230894556], [150.76199521281038, -33.93122230894556], [150.76199521281038, -33.93091774235036], [150.76204597390958, -33.93091774235036], [150.76204597390958, -33.93061317575516], [150.76209673500875, -33.93061317575516], [150.76209673500875, -33.93025784806077], [150.76214749610796, -33.93025784806077], [150.76214749610796, -33.93020708696157], [150.76219825720716, -33.93020708696157], [150.76219825720716, -33.929902520366376], [150.76224901830636, -33.929902520366376], [150.76224901830636, -33.929547192671976], [150.76229977940557, -33.929547192671976], [150.76229977940557, -33.929242626076785], [150.76235054050477, -33.929242626076785], [150.76235054050477, -33.929141103878386], [150.76240130160397, -33.929141103878386], [150.76240130160397, -33.92873501508479], [150.76245206270315, -33.92873501508479], [150.76245206270315, -33.92843044848959], [150.76250282380235, -33.92843044848959], [150.76250282380235, -33.928278165192], [150.76235054050477, -33.928278165192], [150.76235054050477, -33.928227404092794], [150.76153836291758, -33.928227404092794], [150.76153836291758, -33.9281766429936], [150.7612845574216, -33.9281766429936], [150.7612845574216, -33.928125881894395], [150.76021857433838, -33.928125881894395], [150.76021857433838, -33.9280751207952], [150.7591525912552, -33.9280751207952], [150.7591525912552, -33.928024359695996], [150.758340413668, -33.928024359695996], [150.758340413668, -33.9279735985968], [150.75803584707282, -33.9279735985968], [150.75803584707282, -33.9279228374976], [150.75702062508884, -33.9279228374976], [150.75702062508884, -33.9278720763984], [150.75600540310484, -33.9278720763984], [150.75600540310484, -33.927821315299205], [150.75524398661685, -33.927821315299205], [150.75524398661685, -33.9277705542], [150.75493942002166, -33.9277705542], [150.75493942002166, -33.927719793100806], [150.75412724243446, -33.927719793100806], [150.75412724243446, -33.9276690320016], [150.7527059316569, -33.9276690320016], [150.7527059316569, -33.92761827090241], [150.7520460373673, -33.92761827090241], [150.7520460373673, -33.927567509803204], [150.7516399485737, -33.927567509803204], [150.7516399485737, -33.92751674870401], [150.7514876652761, -33.92751674870401], [150.7514876652761, -33.927465987604805], [150.75133538197852, -33.927465987604805], [150.75133538197852, -33.92751674870401], [150.75047244329213, -33.92751674870401], [150.75047244329213, -33.927465987604805], [150.74960950460573, -33.927465987604805], [150.74960950460573, -33.92741522650561], [150.74950798240732, -33.92741522650561], [150.74950798240732, -33.92721218210881], [150.75042168219292, -33.92721218210881], [150.75042168219292, -33.92726294320801], [150.75082777098652, -33.92726294320801], [150.75082777098652, -33.92731370430721], [150.75092929318492, -33.92731370430721], [150.75092929318492, -33.92726294320801], [150.7515384263753, -33.92726294320801], [150.7515384263753, -33.92731370430721], [150.7515891874745, -33.92731370430721], [150.7515891874745, -33.927364465406406], [150.75250288726008, -33.927364465406406], [150.75250288726008, -33.92741522650561], [150.7526551705577, -33.92741522650561], [150.7526551705577, -33.927465987604805], [150.7527566927561, -33.927465987604805], [150.7527566927561, -33.92741522650561], [150.75372115364087, -33.92741522650561], [150.75372115364087, -33.927465987604805], [150.75478713672408, -33.927465987604805], [150.75478713672408, -33.92751674870401], [150.75483789782325, -33.92751674870401], [150.75483789782325, -33.927567509803204], [150.75585311980726, -33.927567509803204], [150.75585311980726, -33.92761827090241], [150.75595464200563, -33.92761827090241], [150.75595464200563, -33.9276690320016], [150.75600540310484, -33.9276690320016], [150.75600540310484, -33.927719793100806], [150.75605616420404, -33.927719793100806], [150.75605616420404, -33.92761827090241], [150.75686834179123, -33.92761827090241], [150.75686834179123, -33.9276690320016], [150.7579343248744, -33.9276690320016]], [[150.76108151302478, -33.935029391385505], [150.76103075192557, -33.935029391385505], [150.76103075192557, -33.935130913583905], [150.76108151302478, -33.935130913583905], [150.76108151302478, -33.935029391385505]], [[150.76118303522318, -33.93452178039351], [150.7612337963224, -33.93452178039351], [150.7612337963224, -33.934471019294314], [150.76118303522318, -33.934471019294314], [150.76118303522318, -33.93452178039351]], [[150.75133538197852, -33.92741522650561], [150.75123385978011, -33.92741522650561], [150.75123385978011, -33.927465987604805], [150.75133538197852, -33.927465987604805], [150.75133538197852, -33.92741522650561]], [[150.75123385978011, -33.927364465406406], [150.7510815764825, -33.927364465406406], [150.7510815764825, -33.92741522650561], [150.75123385978011, -33.92741522650561], [150.75123385978011, -33.927364465406406]], [[150.7510815764825, -33.92731370430721], [150.7509800542841, -33.92731370430721], [150.7509800542841, -33.927364465406406], [150.7510815764825, -33.927364465406406], [150.7510815764825, -33.92731370430721]], [[150.75595464200563, -33.927719793100806], [150.75595464200563, -33.9277705542], [150.75600540310484, -33.9277705542], [150.75600540310484, -33.927719793100806], [150.75595464200563, -33.927719793100806]], [[150.7528074538553, -33.92751674870401], [150.7531120204505, -33.92751674870401], [150.7531120204505, -33.927465987604805], [150.7528074538553, -33.927465987604805], [150.7528074538553, -33.92751674870401]], [[150.7531627815497, -33.927567509803204], [150.75346734814488, -33.927567509803204], [150.75346734814488, -33.92751674870401], [150.7531627815497, -33.92751674870401], [150.7531627815497, -33.927567509803204]], [[150.75351810924408, -33.92761827090241], [150.75377191474007, -33.92761827090241], [150.75377191474007, -33.927567509803204], [150.75351810924408, -33.927567509803204], [150.75351810924408, -33.92761827090241]], [[150.76108151302478, -33.93497863028631], [150.76113227412398, -33.93497863028631], [150.76113227412398, -33.93472482479031], [150.76108151302478, -33.93472482479031], [150.76108151302478, -33.93482634698871], [150.76103075192557, -33.93482634698871], [150.76103075192557, -33.93487710808791], [150.76108151302478, -33.93487710808791], [150.76108151302478, -33.93497863028631]], [[150.760878468628, -33.935232435782304], [150.76092922972717, -33.935232435782304], [150.76092922972717, -33.93518167468311], [150.760878468628, -33.93518167468311], [150.760878468628, -33.935232435782304]]], [[[150.73042180910838, -33.91843051194733], [150.73042180910838, -33.91868431744332], [150.73037104800918, -33.91868431744332], [150.73037104800918, -33.91909040623692], [150.7302695258108, -33.91909040623692], [150.7302695258108, -33.919141167336115], [150.73032028690997, -33.919141167336115], [150.73032028690997, -33.919242689534514], [150.7302695258108, -33.919242689534514], [150.7302695258108, -33.91929345063372], [150.73032028690997, -33.91929345063372], [150.73032028690997, -33.91934421173291], [150.7302695258108, -33.91934421173291], [150.7302695258108, -33.91954725612971], [150.7302187647116, -33.91954725612971], [150.7302187647116, -33.91995334492331], [150.7301680036124, -33.91995334492331], [150.7301680036124, -33.9200041060225], [150.7301172425132, -33.9200041060225], [150.7301172425132, -33.920359433716904], [150.73006648141399, -33.920359433716904], [150.73006648141399, -33.9206132392129], [150.73001572031478, -33.9206132392129], [150.73001572031478, -33.9207147614113], [150.72996495921558, -33.9207147614113], [150.72996495921558, -33.92107008910569], [150.7299141981164, -33.92107008910569], [150.7299141981164, -33.92147617789929], [150.7298634370172, -33.92147617789929], [150.7298634370172, -33.92152693899848], [150.729812675918, -33.92152693899848], [150.729812675918, -33.92193302779208], [150.7297619148188, -33.92193302779208], [150.7297619148188, -33.92213607218888], [150.7297111537196, -33.92213607218888], [150.7297111537196, -33.92238987768487], [150.7296603926204, -33.92238987768487], [150.7296603926204, -33.92264368318087], [150.72960963152119, -33.92264368318087], [150.72960963152119, -33.92284672757767], [150.72955887042198, -33.92284672757767], [150.72955887042198, -33.92315129417286], [150.7295081093228, -33.92315129417286], [150.7295081093228, -33.92355738296646], [150.7294573482236, -33.92355738296646], [150.7294573482236, -33.92360814406566], [150.7294065871244, -33.92360814406566], [150.7294065871244, -33.92401423285925], [150.7293558260252, -33.92401423285925], [150.7293558260252, -33.92406499395845], [150.729305064926, -33.92406499395845], [150.729305064926, -33.92411575505765], [150.7293558260252, -33.92411575505765], [150.7293558260252, -33.92431879945445], [150.729305064926, -33.92431879945445], [150.729305064926, -33.92447108275205], [150.7292543038268, -33.92447108275205], [150.7292543038268, -33.92482641044644], [150.7292035427276, -33.92482641044644], [150.7292035427276, -33.92487717154564], [150.72915278162841, -33.92487717154564], [150.72915278162841, -33.925181738140836], [150.7291020205292, -33.925181738140836], [150.7291020205292, -33.92558782693443], [150.72905125943, -33.92558782693443], [150.72905125943, -33.92568934913283], [150.7290004983308, -33.92568934913283], [150.7290004983308, -33.92609543792643], [150.7289497372316, -33.92609543792643], [150.7289497372316, -33.92640000452162], [150.7288989761324, -33.92640000452162], [150.7288989761324, -33.92655228781922], [150.7288482150332, -33.92655228781922], [150.7288482150332, -33.92690761551361], [150.728797453934, -33.92690761551361], [150.728797453934, -33.92700913771201], [150.72874669283482, -33.92700913771201], [150.72874669283482, -33.927364465406406], [150.72869593173561, -33.927364465406406], [150.72869593173561, -33.927719793100806], [150.7286451706364, -33.927719793100806], [150.7286451706364, -33.927821315299205], [150.7285944095372, -33.927821315299205], [150.7285944095372, -33.928125881894395], [150.728543648438, -33.928125881894395], [150.728543648438, -33.928328926291194], [150.7284928873388, -33.928328926291194], [150.7284928873388, -33.92853197068799], [150.7284421262396, -33.92853197068799], [150.7284421262396, -33.928785776183986], [150.72839136514042, -33.928785776183986], [150.72839136514042, -33.92909034277918], [150.72834060404122, -33.92909034277918], [150.72834060404122, -33.929141103878386], [150.72828984294202, -33.929141103878386], [150.72828984294202, -33.929344148275185], [150.72823908184282, -33.929344148275185], [150.72823908184282, -33.92949643157278], [150.7281883207436, -33.92949643157278], [150.7281883207436, -33.92959795377118], [150.7281375596444, -33.92959795377118], [150.7281375596444, -33.92969947596958], [150.7280867985452, -33.92969947596958], [150.7280867985452, -33.929750237068774], [150.728036037446, -33.929750237068774], [150.728036037446, -33.92985175926717], [150.72798527634683, -33.92985175926717], [150.72798527634683, -33.92995328146557], [150.72793451524763, -33.92995328146557], [150.72793451524763, -33.930004042564775], [150.72788375414842, -33.930004042564775], [150.72788375414842, -33.930105564763174], [150.72783299304922, -33.930105564763174], [150.72783299304922, -33.93015632586237], [150.72778223195002, -33.93015632586237], [150.72778223195002, -33.93020708696157], [150.7277314708508, -33.93020708696157], [150.7277314708508, -33.930308609159965], [150.7276807097516, -33.930308609159965], [150.7276807097516, -33.93035937025917], [150.72762994865244, -33.93035937025917], [150.72762994865244, -33.930410131358364], [150.72757918755323, -33.930410131358364], [150.72757918755323, -33.93046089245757], [150.72747766535483, -33.93046089245757], [150.72747766535483, -33.93035937025917], [150.72742690425562, -33.93035937025917], [150.72742690425562, -33.93025784806077], [150.72747766535483, -33.93025784806077], [150.72747766535483, -33.93015632586237], [150.72752842645403, -33.93015632586237], [150.72752842645403, -33.930105564763174], [150.72757918755323, -33.930105564763174], [150.72757918755323, -33.93005480366397], [150.72762994865244, -33.93005480366397], [150.72762994865244, -33.92995328146557], [150.7276807097516, -33.92995328146557], [150.7276807097516, -33.929902520366376], [150.7277314708508, -33.929902520366376], [150.7277314708508, -33.92985175926717], [150.72778223195002, -33.92985175926717], [150.72778223195002, -33.929750237068774], [150.72783299304922, -33.929750237068774], [150.72783299304922, -33.929648714870375], [150.72788375414842, -33.929648714870375], [150.72788375414842, -33.929547192671976], [150.72793451524763, -33.929547192671976], [150.72793451524763, -33.929445670473584], [150.72798527634683, -33.929445670473584], [150.72798527634683, -33.929344148275185], [150.728036037446, -33.929344148275185], [150.728036037446, -33.92919186497758], [150.7280867985452, -33.92919186497758], [150.7280867985452, -33.92893805948159], [150.7281375596444, -33.92893805948159], [150.7281375596444, -33.92883653728319], [150.7281883207436, -33.92883653728319], [150.7281883207436, -33.928582731787195], [150.72823908184282, -33.928582731787195], [150.72823908184282, -33.92843044848959], [150.72828984294202, -33.92843044848959], [150.72828984294202, -33.928125881894395], [150.72834060404122, -33.928125881894395], [150.72834060404122, -33.9279228374976], [150.72839136514042, -33.9279228374976], [150.72839136514042, -33.92761827090241], [150.7284421262396, -33.92761827090241], [150.7284421262396, -33.927364465406406], [150.7284928873388, -33.927364465406406], [150.7284928873388, -33.92700913771201], [150.728543648438, -33.92700913771201], [150.728543648438, -33.92685685441442], [150.7285944095372, -33.92685685441442], [150.7285944095372, -33.926603048918416], [150.7286451706364, -33.926603048918416], [150.7286451706364, -33.92629848232322], [150.72869593173561, -33.92629848232322], [150.72869593173561, -33.926146199025624], [150.72874669283482, -33.926146199025624], [150.72874669283482, -33.92589239352963], [150.728797453934, -33.92589239352963], [150.728797453934, -33.92558782693443], [150.7288482150332, -33.92558782693443], [150.7288482150332, -33.925283260339235], [150.7288989761324, -33.925283260339235], [150.7288989761324, -33.92497869374404], [150.7289497372316, -33.92497869374404], [150.7289497372316, -33.92477564934724], [150.7290004983308, -33.92477564934724], [150.7290004983308, -33.92467412714884], [150.72905125943, -33.92467412714884], [150.72905125943, -33.924623366049644], [150.7290004983308, -33.924623366049644], [150.7290004983308, -33.92447108275205], [150.72905125943, -33.92447108275205], [150.72905125943, -33.92421727725605], [150.7291020205292, -33.92421727725605], [150.7291020205292, -33.92406499395845], [150.72915278162841, -33.92406499395845], [150.72915278162841, -33.92370966626406], [150.7292035427276, -33.92370966626406], [150.7292035427276, -33.92350662186726], [150.7292543038268, -33.92350662186726], [150.7292543038268, -33.92325281637126], [150.729305064926, -33.92325281637126], [150.729305064926, -33.92289748867687], [150.7293558260252, -33.92289748867687], [150.7293558260252, -33.92274520537927], [150.7294065871244, -33.92274520537927], [150.7294065871244, -33.92249139988327], [150.7294573482236, -33.92249139988327], [150.7294573482236, -33.922440638784074], [150.7294065871244, -33.922440638784074], [150.7294065871244, -33.92238987768487], [150.7294573482236, -33.92238987768487], [150.7294573482236, -33.92218683328807], [150.7295081093228, -33.92218683328807], [150.7295081093228, -33.92198378889128], [150.72955887042198, -33.92198378889128], [150.72955887042198, -33.921679222296085], [150.72960963152119, -33.921679222296085], [150.72960963152119, -33.92147617789929], [150.7296603926204, -33.92147617789929], [150.7296603926204, -33.92117161130409], [150.7297111537196, -33.92117161130409], [150.7297111537196, -33.920816283609696], [150.7297619148188, -33.920816283609696], [150.7297619148188, -33.920664000312094], [150.729812675918, -33.920664000312094], [150.729812675918, -33.920359433716904], [150.7298634370172, -33.920359433716904], [150.7298634370172, -33.920054867121706], [150.7299141981164, -33.920054867121706], [150.7299141981164, -33.919902583824104], [150.72996495921558, -33.919902583824104], [150.72996495921558, -33.919598017228914], [150.73001572031478, -33.919598017228914], [150.73001572031478, -33.91934421173291], [150.73006648141399, -33.91934421173291], [150.73006648141399, -33.919141167336115], [150.7301172425132, -33.919141167336115], [150.7301172425132, -33.91878583964172], [150.7301680036124, -33.91878583964172], [150.7301680036124, -33.91853203414573], [150.7302187647116, -33.91853203414573], [150.7302187647116, -33.91832898974893], [150.7302695258108, -33.91832898974893], [150.7302695258108, -33.918379750848125], [150.73037104800918, -33.918379750848125], [150.73037104800918, -33.91843051194733], [150.73042180910838, -33.91843051194733]]], [[[150.7663606673415, -33.92107008910569], [150.7663606673415, -33.921019328006494], [150.7664114284407, -33.921019328006494], [150.7664114284407, -33.92096856690729], [150.7664621895399, -33.92096856690729], [150.7664621895399, -33.92086704470889], [150.7665637117383, -33.92086704470889], [150.7665637117383, -33.920816283609696], [150.7666652339367, -33.920816283609696], [150.7666652339367, -33.92076552251049], [150.7667159950359, -33.92076552251049], [150.7667159950359, -33.920664000312094], [150.7667667561351, -33.920664000312094], [150.7667667561351, -33.9206132392129], [150.7668682783335, -33.9206132392129], [150.7668682783335, -33.920562478113695], [150.7669190394327, -33.920562478113695], [150.7669190394327, -33.920460955915296], [150.7670205616311, -33.920460955915296], [150.7670205616311, -33.920359433716904], [150.7671220838295, -33.920359433716904], [150.7671220838295, -33.9203086726177], [150.7671728449287, -33.9203086726177], [150.7671728449287, -33.920257911518505], [150.7672236060279, -33.920257911518505], [150.7672236060279, -33.9202071504193], [150.7672743671271, -33.9202071504193], [150.7672743671271, -33.920156389320105], [150.7673251282263, -33.920156389320105], [150.7673251282263, -33.9201056282209], [150.76742665042468, -33.9201056282209], [150.76742665042468, -33.920054867121706], [150.7675281726231, -33.920054867121706], [150.7675281726231, -33.9201056282209], [150.7675789337223, -33.9201056282209], [150.7675789337223, -33.920156389320105], [150.7676296948215, -33.920156389320105], [150.7676296948215, -33.920257911518505], [150.7675281726231, -33.920257911518505], [150.7675281726231, -33.9203086726177], [150.76747741152388, -33.9203086726177], [150.76747741152388, -33.920359433716904], [150.76742665042468, -33.920359433716904], [150.76742665042468, -33.9204101948161], [150.7673758893255, -33.9204101948161], [150.7673758893255, -33.920460955915296], [150.7673251282263, -33.920460955915296], [150.7673251282263, -33.9205117170145], [150.7672236060279, -33.9205117170145], [150.7672236060279, -33.9206132392129], [150.7671728449287, -33.9206132392129], [150.7671728449287, -33.920664000312094], [150.7671220838295, -33.920664000312094], [150.7671220838295, -33.9206132392129], [150.7669190394327, -33.9206132392129], [150.7669190394327, -33.920664000312094], [150.7670713227303, -33.920664000312094], [150.7670713227303, -33.9207147614113], [150.7670205616311, -33.9207147614113], [150.7670205616311, -33.92076552251049], [150.7669698005319, -33.92076552251049], [150.7669698005319, -33.920816283609696], [150.7669190394327, -33.920816283609696], [150.7669190394327, -33.920917805808095], [150.7668682783335, -33.920917805808095], [150.7668682783335, -33.92096856690729], [150.7667667561351, -33.92096856690729], [150.7667667561351, -33.921019328006494], [150.7666652339367, -33.921019328006494], [150.7666652339367, -33.92112085020489], [150.76661447283752, -33.92112085020489], [150.76661447283752, -33.92117161130409], [150.7665637117383, -33.92117161130409], [150.7665637117383, -33.92122237240329], [150.7665129506391, -33.92122237240329], [150.7665129506391, -33.92127313350249], [150.7664621895399, -33.92127313350249], [150.7664621895399, -33.921323894601684], [150.7664114284407, -33.921323894601684], [150.7664114284407, -33.92137465570089], [150.7663606673415, -33.92137465570089], [150.7663606673415, -33.92142541680008], [150.76620838404392, -33.92142541680008], [150.76620838404392, -33.92152693899848], [150.76615762294472, -33.92152693899848], [150.76615762294472, -33.921577700097686], [150.76610686184551, -33.921577700097686], [150.76610686184551, -33.921679222296085], [150.7660053396471, -33.921679222296085], [150.7660053396471, -33.92172998339528], [150.7659545785479, -33.92172998339528], [150.7659545785479, -33.921780744494484], [150.7659038174487, -33.921780744494484], [150.7659038174487, -33.92183150559368], [150.76585305634953, -33.92183150559368], [150.76585305634953, -33.92188226669288], [150.76575153415112, -33.92188226669288], [150.76575153415112, -33.92183150559368], [150.76580229525032, -33.92183150559368], [150.76580229525032, -33.921780744494484], [150.76575153415112, -33.921780744494484], [150.76575153415112, -33.92172998339528], [150.76570077305192, -33.92172998339528], [150.76570077305192, -33.92198378889128], [150.76565001195272, -33.92198378889128], [150.76565001195272, -33.92208531108968], [150.7655992508535, -33.92208531108968], [150.7655992508535, -33.92213607218888], [150.7655484897543, -33.92213607218888], [150.7655484897543, -33.92218683328807], [150.76534544535753, -33.92218683328807], [150.76534544535753, -33.922237594387276], [150.76544696755593, -33.922237594387276], [150.76544696755593, -33.92228835548647], [150.76534544535753, -33.92228835548647], [150.76534544535753, -33.922339116585675], [150.76529468425832, -33.922339116585675], [150.76529468425832, -33.92238987768487], [150.76519316205992, -33.92238987768487], [150.76519316205992, -33.92249139988327], [150.7651424009607, -33.92249139988327], [150.7651424009607, -33.92254216098247], [150.76509163986154, -33.92254216098247], [150.76509163986154, -33.92264368318087], [150.76499011766313, -33.92264368318087], [150.76499011766313, -33.92269444428007], [150.76488859546473, -33.92269444428007], [150.76488859546473, -33.92279596647847], [150.76483783436552, -33.92279596647847], [150.76483783436552, -33.92284672757767], [150.76473631216712, -33.92284672757767], [150.76473631216712, -33.92289748867687], [150.76468555106794, -33.92289748867687], [150.76468555106794, -33.92294824977606], [150.76463478996874, -33.92294824977606], [150.76463478996874, -33.922999010875266], [150.76458402886954, -33.922999010875266], [150.76458402886954, -33.923100533073665], [150.76453326777033, -33.923100533073665], [150.76453326777033, -33.92315129417286], [150.76443174557193, -33.92315129417286], [150.76443174557193, -33.923202055272064], [150.76438098447272, -33.923202055272064], [150.76438098447272, -33.92325281637126], [150.76433022337355, -33.92325281637126], [150.76433022337355, -33.92330357747046], [150.76427946227435, -33.92330357747046], [150.76427946227435, -33.92335433856966], [150.76422870117514, -33.92335433856966], [150.76422870117514, -33.92345586076806], [150.76417794007594, -33.92345586076806], [150.76417794007594, -33.92350662186726], [150.76412717897674, -33.92350662186726], [150.76412717897674, -33.92360814406566], [150.76407641787753, -33.92360814406566], [150.76407641787753, -33.92355738296646], [150.76402565677833, -33.92355738296646], [150.76402565677833, -33.92350662186726], [150.76397489567913, -33.92350662186726], [150.76397489567913, -33.92345586076806], [150.76392413457995, -33.92345586076806], [150.76392413457995, -33.92340509966886], [150.76397489567913, -33.92340509966886], [150.76397489567913, -33.92330357747046], [150.76402565677833, -33.92330357747046], [150.76402565677833, -33.92325281637126], [150.76407641787753, -33.92325281637126], [150.76407641787753, -33.923202055272064], [150.76412717897674, -33.923202055272064], [150.76412717897674, -33.923100533073665], [150.76417794007594, -33.923100533073665], [150.76417794007594, -33.92304977197446], [150.76422870117514, -33.92304977197446], [150.76422870117514, -33.922999010875266], [150.76427946227435, -33.922999010875266], [150.76427946227435, -33.92294824977606], [150.76438098447272, -33.92294824977606], [150.76438098447272, -33.92284672757767], [150.76443174557193, -33.92284672757767], [150.76443174557193, -33.92294824977606], [150.76448250667113, -33.92294824977606], [150.76448250667113, -33.92274520537927], [150.76453326777033, -33.92274520537927], [150.76453326777033, -33.92269444428007], [150.76458402886954, -33.92269444428007], [150.76458402886954, -33.92264368318087], [150.76463478996874, -33.92264368318087], [150.76463478996874, -33.92259292208167], [150.76468555106794, -33.92259292208167], [150.76468555106794, -33.92254216098247], [150.76473631216712, -33.92254216098247], [150.76473631216712, -33.92249139988327], [150.76483783436552, -33.92249139988327], [150.76483783436552, -33.922440638784074], [150.76488859546473, -33.922440638784074], [150.76488859546473, -33.92238987768487], [150.76493935656393, -33.92238987768487], [150.76493935656393, -33.92228835548647], [150.76504087876233, -33.92228835548647], [150.76504087876233, -33.922237594387276], [150.76519316205992, -33.922237594387276], [150.76519316205992, -33.92218683328807], [150.7651424009607, -33.92218683328807], [150.7651424009607, -33.92213607218888], [150.76519316205992, -33.92213607218888], [150.76519316205992, -33.92208531108968], [150.76524392315912, -33.92208531108968], [150.76524392315912, -33.92203454999048], [150.76534544535753, -33.92203454999048], [150.76534544535753, -33.92198378889128], [150.76539620645673, -33.92198378889128], [150.76539620645673, -33.92193302779208], [150.76544696755593, -33.92193302779208], [150.76544696755593, -33.92183150559368], [150.76549772865513, -33.92183150559368], [150.76549772865513, -33.921780744494484], [150.7655484897543, -33.921780744494484], [150.7655484897543, -33.92172998339528], [150.76565001195272, -33.92172998339528], [150.76565001195272, -33.921679222296085], [150.76570077305192, -33.921679222296085], [150.76570077305192, -33.92162846119688], [150.76575153415112, -33.92162846119688], [150.76575153415112, -33.921577700097686], [150.76585305634953, -33.921577700097686], [150.76585305634953, -33.92152693899848], [150.7659038174487, -33.92152693899848], [150.7659038174487, -33.92142541680008], [150.7659545785479, -33.92142541680008], [150.7659545785479, -33.92137465570089], [150.7660053396471, -33.92137465570089], [150.7660053396471, -33.921323894601684], [150.7660561007463, -33.921323894601684], [150.7660561007463, -33.92127313350249], [150.76615762294472, -33.92127313350249], [150.76615762294472, -33.92122237240329], [150.76620838404392, -33.92122237240329], [150.76620838404392, -33.92117161130409], [150.76625914514312, -33.92117161130409], [150.76625914514312, -33.92112085020489], [150.7663099062423, -33.92112085020489], [150.7663099062423, -33.92107008910569], [150.7663606673415, -33.92107008910569]], [[150.76625914514312, -33.92122237240329], [150.7664621895399, -33.92122237240329], [150.7664621895399, -33.92117161130409], [150.76625914514312, -33.92117161130409], [150.76625914514312, -33.92122237240329]], [[150.76524392315912, -33.92213607218888], [150.76524392315912, -33.92218683328807], [150.76529468425832, -33.92218683328807], [150.76529468425832, -33.92213607218888], [150.76524392315912, -33.92213607218888]]], [[[150.76864491680547, -33.919242689534514], [150.76864491680547, -33.91929345063372], [150.76859415570627, -33.91929345063372], [150.76859415570627, -33.91934421173291], [150.7685433946071, -33.91934421173291], [150.7685433946071, -33.919394972832116], [150.7684926335079, -33.919394972832116], [150.7684926335079, -33.91944573393131], [150.7684418724087, -33.91944573393131], [150.7684418724087, -33.919496495030515], [150.76834035021028, -33.919496495030515], [150.76834035021028, -33.91954725612971], [150.76823882801187, -33.91954725612971], [150.76823882801187, -33.91964877832811], [150.76818806691267, -33.91964877832811], [150.76818806691267, -33.919699539427306], [150.7681373058135, -33.919699539427306], [150.7681373058135, -33.919801061625705], [150.7680357836151, -33.919801061625705], [150.7680357836151, -33.91985182272491], [150.7679850225159, -33.91985182272491], [150.7679850225159, -33.919902583824104], [150.76793426141668, -33.919902583824104], [150.76793426141668, -33.91995334492331], [150.76788350031748, -33.91995334492331], [150.76788350031748, -33.9200041060225], [150.7677819781191, -33.9200041060225], [150.7677819781191, -33.920054867121706], [150.7676804559207, -33.920054867121706], [150.7676804559207, -33.9200041060225], [150.7675789337223, -33.9200041060225], [150.7675789337223, -33.91985182272491], [150.7676296948215, -33.91985182272491], [150.7676296948215, -33.919801061625705], [150.7677312170199, -33.919801061625705], [150.7677312170199, -33.919699539427306], [150.76788350031748, -33.919699539427306], [150.76788350031748, -33.91964877832811], [150.76793426141668, -33.91964877832811], [150.76793426141668, -33.91954725612971], [150.7679850225159, -33.91954725612971], [150.7679850225159, -33.919496495030515], [150.7680357836151, -33.919496495030515], [150.7680357836151, -33.919394972832116], [150.7681373058135, -33.919394972832116], [150.7681373058135, -33.91934421173291], [150.76823882801187, -33.91934421173291], [150.76823882801187, -33.91929345063372], [150.76828958911108, -33.91929345063372], [150.76828958911108, -33.919242689534514], [150.76834035021028, -33.919242689534514], [150.76834035021028, -33.91919192843532], [150.76839111130948, -33.91919192843532], [150.76839111130948, -33.919141167336115], [150.7684418724087, -33.919141167336115], [150.7684418724087, -33.91919192843532], [150.76869567790467, -33.91919192843532], [150.76869567790467, -33.919242689534514], [150.76864491680547, -33.919242689534514]]], [[[150.73321366956435, -33.90665393693308], [150.73326443066355, -33.90665393693308], [150.73326443066355, -33.90660317583388], [150.73331519176276, -33.90660317583388], [150.73331519176276, -33.90655241473468], [150.73336595286196, -33.90655241473468], [150.73336595286196, -33.90650165363548], [150.73341671396113, -33.90650165363548], [150.73341671396113, -33.906450892536284], [150.73346747506034, -33.906450892536284], [150.73346747506034, -33.90640013143709], [150.73351823615954, -33.90640013143709], [150.73351823615954, -33.906349370337885], [150.73356899725874, -33.906349370337885], [150.73356899725874, -33.90629860923869], [150.73361975835795, -33.90629860923869], [150.73361975835795, -33.906349370337885], [150.73387356385393, -33.906349370337885], [150.73387356385393, -33.90640013143709], [150.73382280275473, -33.90640013143709], [150.73382280275473, -33.906450892536284], [150.73377204165553, -33.906450892536284], [150.73377204165553, -33.90650165363548], [150.73372128055635, -33.90650165363548], [150.73372128055635, -33.90655241473468], [150.73367051945715, -33.90655241473468], [150.73367051945715, -33.90660317583388], [150.73361975835795, -33.90660317583388], [150.73361975835795, -33.90665393693308], [150.73356899725874, -33.90665393693308], [150.73356899725874, -33.90670469803228], [150.73351823615954, -33.90670469803228], [150.73351823615954, -33.90675545913148], [150.73346747506034, -33.90675545913148], [150.73346747506034, -33.90680622023068], [150.73341671396113, -33.90680622023068], [150.73341671396113, -33.90685698132988], [150.73336595286196, -33.90685698132988], [150.73336595286196, -33.90690774242908], [150.73331519176276, -33.90690774242908], [150.73331519176276, -33.90695850352828], [150.73326443066355, -33.90695850352828], [150.73326443066355, -33.907009264627476], [150.73321366956435, -33.907009264627476], [150.73321366956435, -33.90706002572668], [150.73316290846515, -33.90706002572668], [150.73316290846515, -33.907110786825875], [150.73311214736594, -33.907110786825875], [150.73311214736594, -33.90716154792508], [150.73306138626674, -33.90716154792508], [150.73306138626674, -33.907212309024274], [150.73301062516754, -33.907212309024274], [150.73301062516754, -33.90726307012348], [150.73295986406836, -33.90726307012348], [150.73295986406836, -33.90731383122267], [150.73290910296916, -33.90731383122267], [150.73290910296916, -33.90736459232187], [150.73285834186996, -33.90736459232187], [150.73285834186996, -33.90741535342107], [150.73280758077075, -33.90741535342107], [150.73280758077075, -33.90751687561947], [150.73275681967155, -33.90751687561947], [150.73275681967155, -33.90756763671867], [150.73270605857235, -33.90756763671867], [150.73270605857235, -33.90761839781787], [150.73265529747314, -33.90761839781787], [150.73265529747314, -33.90766915891707], [150.73260453637397, -33.90766915891707], [150.73260453637397, -33.90792296441307], [150.73255377527477, -33.90792296441307], [150.73255377527477, -33.908126008809866], [150.73250301417556, -33.908126008809866], [150.73250301417556, -33.90817676990906], [150.73245225307636, -33.90817676990906], [150.73245225307636, -33.90832905320666], [150.73240149197716, -33.90832905320666], [150.73240149197716, -33.908532097603455], [150.73235073087795, -33.908532097603455], [150.73235073087795, -33.908887425297856], [150.73229996977875, -33.908887425297856], [150.73229996977875, -33.90924275299225], [150.73224920867955, -33.90924275299225], [150.73224920867955, -33.90959808068664], [150.73219844758037, -33.90959808068664], [150.73219844758037, -33.909648841785845], [150.73214768648117, -33.909648841785845], [150.73214768648117, -33.91000416948024], [150.73209692538197, -33.91000416948024], [150.73209692538197, -33.910308736075436], [150.73199540318356, -33.910308736075436], [150.73199540318356, -33.91035949717463], [150.73204616428276, -33.91035949717463], [150.73204616428276, -33.910613302670626], [150.73199540318356, -33.910613302670626], [150.73199540318356, -33.910714824869025], [150.73194464208436, -33.910714824869025], [150.73194464208436, -33.91101939146422], [150.73189388098515, -33.91101939146422], [150.73189388098515, -33.91132395805942], [150.73184311988598, -33.91132395805942], [150.73184311988598, -33.91162852465462], [150.73179235878678, -33.91162852465462], [150.73179235878678, -33.91178080795221], [150.73174159768757, -33.91178080795221], [150.73174159768757, -33.91203461344821], [150.73169083658837, -33.91203461344821], [150.73169083658837, -33.9123391800434], [150.73164007548917, -33.9123391800434], [150.73164007548917, -33.9126437466386], [150.73158931438996, -33.9126437466386], [150.73158931438996, -33.9128467910354], [150.73153855329076, -33.9128467910354], [150.73153855329076, -33.9130498354322], [150.73148779219156, -33.9130498354322], [150.73148779219156, -33.913354402027394], [150.73143703109238, -33.913354402027394], [150.73143703109238, -33.91365896862259], [150.73138626999318, -33.91365896862259], [150.73138626999318, -33.91386201301939], [150.73133550889398, -33.91386201301939], [150.73133550889398, -33.914115818515384], [150.73128474779477, -33.914115818515384], [150.73128474779477, -33.91442038511058], [150.73123398669557, -33.91442038511058], [150.73123398669557, -33.91472495170577], [150.73118322559637, -33.91472495170577], [150.73118322559637, -33.91492799610257], [150.73113246449716, -33.91492799610257], [150.73113246449716, -33.91513104049937], [150.73108170339796, -33.91513104049937], [150.73108170339796, -33.91538484599537], [150.73098018119958, -33.91538484599537], [150.73098018119958, -33.915435607094565], [150.7310309422988, -33.915435607094565], [150.7310309422988, -33.91574017368976], [150.73098018119958, -33.91574017368976], [150.73098018119958, -33.91589245698736], [150.73092942010038, -33.91589245698736], [150.73092942010038, -33.916197023582555], [150.73087865900118, -33.916197023582555], [150.73087865900118, -33.91650159017775], [150.73082789790197, -33.91650159017775], [150.73082789790197, -33.91670463457455], [150.73077713680277, -33.91670463457455], [150.73077713680277, -33.91690767897135], [150.73072637570357, -33.91690767897135], [150.73072637570357, -33.91726300666574], [150.7306756146044, -33.91726300666574], [150.7306756146044, -33.917618334360135], [150.7306248535052, -33.917618334360135], [150.7306248535052, -33.91766909545934], [150.730574092406, -33.91766909545934], [150.730574092406, -33.91782137875693], [150.73042180910838, -33.91782137875693], [150.73042180910838, -33.91787213985614], [150.73037104800918, -33.91787213985614], [150.73037104800918, -33.91807518425293], [150.73032028690997, -33.91807518425293], [150.73032028690997, -33.918278228649726], [150.7302695258108, -33.918278228649726], [150.7302695258108, -33.91802442315373], [150.73032028690997, -33.91802442315373], [150.73032028690997, -33.91766909545934], [150.73037104800918, -33.91766909545934], [150.73037104800918, -33.91756757326094], [150.73042180910838, -33.91756757326094], [150.73042180910838, -33.91731376776494], [150.73047257020758, -33.91731376776494], [150.73047257020758, -33.916958440070545], [150.73052333130678, -33.916958440070545], [150.73052333130678, -33.916755395673746], [150.730574092406, -33.916755395673746], [150.730574092406, -33.91650159017775], [150.7306248535052, -33.91650159017775], [150.7306248535052, -33.91634930688015], [150.7306756146044, -33.91634930688015], [150.7306756146044, -33.916298545780954], [150.7306248535052, -33.916298545780954], [150.7306248535052, -33.916197023582555], [150.7306756146044, -33.916197023582555], [150.7306756146044, -33.91589245698736], [150.73072637570357, -33.91589245698736], [150.73072637570357, -33.91574017368976], [150.73077713680277, -33.91574017368976], [150.73077713680277, -33.91548636819377], [150.73082789790197, -33.91548636819377], [150.73082789790197, -33.915435607094565], [150.73087865900118, -33.915435607094565], [150.73087865900118, -33.91538484599537], [150.73082789790197, -33.91538484599537], [150.73082789790197, -33.91518180159857], [150.73087865900118, -33.91518180159857], [150.73087865900118, -33.91497875720177], [150.73092942010038, -33.91497875720177], [150.73092942010038, -33.91472495170577], [150.73098018119958, -33.91472495170577], [150.73098018119958, -33.91447114620978], [150.7310309422988, -33.91447114620978], [150.7310309422988, -33.914115818515384], [150.73108170339796, -33.914115818515384], [150.73108170339796, -33.913912774118586], [150.73113246449716, -33.913912774118586], [150.73113246449716, -33.91360820752339], [150.73118322559637, -33.91360820752339], [150.73118322559637, -33.91340516312659], [150.73123398669557, -33.91340516312659], [150.73123398669557, -33.91310059653139], [150.73128474779477, -33.91310059653139], [150.73128474779477, -33.912745268837], [150.73133550889398, -33.912745268837], [150.73133550889398, -33.9124407022418], [150.73138626999318, -33.9124407022418], [150.73138626999318, -33.91218689674581], [150.73143703109238, -33.91218689674581], [150.73143703109238, -33.91198385234901], [150.73148779219156, -33.91198385234901], [150.73148779219156, -33.911730046853016], [150.73153855329076, -33.911730046853016], [150.73153855329076, -33.91137471915862], [150.73158931438996, -33.91137471915862], [150.73158931438996, -33.911070152563425], [150.73164007548917, -33.911070152563425], [150.73164007548917, -33.91086710816663], [150.73169083658837, -33.91086710816663], [150.73169083658837, -33.910613302670626], [150.73174159768757, -33.910613302670626], [150.73174159768757, -33.91025797497623], [150.73179235878678, -33.91025797497623], [150.73179235878678, -33.910054930579435], [150.73184311988598, -33.910054930579435], [150.73184311988598, -33.909953408381035], [150.73189388098515, -33.909953408381035], [150.73189388098515, -33.90969960288504], [150.73194464208436, -33.90969960288504], [150.73194464208436, -33.90944579738905], [150.73199540318356, -33.90944579738905], [150.73199540318356, -33.90914123079385], [150.73204616428276, -33.90914123079385], [150.73204616428276, -33.90893818639705], [150.73209692538197, -33.90893818639705], [150.73209692538197, -33.90878590309946], [150.73214768648117, -33.90878590309946], [150.73214768648117, -33.908532097603455], [150.73219844758037, -33.908532097603455], [150.73219844758037, -33.90827829210746], [150.73224920867955, -33.90827829210746], [150.73224920867955, -33.90802448661147], [150.73229996977875, -33.90802448661147], [150.73229996977875, -33.907872203313865], [150.73235073087795, -33.907872203313865], [150.73235073087795, -33.90771992001627], [150.73240149197716, -33.90771992001627], [150.73240149197716, -33.90756763671867], [150.73245225307636, -33.90756763671867], [150.73245225307636, -33.90751687561947], [150.73250301417556, -33.90751687561947], [150.73250301417556, -33.90741535342107], [150.73255377527477, -33.90741535342107], [150.73255377527477, -33.90736459232187], [150.73260453637397, -33.90736459232187], [150.73260453637397, -33.90741535342107], [150.73265529747314, -33.90741535342107], [150.73265529747314, -33.90731383122267], [150.73260453637397, -33.90731383122267], [150.73260453637397, -33.90726307012348], [150.73265529747314, -33.90726307012348], [150.73265529747314, -33.907212309024274], [150.73270605857235, -33.907212309024274], [150.73270605857235, -33.90716154792508], [150.73275681967155, -33.90716154792508], [150.73275681967155, -33.907110786825875], [150.73280758077075, -33.907110786825875], [150.73280758077075, -33.90706002572668], [150.73285834186996, -33.90706002572668], [150.73285834186996, -33.90695850352828], [150.73290910296916, -33.90695850352828], [150.73290910296916, -33.90690774242908], [150.73295986406836, -33.90690774242908], [150.73295986406836, -33.90685698132988], [150.73306138626674, -33.90685698132988], [150.73306138626674, -33.90680622023068], [150.73311214736594, -33.90680622023068], [150.73311214736594, -33.90675545913148], [150.73316290846515, -33.90675545913148], [150.73316290846515, -33.90670469803228], [150.73321366956435, -33.90670469803228], [150.73321366956435, -33.90665393693308]], [[150.73311214736594, -33.90685698132988], [150.73316290846515, -33.90685698132988], [150.73316290846515, -33.90680622023068], [150.73311214736594, -33.90680622023068], [150.73311214736594, -33.90685698132988]], [[150.73270605857235, -33.90741535342107], [150.73275681967155, -33.90741535342107], [150.73275681967155, -33.90736459232187], [150.73270605857235, -33.90736459232187], [150.73270605857235, -33.90741535342107]]], [[[150.73438117484594, -33.90472501516351], [150.73443193594514, -33.90472501516351], [150.73443193594514, -33.9053341483539], [150.73438117484594, -33.9053341483539], [150.73438117484594, -33.905587953849896], [150.73433041374673, -33.905587953849896], [150.73433041374673, -33.905689476048295], [150.73427965264753, -33.905689476048295], [150.73427965264753, -33.90574023714749], [150.73422889154833, -33.90574023714749], [150.73422889154833, -33.905790998246694], [150.73417813044912, -33.905790998246694], [150.73417813044912, -33.90589252044509], [150.73412736934995, -33.90589252044509], [150.73412736934995, -33.90599404264349], [150.73407660825075, -33.90599404264349], [150.73407660825075, -33.90609556484189], [150.73402584715154, -33.90609556484189], [150.73402584715154, -33.90619708704029], [150.73397508605234, -33.90619708704029], [150.73397508605234, -33.90629860923869], [150.73361975835795, -33.90629860923869], [150.73361975835795, -33.906247848139486], [150.73367051945715, -33.906247848139486], [150.73367051945715, -33.90619708704029], [150.73372128055635, -33.90619708704029], [150.73372128055635, -33.90609556484189], [150.73377204165553, -33.90609556484189], [150.73377204165553, -33.90599404264349], [150.73382280275473, -33.90599404264349], [150.73382280275473, -33.90594328154429], [150.73387356385393, -33.90594328154429], [150.73387356385393, -33.90589252044509], [150.73392432495314, -33.90589252044509], [150.73392432495314, -33.905790998246694], [150.73397508605234, -33.905790998246694], [150.73397508605234, -33.905689476048295], [150.73402584715154, -33.905689476048295], [150.73402584715154, -33.905587953849896], [150.73407660825075, -33.905587953849896], [150.73407660825075, -33.9054356705523], [150.73412736934995, -33.9054356705523], [150.73412736934995, -33.9052326261555], [150.73417813044912, -33.9052326261555], [150.73417813044912, -33.9049788206595], [150.73412736934995, -33.9049788206595], [150.73412736934995, -33.90477577626271], [150.73427965264753, -33.90477577626271], [150.73427965264753, -33.90472501516351], [150.73433041374673, -33.90472501516351], [150.73433041374673, -33.90477577626271], [150.73438117484594, -33.90477577626271], [150.73438117484594, -33.90472501516351]], [[150.73402584715154, -33.90574023714749], [150.73402584715154, -33.905790998246694], [150.73407660825075, -33.905790998246694], [150.73407660825075, -33.90574023714749], [150.73402584715154, -33.90574023714749]]], [[[150.75773128047763, -33.885435797467764], [150.75818813037043, -33.885435797467764], [150.75818813037043, -33.88548655856696], [150.75854345806482, -33.88548655856696], [150.75854345806482, -33.88553731966616], [150.75889878575921, -33.88553731966616], [150.75889878575921, -33.88558808076536], [150.7593048745528, -33.88558808076536], [150.7593048745528, -33.88563884186456], [150.7597617244456, -33.88563884186456], [150.7597617244456, -33.88568960296376], [150.76016781323918, -33.88568960296376], [150.76016781323918, -33.88574036406296], [150.76062466313198, -33.88574036406296], [150.76062466313198, -33.88579112516216], [150.76097999082637, -33.88579112516216], [150.76097999082637, -33.88584188626136], [150.76108151302478, -33.88584188626136], [150.76108151302478, -33.885994169558955], [150.76103075192557, -33.885994169558955], [150.76103075192557, -33.88604493065815], [150.76067542423118, -33.88604493065815], [150.76067542423118, -33.885994169558955], [150.76026933543758, -33.885994169558955], [150.76026933543758, -33.88594340845976], [150.7600662910408, -33.88594340845976], [150.7600662910408, -33.885892647360556], [150.7597109633464, -33.885892647360556], [150.7597109633464, -33.88584188626136], [150.7594063967512, -33.88584188626136], [150.7594063967512, -33.88579112516216], [150.75894954685842, -33.88579112516216], [150.75894954685842, -33.88574036406296], [150.75854345806482, -33.88574036406296], [150.75854345806482, -33.88568960296376], [150.75813736927122, -33.88568960296376], [150.75813736927122, -33.88563884186456], [150.75798508597362, -33.88563884186456], [150.75798508597362, -33.88558808076536], [150.75752823608082, -33.88558808076536], [150.75752823608082, -33.88553731966616], [150.75727443058483, -33.88553731966616], [150.75727443058483, -33.88548655856696], [150.75707138618804, -33.88548655856696], [150.75707138618804, -33.885435797467764], [150.75712214728722, -33.885435797467764], [150.75712214728722, -33.88538503636856], [150.75717290838642, -33.88538503636856], [150.75717290838642, -33.885334275269365], [150.75732519168403, -33.885334275269365], [150.75732519168403, -33.88538503636856], [150.75773128047763, -33.88538503636856], [150.75773128047763, -33.885435797467764]], [[150.75717290838642, -33.885435797467764], [150.75722366948563, -33.885435797467764], [150.75722366948563, -33.88538503636856], [150.75717290838642, -33.88538503636856], [150.75717290838642, -33.885435797467764]]], [[[150.75422876463287, -33.88492818647577], [150.75422876463287, -33.88497894757497], [150.75433028683128, -33.88497894757497], [150.75433028683128, -33.88492818647577], [150.75443180902965, -33.88492818647577], [150.75443180902965, -33.88497894757497], [150.75473637562487, -33.88497894757497], [150.75473637562487, -33.88502970867417], [150.75493942002166, -33.88502970867417], [150.75493942002166, -33.88508046977337], [150.75499018112086, -33.88508046977337], [150.75499018112086, -33.88502970867417], [150.75504094222006, -33.88502970867417], [150.75504094222006, -33.88508046977337], [150.75534550881525, -33.88508046977337], [150.75534550881525, -33.88513123087257], [150.75559931431124, -33.88513123087257], [150.75559931431124, -33.88528351417016], [150.75549779211286, -33.88528351417016], [150.75549779211286, -33.885334275269365], [150.75529474771605, -33.885334275269365], [150.75529474771605, -33.88528351417016], [150.75519322551764, -33.88528351417016], [150.75519322551764, -33.885232753070966], [150.75514246441847, -33.885232753070966], [150.75514246441847, -33.88528351417016], [150.75493942002166, -33.88528351417016], [150.75493942002166, -33.885232753070966], [150.75483789782325, -33.885232753070966], [150.75483789782325, -33.88518199197176], [150.75473637562487, -33.88518199197176], [150.75473637562487, -33.885232753070966], [150.75453333122806, -33.885232753070966], [150.75453333122806, -33.88518199197176], [150.75443180902965, -33.88518199197176], [150.75443180902965, -33.88513123087257], [150.75438104793048, -33.88513123087257], [150.75438104793048, -33.88518199197176], [150.75422876463287, -33.88518199197176], [150.75422876463287, -33.88513123087257], [150.75387343693848, -33.88513123087257], [150.75387343693848, -33.88508046977337], [150.75351810924408, -33.88508046977337], [150.75351810924408, -33.88502970867417], [150.75346734814488, -33.88502970867417], [150.75346734814488, -33.88482666427737], [150.75372115364087, -33.88482666427737], [150.75372115364087, -33.88487742537657], [150.75412724243446, -33.88487742537657], [150.75412724243446, -33.88492818647577], [150.75422876463287, -33.88492818647577]]], [[[150.70788388106388, -33.845029962505095], [150.70788388106388, -33.8450807236043], [150.70778235886547, -33.8450807236043], [150.70778235886547, -33.845131484703494], [150.7076300755679, -33.845131484703494], [150.7076300755679, -33.8451822458027], [150.70742703117108, -33.8451822458027], [150.70742703117108, -33.84523300690189], [150.7073255089727, -33.84523300690189], [150.7073255089727, -33.845283768001096], [150.7072239867743, -33.845283768001096], [150.7072239867743, -33.84533452910029], [150.7071224645759, -33.84533452910029], [150.7071224645759, -33.845385290199495], [150.7069194201791, -33.845385290199495], [150.7069194201791, -33.84543605129869], [150.7068686590799, -33.84543605129869], [150.7068686590799, -33.845486812397894], [150.7066148535839, -33.845486812397894], [150.7066148535839, -33.84553757349709], [150.7065640924847, -33.84553757349709], [150.7065640924847, -33.84558833459629], [150.7064625702863, -33.84558833459629], [150.7064625702863, -33.84563909569549], [150.7062595258895, -33.84563909569549], [150.7062595258895, -33.84568985679469], [150.70615800369112, -33.84568985679469], [150.70615800369112, -33.84574061789389], [150.7060564814927, -33.84574061789389], [150.7060564814927, -33.845791378993084], [150.7059549592943, -33.845791378993084], [150.7059549592943, -33.84584214009229], [150.7058534370959, -33.84584214009229], [150.7058534370959, -33.84589290119148], [150.70580267599672, -33.84589290119148], [150.70580267599672, -33.84584214009229], [150.70570115379832, -33.84584214009229], [150.70570115379832, -33.84589290119148], [150.7055996315999, -33.84589290119148], [150.7055996315999, -33.845943662290686], [150.7054981094015, -33.845943662290686], [150.7054981094015, -33.84599442338988], [150.70539658720313, -33.84599442338988], [150.70539658720313, -33.846045184489085], [150.70529506500472, -33.846045184489085], [150.70529506500472, -33.84609594558828], [150.70504125950873, -33.84609594558828], [150.70504125950873, -33.846146706687485], [150.70499049840953, -33.846146706687485], [150.70499049840953, -33.84619746778668], [150.70488897621112, -33.84619746778668], [150.70488897621112, -33.846248228885884], [150.70468593181434, -33.846248228885884], [150.70468593181434, -33.84629898998508], [150.70458440961593, -33.84629898998508], [150.70458440961593, -33.84634975108428], [150.70453364851673, -33.84634975108428], [150.70453364851673, -33.84629898998508], [150.70448288741753, -33.84629898998508], [150.70448288741753, -33.84634975108428], [150.70438136521912, -33.84634975108428], [150.70438136521912, -33.84640051218348], [150.70417832082234, -33.84640051218348], [150.70417832082234, -33.84645127328268], [150.70407679862393, -33.84645127328268], [150.70407679862393, -33.84650203438188], [150.70397527642552, -33.84650203438188], [150.70397527642552, -33.84655279548108], [150.70367070983033, -33.84655279548108], [150.70367070983033, -33.84660355658028], [150.70346766543355, -33.84660355658028], [150.70346766543355, -33.84665431767947], [150.70336614323514, -33.84665431767947], [150.70336614323514, -33.846705078778676], [150.70311233773916, -33.846705078778676], [150.70311233773916, -33.84675583987787], [150.70301081554075, -33.84675583987787], [150.70301081554075, -33.846705078778676], [150.70290929334234, -33.846705078778676], [150.70290929334234, -33.84675583987787], [150.70270624894556, -33.84675583987787], [150.70270624894556, -33.846806600977075], [150.70250320454875, -33.846806600977075], [150.70250320454875, -33.84685736207627], [150.70219863795356, -33.84685736207627], [150.70219863795356, -33.846908123175474], [150.70199559355677, -33.846908123175474], [150.70199559355677, -33.84685736207627], [150.70194483245757, -33.84685736207627], [150.70194483245757, -33.846908123175474], [150.70158950476318, -33.846908123175474], [150.70158950476318, -33.84695888427467], [150.70108189377117, -33.84695888427467], [150.70108189377117, -33.84700964537387], [150.70077732717598, -33.84700964537387], [150.70077732717598, -33.84695888427467], [150.70021895508478, -33.84695888427467], [150.70021895508478, -33.84700964537387], [150.6975286168272, -33.84700964537387], [150.6975286168272, -33.84706040647307], [150.6970717669344, -33.84706040647307], [150.6970717669344, -33.84700964537387], [150.69615806714884, -33.84700964537387], [150.69615806714884, -33.84706040647307], [150.69493980076805, -33.84706040647307], [150.69493980076805, -33.84700964537387], [150.69473675637127, -33.84700964537387], [150.69473675637127, -33.84706040647307], [150.69336620669287, -33.84706040647307], [150.69336620669287, -33.84711116757227], [150.69296011789928, -33.84711116757227], [150.69296011789928, -33.84706040647307], [150.6919448959153, -33.84706040647307], [150.6919448959153, -33.84711116757227], [150.69006673524493, -33.84711116757227], [150.69006673524493, -33.84706040647307], [150.68996521304652, -33.84706040647307], [150.68996521304652, -33.84711116757227], [150.68915303545933, -33.84711116757227], [150.68915303545933, -33.84716192867147], [150.68905151326092, -33.84716192867147], [150.68905151326092, -33.846908123175474], [150.6907773906337, -33.846908123175474], [150.6907773906337, -33.84685736207627], [150.6915895682209, -33.84685736207627], [150.6915895682209, -33.846908123175474], [150.6920464181137, -33.846908123175474], [150.6920464181137, -33.84685736207627], [150.69341696779207, -33.84685736207627], [150.69341696779207, -33.846806600977075], [150.69372153438727, -33.846806600977075], [150.69372153438727, -33.84685736207627], [150.69483827856965, -33.84685736207627], [150.69483827856965, -33.846806600977075], [150.69580273945445, -33.846806600977075], [150.69580273945445, -33.84685736207627], [150.69620882824805, -33.84685736207627], [150.69620882824805, -33.846806600977075], [150.6990514498032, -33.846806600977075], [150.6990514498032, -33.84675583987787], [150.6992037331008, -33.84675583987787], [150.6992037331008, -33.846705078778676], [150.6992544942, -33.846705078778676], [150.6992544942, -33.84675583987787], [150.6996098218944, -33.84675583987787], [150.6996098218944, -33.846806600977075], [150.7004219994816, -33.846806600977075], [150.7004219994816, -33.84675583987787], [150.70057428277917, -33.84675583987787], [150.70057428277917, -33.846705078778676], [150.70062504387838, -33.846705078778676], [150.70062504387838, -33.84675583987787], [150.70118341596958, -33.84675583987787], [150.70118341596958, -33.846705078778676], [150.70128493816796, -33.846705078778676], [150.70128493816796, -33.84675583987787], [150.70133569926716, -33.84675583987787], [150.70133569926716, -33.846705078778676], [150.70138646036636, -33.846705078778676], [150.70138646036636, -33.84675583987787], [150.70153874366397, -33.84675583987787], [150.70153874366397, -33.846705078778676], [150.70204635465595, -33.846705078778676], [150.70204635465595, -33.84665431767947], [150.70219863795356, -33.84665431767947], [150.70219863795356, -33.84660355658028], [150.70275701004476, -33.84660355658028], [150.70275701004476, -33.84655279548108], [150.70296005444155, -33.84655279548108], [150.70296005444155, -33.84650203438188], [150.70316309883833, -33.84650203438188], [150.70316309883833, -33.84645127328268], [150.70341690433435, -33.84645127328268], [150.70341690433435, -33.84640051218348], [150.70367070983033, -33.84640051218348], [150.70367070983033, -33.84634975108428], [150.70382299312794, -33.84634975108428], [150.70382299312794, -33.84629898998508], [150.70392451532635, -33.84629898998508], [150.70392451532635, -33.846248228885884], [150.70417832082234, -33.846248228885884], [150.70417832082234, -33.84619746778668], [150.70433060411992, -33.84619746778668], [150.70433060411992, -33.846146706687485], [150.70448288741753, -33.846146706687485], [150.70448288741753, -33.84609594558828], [150.70458440961593, -33.84609594558828], [150.70458440961593, -33.846045184489085], [150.70468593181434, -33.846045184489085], [150.70468593181434, -33.84599442338988], [150.70493973731033, -33.84599442338988], [150.70493973731033, -33.845943662290686], [150.70499049840953, -33.845943662290686], [150.70499049840953, -33.84589290119148], [150.7051427817071, -33.84589290119148], [150.7051427817071, -33.84584214009229], [150.70524430390552, -33.84584214009229], [150.70524430390552, -33.845791378993084], [150.70539658720313, -33.845791378993084], [150.70539658720313, -33.84574061789389], [150.7054981094015, -33.84574061789389], [150.7054981094015, -33.84568985679469], [150.70570115379832, -33.84568985679469], [150.70570115379832, -33.84563909569549], [150.70580267599672, -33.84563909569549], [150.70580267599672, -33.84558833459629], [150.7059041981951, -33.84558833459629], [150.7059041981951, -33.84553757349709], [150.7061072425919, -33.84553757349709], [150.7061072425919, -33.845486812397894], [150.70620876479032, -33.845486812397894], [150.70620876479032, -33.84543605129869], [150.7062595258895, -33.84543605129869], [150.7062595258895, -33.845385290199495], [150.7064118091871, -33.845385290199495], [150.7064118091871, -33.84533452910029], [150.7065133313855, -33.84533452910029], [150.7065133313855, -33.845283768001096], [150.7065640924847, -33.845283768001096], [150.7065640924847, -33.84533452910029], [150.7066148535839, -33.84533452910029], [150.7066148535839, -33.845283768001096], [150.7067671368815, -33.845283768001096], [150.7067671368815, -33.84523300690189], [150.7068686590799, -33.84523300690189], [150.7068686590799, -33.8451822458027], [150.7069701812783, -33.8451822458027], [150.7069701812783, -33.845131484703494], [150.7070717034767, -33.845131484703494], [150.7070717034767, -33.8450807236043], [150.7072747478735, -33.8450807236043], [150.7072747478735, -33.845029962505095], [150.70737627007188, -33.845029962505095], [150.70737627007188, -33.8449792014059], [150.70747779227028, -33.8449792014059], [150.70747779227028, -33.844928440306695], [150.7077315977663, -33.844928440306695], [150.7077315977663, -33.8449792014059], [150.70798540326228, -33.8449792014059], [150.70798540326228, -33.845029962505095], [150.70788388106388, -33.845029962505095]]], [[[150.71006660832944, -33.844167023818706], [150.71006660832944, -33.84421778491791], [150.71001584723027, -33.84421778491791], [150.71001584723027, -33.844268546017105], [150.70981280283345, -33.844268546017105], [150.70981280283345, -33.84431930711631], [150.70971128063505, -33.84431930711631], [150.70971128063505, -33.844370068215504], [150.70955899733747, -33.844370068215504], [150.70955899733747, -33.84442082931471], [150.70945747513906, -33.84442082931471], [150.70945747513906, -33.8444715904139], [150.70925443074228, -33.8444715904139], [150.70925443074228, -33.844522351513106], [150.70915290854387, -33.844522351513106], [150.70915290854387, -33.8445731126123], [150.70905138634546, -33.8445731126123], [150.70905138634546, -33.844623873711505], [150.70894986414706, -33.844623873711505], [150.70894986414706, -33.8446746348107], [150.70884834194868, -33.8446746348107], [150.70884834194868, -33.844725395909904], [150.70854377535346, -33.844725395909904], [150.70854377535346, -33.8447761570091], [150.7084930142543, -33.8447761570091], [150.7084930142543, -33.8448269181083], [150.70839149205588, -33.8448269181083], [150.70839149205588, -33.8448776792075], [150.70828996985747, -33.8448776792075], [150.70828996985747, -33.844928440306695], [150.7080869254607, -33.844928440306695], [150.7080869254607, -33.8449792014059], [150.7080361643615, -33.8449792014059], [150.7080361643615, -33.844928440306695], [150.7077315977663, -33.844928440306695], [150.7077315977663, -33.8448776792075], [150.70783311996468, -33.8448776792075], [150.70783311996468, -33.8448269181083], [150.70793464216308, -33.8448269181083], [150.70793464216308, -33.8447761570091], [150.7080361643615, -33.8447761570091], [150.7080361643615, -33.844725395909904], [150.70813768655987, -33.844725395909904], [150.70813768655987, -33.8446746348107], [150.70823920875827, -33.8446746348107], [150.70823920875827, -33.844623873711505], [150.70844225315508, -33.844623873711505], [150.70844225315508, -33.8445731126123], [150.70859453645267, -33.8445731126123], [150.70859453645267, -33.844522351513106], [150.70869605865107, -33.844522351513106], [150.70869605865107, -33.8444715904139], [150.70879758084948, -33.8444715904139], [150.70879758084948, -33.84442082931471], [150.70900062524626, -33.84442082931471], [150.70900062524626, -33.844370068215504], [150.70910214744467, -33.844370068215504], [150.70910214744467, -33.84431930711631], [150.70920366964307, -33.84431930711631], [150.70920366964307, -33.844268546017105], [150.70930519184145, -33.844268546017105], [150.70930519184145, -33.84421778491791], [150.70940671403986, -33.84421778491791], [150.70940671403986, -33.844167023818706], [150.70966051953587, -33.844167023818706], [150.70966051953587, -33.84411626271951], [150.70976204173425, -33.84411626271951], [150.70976204173425, -33.844065501620314], [150.70986356393266, -33.844065501620314], [150.70986356393266, -33.84401474052111], [150.70991432503186, -33.84401474052111], [150.70991432503186, -33.844065501620314], [150.70996508613106, -33.844065501620314], [150.70996508613106, -33.844167023818706], [150.71006660832944, -33.844167023818706]]], [[[150.71580261253897, -33.84335484623152], [150.71580261253897, -33.84330408513232], [150.71605641803498, -33.84330408513232], [150.71605641803498, -33.843405607330716], [150.71600565693578, -33.843405607330716], [150.71600565693578, -33.843507129529115], [150.71590413473737, -33.843507129529115], [150.71590413473737, -33.84355789062832], [150.714533585059, -33.84355789062832], [150.714533585059, -33.843507129529115], [150.7136706463726, -33.843507129529115], [150.7136706463726, -33.84355789062832], [150.7128584687854, -33.84355789062832], [150.7128584687854, -33.843608651727514], [150.71250314109102, -33.843608651727514], [150.71250314109102, -33.84365941282672], [150.71219857449583, -33.84365941282672], [150.71219857449583, -33.84371017392591], [150.71209705229742, -33.84371017392591], [150.71209705229742, -33.84365941282672], [150.71204629119822, -33.84365941282672], [150.71204629119822, -33.84371017392591], [150.71179248570223, -33.84371017392591], [150.71179248570223, -33.84376093502512], [150.71158944130542, -33.84376093502512], [150.71158944130542, -33.84381169612431], [150.71138639690864, -33.84381169612431], [150.71138639690864, -33.843862457223516], [150.71108183031345, -33.843862457223516], [150.71108183031345, -33.84391321832271], [150.71098030811504, -33.84391321832271], [150.71098030811504, -33.843963979421915], [150.71082802481743, -33.843963979421915], [150.71082802481743, -33.84401474052111], [150.71067574151985, -33.84401474052111], [150.71067574151985, -33.844065501620314], [150.71042193602386, -33.844065501620314], [150.71042193602386, -33.84411626271951], [150.71032041382546, -33.84411626271951], [150.71032041382546, -33.844167023818706], [150.71011736942864, -33.844167023818706], [150.71011736942864, -33.84401474052111], [150.71006660832944, -33.84401474052111], [150.71006660832944, -33.843963979421915], [150.71021889162705, -33.843963979421915], [150.71021889162705, -33.84391321832271], [150.71037117492466, -33.84391321832271], [150.71037117492466, -33.843862457223516], [150.71047269712304, -33.843862457223516], [150.71047269712304, -33.84381169612431], [150.71067574151985, -33.84381169612431], [150.71067574151985, -33.84376093502512], [150.71092954701584, -33.84376093502512], [150.71092954701584, -33.84371017392591], [150.71103106921424, -33.84371017392591], [150.71103106921424, -33.84365941282672], [150.71128487471023, -33.84365941282672], [150.71128487471023, -33.843608651727514], [150.71138639690864, -33.843608651727514], [150.71138639690864, -33.84355789062832], [150.71179248570223, -33.84355789062832], [150.71179248570223, -33.843507129529115], [150.71204629119822, -33.843507129529115], [150.71204629119822, -33.84345636842992], [150.71224933559503, -33.84345636842992], [150.71224933559503, -33.843405607330716], [150.71255390219022, -33.843405607330716], [150.71255390219022, -33.84345636842992], [150.71260466328943, -33.84345636842992], [150.71260466328943, -33.843405607330716], [150.7128584687854, -33.843405607330716], [150.7128584687854, -33.84335484623152], [150.7132137964798, -33.84335484623152], [150.7132137964798, -33.84330408513232], [150.7136706463726, -33.84330408513232], [150.7136706463726, -33.84335484623152], [150.7137214074718, -33.84335484623152], [150.7137214074718, -33.84330408513232], [150.7138736907694, -33.84330408513232], [150.7138736907694, -33.84325332403312], [150.7139244518686, -33.84325332403312], [150.7139244518686, -33.84330408513232], [150.71519347934859, -33.84330408513232], [150.71519347934859, -33.84335484623152], [150.71580261253897, -33.84335484623152]], [[150.71072650261905, -33.84391321832271], [150.71077726371826, -33.84391321832271], [150.71077726371826, -33.843862457223516], [150.71072650261905, -33.843862457223516], [150.71072650261905, -33.84391321832271]]], [[[150.71727468441577, -33.84330408513232], [150.71808686200293, -33.84330408513232], [150.71808686200293, -33.84335484623152], [150.71849295079653, -33.84335484623152], [150.71849295079653, -33.84345636842992], [150.71844218969736, -33.84345636842992], [150.71844218969736, -33.843507129529115], [150.71849295079653, -33.843507129529115], [150.71849295079653, -33.84355789062832], [150.71742696771335, -33.84355789062832], [150.71742696771335, -33.843507129529115], [150.71737620661415, -33.843507129529115], [150.71737620661415, -33.84355789062832], [150.71605641803498, -33.84355789062832], [150.71605641803498, -33.843405607330716], [150.71610717913418, -33.843405607330716], [150.71610717913418, -33.84330408513232], [150.71661479012616, -33.84330408513232], [150.71661479012616, -33.84335484623152], [150.71727468441577, -33.84335484623152], [150.71727468441577, -33.84330408513232]]], [[[150.78493922964847, -33.93107002564796], [150.78493922964847, -33.93112078674716], [150.78544684064045, -33.93112078674716], [150.78544684064045, -33.931171547846354], [150.78590369053325, -33.931171547846354], [150.78590369053325, -33.93112078674716], [150.78615749602923, -33.93112078674716], [150.78615749602923, -33.931171547846354], [150.78656358482283, -33.931171547846354], [150.78656358482283, -33.93112078674716], [150.78681739031884, -33.93112078674716], [150.78681739031884, -33.93122230894556], [150.78676662921964, -33.93122230894556], [150.78676662921964, -33.931323831143956], [150.78671586812044, -33.931323831143956], [150.78671586812044, -33.93137459224315], [150.78651282372365, -33.93137459224315], [150.78651282372365, -33.931323831143956], [150.78646206262445, -33.931323831143956], [150.78646206262445, -33.93137459224315], [150.78514227404526, -33.93137459224315], [150.78514227404526, -33.931323831143956], [150.78498999074768, -33.931323831143956], [150.78498999074768, -33.93127307004475], [150.78458390195408, -33.93127307004475], [150.78458390195408, -33.93122230894556], [150.78438085755727, -33.93122230894556], [150.78438085755727, -33.931171547846354], [150.78422857425969, -33.931171547846354], [150.78422857425969, -33.93096850344956], [150.78453314085488, -33.93096850344956], [150.78453314085488, -33.93101926454876], [150.78463466305325, -33.93101926454876], [150.78463466305325, -33.93107002564796], [150.78493922964847, -33.93107002564796]]], [[[150.7815889971013, -33.93061317575516], [150.7815889971013, -33.930663936854366], [150.7816397582005, -33.930663936854366], [150.7816397582005, -33.93071469795356], [150.7815889971013, -33.93071469795356], [150.7815889971013, -33.930765459052765], [150.7813859527045, -33.930765459052765], [150.7813859527045, -33.93071469795356], [150.7812844305061, -33.93071469795356], [150.7812844305061, -33.930663936854366], [150.78097986391091, -33.930663936854366], [150.78097986391091, -33.93061317575516], [150.78108138610932, -33.93061317575516], [150.78108138610932, -33.93056241465597], [150.78113214720852, -33.93056241465597], [150.78113214720852, -33.93051165355676], [150.7811829083077, -33.93051165355676], [150.7811829083077, -33.93046089245757], [150.7812336694069, -33.93046089245757], [150.7812336694069, -33.93051165355676], [150.78153823600212, -33.93051165355676], [150.78153823600212, -33.93061317575516], [150.7815889971013, -33.93061317575516]]], [[[150.77636060388377, -33.92980099816798], [150.7765636482806, -33.92980099816798], [150.7765636482806, -33.92985175926717], [150.77712202037176, -33.92985175926717], [150.77712202037176, -33.929902520366376], [150.77747734806616, -33.929902520366376], [150.77747734806616, -33.92995328146557], [150.77778191466135, -33.92995328146557], [150.77778191466135, -33.930004042564775], [150.77818800345494, -33.930004042564775], [150.77818800345494, -33.93005480366397], [150.77854333114934, -33.93005480366397], [150.77854333114934, -33.930105564763174], [150.77910170324054, -33.930105564763174], [150.77910170324054, -33.93015632586237], [150.77930474763733, -33.93015632586237], [150.77930474763733, -33.93020708696157], [150.77966007533172, -33.93020708696157], [150.77966007533172, -33.93025784806077], [150.77996464192694, -33.93025784806077], [150.77996464192694, -33.930308609159965], [150.78016768632372, -33.930308609159965], [150.78016768632372, -33.93035937025917], [150.78011692522452, -33.93035937025917], [150.78011692522452, -33.930410131358364], [150.78006616412532, -33.930410131358364], [150.78006616412532, -33.93051165355676], [150.77976159753013, -33.93051165355676], [150.77976159753013, -33.93046089245757], [150.77966007533172, -33.93046089245757], [150.77966007533172, -33.930410131358364], [150.77976159753013, -33.930410131358364], [150.77976159753013, -33.93035937025917], [150.77940626983573, -33.93035937025917], [150.77940626983573, -33.930410131358364], [150.77920322543895, -33.930410131358364], [150.77920322543895, -33.93035937025917], [150.77869561444695, -33.93035937025917], [150.77869561444695, -33.930308609159965], [150.77818800345494, -33.930308609159965], [150.77818800345494, -33.93025784806077], [150.77813724235574, -33.93025784806077], [150.77813724235574, -33.93020708696157], [150.77773115356217, -33.93020708696157], [150.77773115356217, -33.93015632586237], [150.77732506476858, -33.93015632586237], [150.77732506476858, -33.930105564763174], [150.77727430366937, -33.930105564763174], [150.77727430366937, -33.93015632586237], [150.77717278147097, -33.93015632586237], [150.77717278147097, -33.930105564763174], [150.77676669267737, -33.930105564763174], [150.77676669267737, -33.93005480366397], [150.77661440937976, -33.93005480366397], [150.77661440937976, -33.930004042564775], [150.776157559487, -33.930004042564775], [150.776157559487, -33.92995328146557], [150.77590375399097, -33.92995328146557], [150.77590375399097, -33.92985175926717], [150.77595451509018, -33.92985175926717], [150.77595451509018, -33.92980099816798], [150.77605603728858, -33.92980099816798], [150.77605603728858, -33.929750237068774], [150.77636060388377, -33.929750237068774], [150.77636060388377, -33.92980099816798]], [[150.77991388082773, -33.93035937025917], [150.77991388082773, -33.930308609159965], [150.77976159753013, -33.930308609159965], [150.77976159753013, -33.93035937025917], [150.77991388082773, -33.93035937025917]], [[150.77742658696695, -33.930004042564775], [150.77742658696695, -33.92995328146557], [150.77732506476858, -33.92995328146557], [150.77732506476858, -33.93005480366397], [150.77737582586775, -33.93005480366397], [150.77737582586775, -33.930004042564775], [150.77742658696695, -33.930004042564775]]], [[[150.77153829945985, -33.92909034277918], [150.77153829945985, -33.929141103878386], [150.77163982165823, -33.929141103878386], [150.77163982165823, -33.92919186497758], [150.77169058275743, -33.92919186497758], [150.77169058275743, -33.929141103878386], [150.77209667155103, -33.929141103878386], [150.77209667155103, -33.92919186497758], [150.77245199924542, -33.92919186497758], [150.77245199924542, -33.929242626076785], [150.77255352144383, -33.929242626076785], [150.77255352144383, -33.92929338717598], [150.77306113243583, -33.92929338717598], [150.77306113243583, -33.929344148275185], [150.7735687434278, -33.929344148275185], [150.7735687434278, -33.92939490937438], [150.7737210267254, -33.92939490937438], [150.7737210267254, -33.929445670473584], [150.7740763544198, -33.929445670473584], [150.7740763544198, -33.929648714870375], [150.774127115519, -33.929648714870375], [150.774127115519, -33.92949643157278], [150.7745332043126, -33.92949643157278], [150.7745332043126, -33.929547192671976], [150.7749900542054, -33.929547192671976], [150.7749900542054, -33.92959795377118], [150.77509157640378, -33.92959795377118], [150.77509157640378, -33.929648714870375], [150.775649948495, -33.929648714870375], [150.775649948495, -33.92969947596958], [150.77600527618938, -33.92969947596958], [150.77600527618938, -33.929750237068774], [150.77595451509018, -33.929750237068774], [150.77595451509018, -33.92980099816798], [150.77590375399097, -33.92980099816798], [150.77590375399097, -33.92985175926717], [150.77585299289177, -33.92985175926717], [150.77585299289177, -33.929902520366376], [150.7758022317926, -33.929902520366376], [150.7758022317926, -33.92995328146557], [150.7757007095942, -33.92995328146557], [150.7757007095942, -33.929902520366376], [150.7753453818998, -33.929902520366376], [150.7753453818998, -33.92985175926717], [150.77514233750298, -33.92985175926717], [150.77514233750298, -33.92980099816798], [150.77509157640378, -33.92980099816798], [150.77509157640378, -33.92969947596958], [150.7750408153046, -33.92969947596958], [150.7750408153046, -33.92980099816798], [150.7747362487094, -33.92980099816798], [150.7747362487094, -33.929750237068774], [150.77468548761018, -33.929750237068774], [150.77468548761018, -33.92980099816798], [150.774634726511, -33.92980099816798], [150.774634726511, -33.929750237068774], [150.7740763544198, -33.929750237068774], [150.7740763544198, -33.92969947596958], [150.7740255933206, -33.92969947596958], [150.7740255933206, -33.929648714870375], [150.7737210267254, -33.929648714870375], [150.7737210267254, -33.92959795377118], [150.7731626546342, -33.92959795377118], [150.7731626546342, -33.929547192671976], [150.7728073269398, -33.929547192671976], [150.7728073269398, -33.92949643157278], [150.77270580474143, -33.92949643157278], [150.77270580474143, -33.929445670473584], [150.77209667155103, -33.929445670473584], [150.77209667155103, -33.92939490937438], [150.77189362715424, -33.92939490937438], [150.77189362715424, -33.929344148275185], [150.77174134385663, -33.929344148275185], [150.77174134385663, -33.92939490937438], [150.77163982165823, -33.92939490937438], [150.77163982165823, -33.929344148275185], [150.77153829945985, -33.929344148275185], [150.77153829945985, -33.92929338717598], [150.77118297176546, -33.92929338717598], [150.77118297176546, -33.929242626076785], [150.77103068846785, -33.929242626076785], [150.77103068846785, -33.92919186497758], [150.77097992736864, -33.92919186497758], [150.77097992736864, -33.929242626076785], [150.77067536077345, -33.929242626076785], [150.77067536077345, -33.92919186497758], [150.77072612187266, -33.92919186497758], [150.77072612187266, -33.928988820580784], [150.77097992736864, -33.928988820580784], [150.77097992736864, -33.92903958167999], [150.77123373286466, -33.92903958167999], [150.77123373286466, -33.92909034277918], [150.77153829945985, -33.92909034277918]]], [[[150.77189362715424, -33.91563865149136], [150.77189362715424, -33.91558789039216], [150.77194438825344, -33.91558789039216], [150.77194438825344, -33.915537129292964], [150.77199514935265, -33.915537129292964], [150.77199514935265, -33.915435607094565], [150.77214743265023, -33.915435607094565], [150.77214743265023, -33.91538484599537], [150.77204591045182, -33.91538484599537], [150.77204591045182, -33.91528332379697], [150.77209667155103, -33.91528332379697], [150.77209667155103, -33.91513104049937], [150.77214743265023, -33.91513104049937], [150.77214743265023, -33.91502951830097], [150.77219819374943, -33.91502951830097], [150.77219819374943, -33.914877235003374], [150.77224895484864, -33.914877235003374], [150.77224895484864, -33.91472495170577], [150.77229971594784, -33.91472495170577], [150.77229971594784, -33.91457266840818], [150.77235047704704, -33.91457266840818], [150.77235047704704, -33.91416657961458], [150.77240123814622, -33.91416657961458], [150.77240123814622, -33.91396353521778], [150.77245199924542, -33.91396353521778], [150.77245199924542, -33.91360820752339], [150.77250276034462, -33.91360820752339], [150.77250276034462, -33.91350668532499], [150.77255352144383, -33.91350668532499], [150.77255352144383, -33.913151357630596], [150.77265504364223, -33.913151357630596], [150.77265504364223, -33.913354402027394], [150.77260428254303, -33.913354402027394], [150.77260428254303, -33.91365896862259], [150.77255352144383, -33.91365896862259], [150.77255352144383, -33.91381125192019], [150.77250276034462, -33.91381125192019], [150.77250276034462, -33.91416657961458], [150.77245199924542, -33.91416657961458], [150.77245199924542, -33.91452190730898], [150.77240123814622, -33.91452190730898], [150.77240123814622, -33.91482647390417], [150.77235047704704, -33.91482647390417], [150.77235047704704, -33.914877235003374], [150.77229971594784, -33.914877235003374], [150.77229971594784, -33.91523256269777], [150.77224895484864, -33.91523256269777], [150.77224895484864, -33.915435607094565], [150.77219819374943, -33.915435607094565], [150.77219819374943, -33.91548636819377], [150.77224895484864, -33.91548636819377], [150.77224895484864, -33.91558789039216], [150.77219819374943, -33.91558789039216], [150.77219819374943, -33.91563865149136], [150.77214743265023, -33.91563865149136], [150.77214743265023, -33.91568941259056], [150.77209667155103, -33.91568941259056], [150.77209667155103, -33.91579093478896], [150.77204591045182, -33.91579093478896], [150.77204591045182, -33.91599397918576], [150.77199514935265, -33.91599397918576], [150.77199514935265, -33.91604474028496], [150.77194438825344, -33.91604474028496], [150.77194438825344, -33.91614626248336], [150.77184286605504, -33.91614626248336], [150.77184286605504, -33.91624778468176], [150.77179210495584, -33.91624778468176], [150.77179210495584, -33.91634930688015], [150.77174134385663, -33.91634930688015], [150.77174134385663, -33.91640006797935], [150.77169058275743, -33.91640006797935], [150.77169058275743, -33.91645082907855], [150.77163982165823, -33.91645082907855], [150.77163982165823, -33.91650159017775], [150.77158906055905, -33.91650159017775], [150.77158906055905, -33.91655235127695], [150.77153829945985, -33.91655235127695], [150.77153829945985, -33.91660311237615], [150.77148753836065, -33.91660311237615], [150.77148753836065, -33.91665387347535], [150.77143677726144, -33.91665387347535], [150.77143677726144, -33.91670463457455], [150.77138601616224, -33.91670463457455], [150.77138601616224, -33.916755395673746], [150.77133525506304, -33.916755395673746], [150.77133525506304, -33.91680615677295], [150.77128449396383, -33.91680615677295], [150.77128449396383, -33.916856917872146], [150.77123373286466, -33.916856917872146], [150.77123373286466, -33.91690767897135], [150.77118297176546, -33.91690767897135], [150.77118297176546, -33.916958440070545], [150.77113221066625, -33.916958440070545], [150.77113221066625, -33.91700920116975], [150.77108144956705, -33.91700920116975], [150.77108144956705, -33.917059962268944], [150.77103068846785, -33.917059962268944], [150.77103068846785, -33.91711072336815], [150.77092916626944, -33.91711072336815], [150.77092916626944, -33.91716148446734], [150.77072612187266, -33.91716148446734], [150.77072612187266, -33.91726300666574], [150.77067536077345, -33.91726300666574], [150.77067536077345, -33.91731376776494], [150.77062459967425, -33.91731376776494], [150.77062459967425, -33.91736452886414], [150.77067536077345, -33.91736452886414], [150.77067536077345, -33.91741528996334], [150.77062459967425, -33.91741528996334], [150.77062459967425, -33.91746605106254], [150.77057383857505, -33.91746605106254], [150.77057383857505, -33.917516812161736], [150.77052307747584, -33.917516812161736], [150.77052307747584, -33.91756757326094], [150.77047231637664, -33.91756757326094], [150.77047231637664, -33.917618334360135], [150.77042155527747, -33.917618334360135], [150.77042155527747, -33.91766909545934], [150.77032003307906, -33.91766909545934], [150.77032003307906, -33.917719856558534], [150.77026927197986, -33.917719856558534], [150.77026927197986, -33.91777061765774], [150.77021851088065, -33.91777061765774], [150.77021851088065, -33.91787213985614], [150.77016774978145, -33.91787213985614], [150.77016774978145, -33.91792290095533], [150.77011698868225, -33.91792290095533], [150.77011698868225, -33.917973662054536], [150.77006622758307, -33.917973662054536], [150.77006622758307, -33.91802442315373], [150.76996470538467, -33.91802442315373], [150.76996470538467, -33.91807518425293], [150.76991394428546, -33.91807518425293], [150.76991394428546, -33.91812594535213], [150.76986318318626, -33.91812594535213], [150.76986318318626, -33.91817670645133], [150.76976166098785, -33.91817670645133], [150.76976166098785, -33.918278228649726], [150.76971089988865, -33.918278228649726], [150.76971089988865, -33.91832898974893], [150.76966013878948, -33.91832898974893], [150.76966013878948, -33.918379750848125], [150.76955861659107, -33.918379750848125], [150.76955861659107, -33.91843051194733], [150.76950785549187, -33.91843051194733], [150.76950785549187, -33.918481273046524], [150.76945709439266, -33.918481273046524], [150.76945709439266, -33.91853203414573], [150.76940633329346, -33.91853203414573], [150.76940633329346, -33.91858279524492], [150.76935557219426, -33.91858279524492], [150.76935557219426, -33.918633556344126], [150.76930481109508, -33.918633556344126], [150.76930481109508, -33.91868431744332], [150.76925404999588, -33.91868431744332], [150.76925404999588, -33.918735078542525], [150.76920328889668, -33.918735078542525], [150.76920328889668, -33.91878583964172], [150.76915252779747, -33.91878583964172], [150.76915252779747, -33.91883660074092], [150.76910176669827, -33.91883660074092], [150.76910176669827, -33.91888736184012], [150.76905100559907, -33.91888736184012], [150.76905100559907, -33.918938122939316], [150.76900024449986, -33.918938122939316], [150.76900024449986, -33.91898888403852], [150.76894948340066, -33.91898888403852], [150.76894948340066, -33.919039645137715], [150.7688987223015, -33.919039645137715], [150.7688987223015, -33.91909040623692], [150.76884796120228, -33.91909040623692], [150.76884796120228, -33.919141167336115], [150.7685433946071, -33.919141167336115], [150.7685433946071, -33.91909040623692], [150.7684926335079, -33.91909040623692], [150.7684926335079, -33.91898888403852], [150.7685433946071, -33.91898888403852], [150.7685433946071, -33.918938122939316], [150.76864491680547, -33.918938122939316], [150.76864491680547, -33.91888736184012], [150.76869567790467, -33.91888736184012], [150.76869567790467, -33.91883660074092], [150.76874643900388, -33.91883660074092], [150.76874643900388, -33.91878583964172], [150.76879720010308, -33.91878583964172], [150.76879720010308, -33.918735078542525], [150.7688987223015, -33.918735078542525], [150.7688987223015, -33.91868431744332], [150.76894948340066, -33.91868431744332], [150.76894948340066, -33.91858279524492], [150.76905100559907, -33.91858279524492], [150.76905100559907, -33.918481273046524], [150.76915252779747, -33.918481273046524], [150.76915252779747, -33.91843051194733], [150.76920328889668, -33.91843051194733], [150.76920328889668, -33.918379750848125], [150.76925404999588, -33.918379750848125], [150.76925404999588, -33.91832898974893], [150.76930481109508, -33.91832898974893], [150.76930481109508, -33.918278228649726], [150.76940633329346, -33.918278228649726], [150.76940633329346, -33.91822746755053], [150.76945709439266, -33.91822746755053], [150.76945709439266, -33.91817670645133], [150.76950785549187, -33.91817670645133], [150.76950785549187, -33.91812594535213], [150.76955861659107, -33.91812594535213], [150.76955861659107, -33.91802442315373], [150.76966013878948, -33.91802442315373], [150.76966013878948, -33.917973662054536], [150.76971089988865, -33.917973662054536], [150.76971089988865, -33.91792290095533], [150.76976166098785, -33.91792290095533], [150.76976166098785, -33.91787213985614], [150.76986318318626, -33.91787213985614], [150.76986318318626, -33.91782137875693], [150.76991394428546, -33.91782137875693], [150.76991394428546, -33.91777061765774], [150.76996470538467, -33.91777061765774], [150.76996470538467, -33.917719856558534], [150.77001546648387, -33.917719856558534], [150.77001546648387, -33.917618334360135], [150.77006622758307, -33.917618334360135], [150.77006622758307, -33.91756757326094], [150.77011698868225, -33.91756757326094], [150.77011698868225, -33.917516812161736], [150.77021851088065, -33.917516812161736], [150.77021851088065, -33.91746605106254], [150.77026927197986, -33.91746605106254], [150.77026927197986, -33.91741528996334], [150.77032003307906, -33.91741528996334], [150.77032003307906, -33.91736452886414], [150.77042155527747, -33.91736452886414], [150.77042155527747, -33.91731376776494], [150.77047231637664, -33.91731376776494], [150.77047231637664, -33.91721224556654], [150.77052307747584, -33.91721224556654], [150.77052307747584, -33.91716148446734], [150.77057383857505, -33.91716148446734], [150.77057383857505, -33.91711072336815], [150.77067536077345, -33.91711072336815], [150.77067536077345, -33.917059962268944], [150.77072612187266, -33.917059962268944], [150.77072612187266, -33.91700920116975], [150.77077688297186, -33.91700920116975], [150.77077688297186, -33.916958440070545], [150.77082764407106, -33.916958440070545], [150.77082764407106, -33.91690767897135], [150.77087840517024, -33.91690767897135], [150.77087840517024, -33.916856917872146], [150.77092916626944, -33.916856917872146], [150.77092916626944, -33.91680615677295], [150.77103068846785, -33.91680615677295], [150.77103068846785, -33.916755395673746], [150.77108144956705, -33.916755395673746], [150.77108144956705, -33.91665387347535], [150.77113221066625, -33.91665387347535], [150.77113221066625, -33.91655235127695], [150.77123373286466, -33.91655235127695], [150.77123373286466, -33.91650159017775], [150.77128449396383, -33.91650159017775], [150.77128449396383, -33.91645082907855], [150.77138601616224, -33.91645082907855], [150.77138601616224, -33.91634930688015], [150.77143677726144, -33.91634930688015], [150.77143677726144, -33.916298545780954], [150.77148753836065, -33.916298545780954], [150.77148753836065, -33.91624778468176], [150.77153829945985, -33.91624778468176], [150.77153829945985, -33.91614626248336], [150.77158906055905, -33.91614626248336], [150.77158906055905, -33.91604474028496], [150.77163982165823, -33.91604474028496], [150.77163982165823, -33.91599397918576], [150.77169058275743, -33.91599397918576], [150.77169058275743, -33.91594321808656], [150.77189362715424, -33.91594321808656], [150.77189362715424, -33.91589245698736], [150.77179210495584, -33.91589245698736], [150.77179210495584, -33.91574017368976], [150.77184286605504, -33.91574017368976], [150.77184286605504, -33.91563865149136], [150.77189362715424, -33.91563865149136]], [[150.77052307747584, -33.91726300666574], [150.77057383857505, -33.91726300666574], [150.77057383857505, -33.91721224556654], [150.77052307747584, -33.91721224556654], [150.77052307747584, -33.91726300666574]], [[150.77199514935265, -33.91589245698736], [150.77199514935265, -33.91584169588816], [150.77189362715424, -33.91584169588816], [150.77189362715424, -33.91589245698736], [150.77199514935265, -33.91589245698736]], [[150.77057383857505, -33.91741528996334], [150.77057383857505, -33.91736452886414], [150.77052307747584, -33.91736452886414], [150.77052307747584, -33.91741528996334], [150.77057383857505, -33.91741528996334]], [[150.77047231637664, -33.91741528996334], [150.77047231637664, -33.91746605106254], [150.77052307747584, -33.91746605106254], [150.77052307747584, -33.91741528996334], [150.77047231637664, -33.91741528996334]], [[150.77042155527747, -33.91746605106254], [150.77042155527747, -33.917516812161736], [150.77047231637664, -33.917516812161736], [150.77047231637664, -33.91746605106254], [150.77042155527747, -33.91746605106254]], [[150.77037079417826, -33.917516812161736], [150.77037079417826, -33.91756757326094], [150.77042155527747, -33.91756757326094], [150.77042155527747, -33.917516812161736], [150.77037079417826, -33.917516812161736]], [[150.77026927197986, -33.91756757326094], [150.77026927197986, -33.917618334360135], [150.77037079417826, -33.917618334360135], [150.77037079417826, -33.91756757326094], [150.77026927197986, -33.91756757326094]], [[150.77021851088065, -33.917618334360135], [150.77021851088065, -33.91766909545934], [150.77026927197986, -33.91766909545934], [150.77026927197986, -33.917618334360135], [150.77021851088065, -33.917618334360135]], [[150.77016774978145, -33.91766909545934], [150.77016774978145, -33.917719856558534], [150.77021851088065, -33.917719856558534], [150.77021851088065, -33.91766909545934], [150.77016774978145, -33.91766909545934]], [[150.77011698868225, -33.917719856558534], [150.77011698868225, -33.91777061765774], [150.77016774978145, -33.91777061765774], [150.77016774978145, -33.917719856558534], [150.77011698868225, -33.917719856558534]], [[150.77006622758307, -33.91777061765774], [150.77006622758307, -33.91782137875693], [150.77011698868225, -33.91782137875693], [150.77011698868225, -33.91777061765774], [150.77006622758307, -33.91777061765774]], [[150.77001546648387, -33.91782137875693], [150.77001546648387, -33.91787213985614], [150.77006622758307, -33.91787213985614], [150.77006622758307, -33.91782137875693], [150.77001546648387, -33.91782137875693]], [[150.76996470538467, -33.91787213985614], [150.76996470538467, -33.91792290095533], [150.77001546648387, -33.91792290095533], [150.77001546648387, -33.91787213985614], [150.76996470538467, -33.91787213985614]], [[150.76986318318626, -33.91792290095533], [150.76986318318626, -33.917973662054536], [150.76996470538467, -33.917973662054536], [150.76996470538467, -33.91792290095533], [150.76986318318626, -33.91792290095533]], [[150.76981242208706, -33.917973662054536], [150.76981242208706, -33.91802442315373], [150.76986318318626, -33.91802442315373], [150.76986318318626, -33.917973662054536], [150.76981242208706, -33.917973662054536]], [[150.76976166098785, -33.91802442315373], [150.76976166098785, -33.91807518425293], [150.76981242208706, -33.91807518425293], [150.76981242208706, -33.91802442315373], [150.76976166098785, -33.91802442315373]], [[150.76971089988865, -33.91807518425293], [150.76971089988865, -33.91812594535213], [150.76976166098785, -33.91812594535213], [150.76976166098785, -33.91807518425293], [150.76971089988865, -33.91807518425293]], [[150.76966013878948, -33.91812594535213], [150.76966013878948, -33.91817670645133], [150.76971089988865, -33.91817670645133], [150.76971089988865, -33.91812594535213], [150.76966013878948, -33.91812594535213]], [[150.76960937769027, -33.91817670645133], [150.76960937769027, -33.91822746755053], [150.76966013878948, -33.91822746755053], [150.76966013878948, -33.91817670645133], [150.76960937769027, -33.91817670645133]], [[150.76955861659107, -33.91822746755053], [150.76955861659107, -33.918278228649726], [150.76960937769027, -33.918278228649726], [150.76960937769027, -33.91822746755053], [150.76955861659107, -33.91822746755053]], [[150.76945709439266, -33.918278228649726], [150.76945709439266, -33.91832898974893], [150.76955861659107, -33.91832898974893], [150.76955861659107, -33.918278228649726], [150.76945709439266, -33.918278228649726]], [[150.76940633329346, -33.91832898974893], [150.76940633329346, -33.918379750848125], [150.76945709439266, -33.918379750848125], [150.76945709439266, -33.91832898974893], [150.76940633329346, -33.91832898974893]], [[150.76935557219426, -33.918379750848125], [150.76935557219426, -33.91843051194733], [150.76940633329346, -33.91843051194733], [150.76940633329346, -33.918379750848125], [150.76935557219426, -33.918379750848125]], [[150.76930481109508, -33.91843051194733], [150.76930481109508, -33.918481273046524], [150.76935557219426, -33.918481273046524], [150.76935557219426, -33.91843051194733], [150.76930481109508, -33.91843051194733]], [[150.76925404999588, -33.918481273046524], [150.76925404999588, -33.91853203414573], [150.76930481109508, -33.91853203414573], [150.76930481109508, -33.918481273046524], [150.76925404999588, -33.918481273046524]], [[150.76920328889668, -33.91853203414573], [150.76920328889668, -33.91858279524492], [150.76925404999588, -33.91858279524492], [150.76925404999588, -33.91853203414573], [150.76920328889668, -33.91853203414573]], [[150.76915252779747, -33.91858279524492], [150.76915252779747, -33.918633556344126], [150.76920328889668, -33.918633556344126], [150.76920328889668, -33.91858279524492], [150.76915252779747, -33.91858279524492]], [[150.76910176669827, -33.918633556344126], [150.76910176669827, -33.91868431744332], [150.76915252779747, -33.91868431744332], [150.76915252779747, -33.918633556344126], [150.76910176669827, -33.918633556344126]], [[150.76905100559907, -33.918735078542525], [150.76905100559907, -33.91868431744332], [150.76900024449986, -33.91868431744332], [150.76900024449986, -33.918735078542525], [150.76905100559907, -33.918735078542525]], [[150.76894948340066, -33.918735078542525], [150.76894948340066, -33.91878583964172], [150.76900024449986, -33.91878583964172], [150.76900024449986, -33.918735078542525], [150.76894948340066, -33.918735078542525]], [[150.76884796120228, -33.91878583964172], [150.76884796120228, -33.91883660074092], [150.76894948340066, -33.91883660074092], [150.76894948340066, -33.91878583964172], [150.76884796120228, -33.91878583964172]], [[150.76879720010308, -33.91883660074092], [150.76879720010308, -33.91888736184012], [150.76884796120228, -33.91888736184012], [150.76884796120228, -33.91883660074092], [150.76879720010308, -33.91883660074092]], [[150.76874643900388, -33.91888736184012], [150.76874643900388, -33.918938122939316], [150.76879720010308, -33.918938122939316], [150.76879720010308, -33.91888736184012], [150.76874643900388, -33.91888736184012]], [[150.76869567790467, -33.918938122939316], [150.76869567790467, -33.91898888403852], [150.76874643900388, -33.91898888403852], [150.76874643900388, -33.918938122939316], [150.76869567790467, -33.918938122939316]]], [[[150.77290884913822, -33.9128467910354], [150.77285808803902, -33.9128467910354], [150.77285808803902, -33.91320211872979], [150.7728073269398, -33.91320211872979], [150.7728073269398, -33.91350668532499], [150.77275656584064, -33.91350668532499], [150.77275656584064, -33.91360820752339], [150.77270580474143, -33.91360820752339], [150.77270580474143, -33.913912774118586], [150.77265504364223, -33.913912774118586], [150.77265504364223, -33.91421734071378], [150.77260428254303, -33.91421734071378], [150.77260428254303, -33.91442038511058], [150.77250276034462, -33.91442038511058], [150.77250276034462, -33.91416657961458], [150.77255352144383, -33.91416657961458], [150.77255352144383, -33.91381125192019], [150.77260428254303, -33.91381125192019], [150.77260428254303, -33.91376049082099], [150.77265504364223, -33.91376049082099], [150.77265504364223, -33.913354402027394], [150.77270580474143, -33.913354402027394], [150.77270580474143, -33.91310059653139], [150.77275656584064, -33.91310059653139], [150.77275656584064, -33.9130498354322], [150.7728073269398, -33.9130498354322], [150.7728073269398, -33.912999074333], [150.77275656584064, -33.912999074333], [150.77275656584064, -33.9128467910354], [150.7728073269398, -33.9128467910354], [150.7728073269398, -33.912745268837], [150.77285808803902, -33.912745268837], [150.77285808803902, -33.9127960299362], [150.77290884913822, -33.9127960299362], [150.77290884913822, -33.9128467910354]]], [[[150.7902691450644, -33.906450892536284], [150.7902691450644, -33.90650165363548], [150.7905229505604, -33.90650165363548], [150.7905229505604, -33.90655241473468], [150.79077675605637, -33.90655241473468], [150.79077675605637, -33.90660317583388], [150.79082751715558, -33.90660317583388], [150.79082751715558, -33.90655241473468], [150.79087827825478, -33.90655241473468], [150.79087827825478, -33.90660317583388], [150.79113208375077, -33.90660317583388], [150.79113208375077, -33.90665393693308], [150.79133512814758, -33.90665393693308], [150.79133512814758, -33.90670469803228], [150.791436650346, -33.90670469803228], [150.791436650346, -33.90675545913148], [150.79153817254436, -33.90675545913148], [150.79153817254436, -33.90680622023068], [150.79163969474277, -33.90680622023068], [150.79163969474277, -33.90685698132988], [150.79174121694118, -33.90685698132988], [150.79174121694118, -33.90690774242908], [150.79184273913958, -33.90690774242908], [150.79184273913958, -33.90695850352828], [150.79194426133796, -33.90695850352828], [150.79194426133796, -33.907009264627476], [150.79204578353637, -33.907009264627476], [150.79204578353637, -33.90706002572668], [150.79209654463557, -33.90706002572668], [150.79209654463557, -33.907110786825875], [150.79219806683398, -33.907110786825875], [150.79219806683398, -33.90716154792508], [150.79224882793318, -33.90716154792508], [150.79224882793318, -33.907212309024274], [150.79229958903235, -33.907212309024274], [150.79229958903235, -33.90726307012348], [150.79240111123076, -33.90726307012348], [150.79240111123076, -33.90731383122267], [150.79245187232996, -33.90731383122267], [150.79245187232996, -33.90736459232187], [150.79255339452837, -33.90736459232187], [150.79255339452837, -33.90741535342107], [150.79265491672675, -33.90741535342107], [150.79265491672675, -33.90751687561947], [150.79270567782595, -33.90751687561947], [150.79270567782595, -33.90756763671867], [150.79280720002436, -33.90756763671867], [150.79280720002436, -33.90761839781787], [150.79285796112356, -33.90761839781787], [150.79285796112356, -33.90766915891707], [150.79295948332197, -33.90766915891707], [150.79295948332197, -33.90771992001627], [150.79306100552034, -33.90771992001627], [150.79306100552034, -33.907770681115466], [150.79316252771875, -33.907770681115466], [150.79316252771875, -33.90782144221467], [150.79326404991716, -33.90782144221467], [150.79326404991716, -33.907872203313865], [150.79331481101636, -33.907872203313865], [150.79331481101636, -33.90792296441307], [150.79346709431394, -33.90792296441307], [150.79346709431394, -33.907973725512264], [150.79351785541314, -33.907973725512264], [150.79351785541314, -33.90802448661147], [150.79361937761155, -33.90802448661147], [150.79361937761155, -33.90807524771066], [150.79367013871075, -33.90807524771066], [150.79367013871075, -33.908126008809866], [150.79372089980995, -33.908126008809866], [150.79372089980995, -33.90817676990906], [150.79382242200833, -33.90817676990906], [150.79382242200833, -33.90822753100826], [150.79392394420674, -33.90822753100826], [150.79392394420674, -33.90827829210746], [150.79397470530594, -33.90827829210746], [150.79397470530594, -33.90832905320666], [150.79407622750435, -33.90832905320666], [150.79407622750435, -33.90837981430586], [150.79417774970275, -33.90837981430586], [150.79417774970275, -33.908430575405056], [150.79422851080193, -33.908430575405056], [150.79422851080193, -33.90848133650426], [150.79433003300034, -33.90848133650426], [150.79433003300034, -33.908532097603455], [150.79443155519874, -33.908532097603455], [150.79443155519874, -33.90858285870266], [150.79448231629794, -33.90858285870266], [150.79448231629794, -33.908633619801854], [150.79463459959553, -33.908633619801854], [150.79463459959553, -33.90868438090106], [150.79473612179393, -33.90868438090106], [150.79473612179393, -33.90873514200025], [150.79483764399234, -33.90873514200025], [150.79483764399234, -33.90878590309946], [150.79488840509154, -33.90878590309946], [150.79488840509154, -33.90883666419865], [150.79498992728992, -33.90883666419865], [150.79498992728992, -33.908887425297856], [150.79509144948832, -33.908887425297856], [150.79509144948832, -33.90893818639705], [150.79514221058753, -33.90893818639705], [150.79514221058753, -33.90898894749625], [150.79524373278593, -33.90898894749625], [150.79524373278593, -33.90903970859545], [150.7953452549843, -33.90903970859545], [150.7953452549843, -33.90909046969465], [150.79544677718272, -33.90909046969465], [150.79544677718272, -33.90914123079385], [150.79554829938112, -33.90914123079385], [150.79554829938112, -33.909191991893046], [150.79559906048033, -33.909191991893046], [150.79559906048033, -33.90924275299225], [150.79564982157953, -33.90924275299225], [150.79564982157953, -33.909293514091445], [150.79570058267873, -33.909293514091445], [150.79570058267873, -33.90934427519065], [150.79585286597631, -33.90934427519065], [150.79585286597631, -33.909395036289844], [150.79595438817472, -33.909395036289844], [150.79595438817472, -33.90944579738905], [150.79600514927392, -33.90944579738905], [150.79600514927392, -33.90949655848824], [150.79605591037313, -33.90949655848824], [150.79605591037313, -33.909648841785845], [150.79590362707552, -33.909648841785845], [150.79590362707552, -33.90959808068664], [150.79585286597631, -33.90959808068664], [150.79585286597631, -33.909547319587446], [150.7957513437779, -33.909547319587446], [150.7957513437779, -33.90949655848824], [150.79564982157953, -33.90949655848824], [150.79564982157953, -33.90944579738905], [150.79554829938112, -33.90944579738905], [150.79554829938112, -33.909395036289844], [150.79544677718272, -33.909395036289844], [150.79544677718272, -33.90934427519065], [150.7953452549843, -33.90934427519065], [150.7953452549843, -33.909293514091445], [150.79524373278593, -33.909293514091445], [150.79524373278593, -33.90924275299225], [150.79519297168673, -33.90924275299225], [150.79519297168673, -33.909191991893046], [150.79509144948832, -33.909191991893046], [150.79509144948832, -33.90914123079385], [150.79498992728992, -33.90914123079385], [150.79498992728992, -33.90909046969465], [150.79488840509154, -33.90909046969465], [150.79488840509154, -33.90903970859545], [150.79478688289313, -33.90903970859545], [150.79478688289313, -33.90898894749625], [150.79468536069473, -33.90898894749625], [150.79468536069473, -33.90893818639705], [150.79458383849632, -33.90893818639705], [150.79458383849632, -33.908887425297856], [150.79453307739715, -33.908887425297856], [150.79453307739715, -33.90883666419865], [150.79438079409954, -33.90883666419865], [150.79438079409954, -33.90878590309946], [150.79427927190113, -33.90878590309946], [150.79427927190113, -33.90873514200025], [150.79422851080193, -33.90873514200025], [150.79422851080193, -33.90868438090106], [150.79412698860355, -33.90868438090106], [150.79412698860355, -33.908633619801854], [150.79407622750435, -33.908633619801854], [150.79407622750435, -33.90858285870266], [150.79402546640515, -33.90858285870266], [150.79402546640515, -33.908532097603455], [150.79392394420674, -33.908532097603455], [150.79392394420674, -33.90848133650426], [150.79382242200833, -33.90848133650426], [150.79382242200833, -33.908430575405056], [150.79377166090916, -33.908430575405056], [150.79377166090916, -33.90837981430586], [150.79361937761155, -33.90837981430586], [150.79361937761155, -33.90832905320666], [150.79356861651235, -33.90832905320666], [150.79356861651235, -33.90827829210746], [150.79346709431394, -33.90827829210746], [150.79346709431394, -33.90822753100826], [150.79336557211556, -33.90822753100826], [150.79336557211556, -33.90817676990906], [150.79331481101636, -33.90817676990906], [150.79331481101636, -33.908126008809866], [150.79321328881795, -33.908126008809866], [150.79321328881795, -33.90802448661147], [150.79301024442117, -33.90802448661147], [150.79301024442117, -33.907973725512264], [150.79295948332197, -33.907973725512264], [150.79295948332197, -33.90792296441307], [150.79280720002436, -33.90792296441307], [150.79280720002436, -33.907872203313865], [150.79275643892515, -33.907872203313865], [150.79275643892515, -33.90782144221467], [150.79270567782595, -33.90782144221467], [150.79270567782595, -33.907770681115466], [150.79265491672675, -33.907770681115466], [150.79265491672675, -33.90771992001627], [150.79255339452837, -33.90771992001627], [150.79255339452837, -33.90766915891707], [150.79250263342917, -33.90766915891707], [150.79250263342917, -33.90761839781787], [150.79245187232996, -33.90761839781787], [150.79245187232996, -33.90756763671867], [150.79240111123076, -33.90756763671867], [150.79240111123076, -33.90751687561947], [150.79235035013156, -33.90751687561947], [150.79235035013156, -33.90746611452027], [150.79224882793318, -33.90746611452027], [150.79224882793318, -33.90741535342107], [150.79219806683398, -33.90741535342107], [150.79219806683398, -33.90736459232187], [150.79209654463557, -33.90736459232187], [150.79209654463557, -33.90731383122267], [150.79199502243716, -33.90731383122267], [150.79199502243716, -33.90726307012348], [150.79194426133796, -33.90726307012348], [150.79194426133796, -33.907212309024274], [150.79184273913958, -33.907212309024274], [150.79184273913958, -33.90716154792508], [150.79179197804038, -33.90716154792508], [150.79179197804038, -33.907110786825875], [150.79174121694118, -33.907110786825875], [150.79174121694118, -33.90706002572668], [150.79169045584197, -33.90706002572668], [150.79169045584197, -33.907110786825875], [150.79158893364357, -33.907110786825875], [150.79158893364357, -33.90706002572668], [150.7914874114452, -33.90706002572668], [150.7914874114452, -33.907009264627476], [150.79138588924678, -33.907009264627476], [150.79138588924678, -33.90695850352828], [150.79123360594917, -33.90695850352828], [150.79123360594917, -33.90690774242908], [150.79113208375077, -33.90690774242908], [150.79113208375077, -33.90685698132988], [150.7909798004532, -33.90685698132988], [150.7909798004532, -33.90680622023068], [150.79077675605637, -33.90680622023068], [150.79077675605637, -33.90675545913148], [150.7906244727588, -33.90675545913148], [150.7906244727588, -33.90670469803228], [150.7902183839652, -33.90670469803228], [150.7902183839652, -33.90665393693308], [150.78991381737, -33.90665393693308], [150.78991381737, -33.90660317583388], [150.7898122951716, -33.90660317583388], [150.7898122951716, -33.90655241473468], [150.7897615340724, -33.90655241473468], [150.7897615340724, -33.90660317583388], [150.7895077285764, -33.90660317583388], [150.7895077285764, -33.90655241473468], [150.7893046841796, -33.90655241473468], [150.7893046841796, -33.90640013143709], [150.7893554452788, -33.90640013143709], [150.7893554452788, -33.906349370337885], [150.7897107729732, -33.906349370337885], [150.7897107729732, -33.90640013143709], [150.7898630562708, -33.90640013143709], [150.7898630562708, -33.906450892536284], [150.7902691450644, -33.906450892536284]]], [[[150.78920316198122, -33.90629860923869], [150.78920316198122, -33.906349370337885], [150.78915240088202, -33.906349370337885], [150.78915240088202, -33.90640013143709], [150.7891016397828, -33.90640013143709], [150.7891016397828, -33.90650165363548], [150.78915240088202, -33.90650165363548], [150.78915240088202, -33.90655241473468], [150.7890508786836, -33.90655241473468], [150.7890508786836, -33.90650165363548], [150.78874631208842, -33.90650165363548], [150.78874631208842, -33.906450892536284], [150.78869555098922, -33.906450892536284], [150.78869555098922, -33.90640013143709], [150.78828946219562, -33.90640013143709], [150.78828946219562, -33.906349370337885], [150.78823870109642, -33.906349370337885], [150.78823870109642, -33.90629860923869], [150.78818793999721, -33.90629860923869], [150.78818793999721, -33.906247848139486], [150.78823870109642, -33.906247848139486], [150.78823870109642, -33.90619708704029], [150.78864478989001, -33.90619708704029], [150.78864478989001, -33.906247848139486], [150.7891016397828, -33.906247848139486], [150.7891016397828, -33.90629860923869], [150.78920316198122, -33.90629860923869]]], [[[150.7765636482806, -33.903608270981124], [150.77661440937976, -33.903608270981124], [150.77661440937976, -33.903252943286724], [150.77666517047896, -33.903252943286724], [150.77666517047896, -33.90294837669153], [150.77671593157817, -33.90294837669153], [150.77671593157817, -33.902643810096336], [150.77676669267737, -33.902643810096336], [150.77676669267737, -33.902491526798734], [150.77681745377657, -33.902491526798734], [150.77681745377657, -33.902186960203544], [150.77686821487578, -33.902186960203544], [150.77686821487578, -33.901882393608346], [150.77691897597498, -33.901882393608346], [150.77691897597498, -33.90157782701315], [150.77696973707418, -33.90157782701315], [150.77696973707418, -33.901324021517155], [150.77702049817336, -33.901324021517155], [150.77702049817336, -33.90112097712036], [150.77707125927256, -33.90112097712036], [150.77707125927256, -33.90081641052516], [150.77712202037176, -33.90081641052516], [150.77712202037176, -33.90051184392996], [150.77717278147097, -33.90051184392996], [150.77717278147097, -33.900207277334765], [150.77722354257017, -33.900207277334765], [150.77722354257017, -33.89995347183877], [150.77727430366937, -33.89995347183877], [150.77727430366937, -33.89975042744197], [150.77732506476858, -33.89975042744197], [150.77732506476858, -33.899445860846775], [150.77737582586775, -33.899445860846775], [150.77737582586775, -33.89919205535078], [150.77742658696695, -33.89919205535078], [150.77742658696695, -33.89883672765639], [150.77752810916536, -33.89883672765639], [150.77752810916536, -33.898887488755584], [150.77757887026456, -33.898887488755584], [150.77757887026456, -33.89883672765639], [150.77773115356217, -33.89883672765639], [150.77773115356217, -33.89898901095398], [150.77768039246297, -33.89898901095398], [150.77768039246297, -33.89929357754918], [150.77762963136377, -33.89929357754918], [150.77762963136377, -33.899547383045174], [150.77757887026456, -33.899547383045174], [150.77757887026456, -33.89975042744197], [150.77752810916536, -33.89975042744197], [150.77752810916536, -33.90005499403717], [150.77747734806616, -33.90005499403717], [150.77747734806616, -33.90035956063237], [150.77742658696695, -33.90035956063237], [150.77742658696695, -33.900664127227564], [150.77737582586775, -33.900664127227564], [150.77737582586775, -33.90091793272356], [150.77732506476858, -33.90091793272356], [150.77732506476858, -33.90112097712036], [150.77727430366937, -33.90112097712036], [150.77727430366937, -33.901425543715554], [150.77722354257017, -33.901425543715554], [150.77722354257017, -33.901730110310744], [150.77717278147097, -33.901730110310744], [150.77717278147097, -33.901983915806746], [150.77712202037176, -33.901983915806746], [150.77712202037176, -33.90223772130274], [150.77707125927256, -33.90223772130274], [150.77707125927256, -33.902491526798734], [150.77702049817336, -33.902491526798734], [150.77702049817336, -33.90279609339393], [150.77696973707418, -33.90279609339393], [150.77696973707418, -33.90310065998913], [150.77691897597498, -33.90310065998913], [150.77691897597498, -33.90335446548512], [150.77686821487578, -33.90335446548512], [150.77686821487578, -33.90355750988192], [150.77681745377657, -33.90355750988192], [150.77681745377657, -33.90386207647712], [150.77676669267737, -33.90386207647712], [150.77676669267737, -33.904166643072315], [150.77671593157817, -33.904166643072315], [150.77671593157817, -33.90442044856831], [150.77666517047896, -33.90442044856831], [150.77666517047896, -33.90462349296511], [150.77661440937976, -33.90462349296511], [150.77661440937976, -33.90472501516351], [150.7765636482806, -33.90472501516351], [150.7765636482806, -33.905029581758704], [150.77651288718138, -33.905029581758704], [150.77651288718138, -33.9053341483539], [150.77646212608218, -33.9053341483539], [150.77646212608218, -33.905689476048295], [150.77641136498298, -33.905689476048295], [150.77641136498298, -33.90589252044509], [150.77636060388377, -33.90589252044509], [150.77636060388377, -33.90594328154429], [150.77630984278457, -33.90594328154429], [150.77630984278457, -33.906247848139486], [150.77625908168537, -33.906247848139486], [150.77625908168537, -33.90655241473468], [150.7762083205862, -33.90655241473468], [150.7762083205862, -33.90680622023068], [150.776157559487, -33.90680622023068], [150.776157559487, -33.90716154792508], [150.7761067983878, -33.90716154792508], [150.7761067983878, -33.907212309024274], [150.77605603728858, -33.907212309024274], [150.77605603728858, -33.90746611452027], [150.77600527618938, -33.90746611452027], [150.77600527618938, -33.90761839781787], [150.77595451509018, -33.90761839781787], [150.77595451509018, -33.90771992001627], [150.77590375399097, -33.90771992001627], [150.77590375399097, -33.90792296441307], [150.77585299289177, -33.90792296441307], [150.77585299289177, -33.90802448661147], [150.7758022317926, -33.90802448661147], [150.7758022317926, -33.90807524771066], [150.7757514706934, -33.90807524771066], [150.7757514706934, -33.908126008809866], [150.7757007095942, -33.908126008809866], [150.7757007095942, -33.90817676990906], [150.775649948495, -33.90817676990906], [150.775649948495, -33.90827829210746], [150.77559918739578, -33.90827829210746], [150.77559918739578, -33.90837981430586], [150.77549766519738, -33.90837981430586], [150.77549766519738, -33.908430575405056], [150.77544690409817, -33.908430575405056], [150.77544690409817, -33.908532097603455], [150.7753453818998, -33.908532097603455], [150.7753453818998, -33.908633619801854], [150.7752946208006, -33.908633619801854], [150.7752946208006, -33.90868438090106], [150.7752438597014, -33.90868438090106], [150.7752438597014, -33.90873514200025], [150.77514233750298, -33.90873514200025], [150.77514233750298, -33.90878590309946], [150.7750408153046, -33.90878590309946], [150.7750408153046, -33.90883666419865], [150.7749900542054, -33.90883666419865], [150.7749900542054, -33.908887425297856], [150.7749392931062, -33.908887425297856], [150.7749392931062, -33.90893818639705], [150.774888532007, -33.90893818639705], [150.774888532007, -33.90903970859545], [150.7747362487094, -33.90903970859545], [150.7747362487094, -33.90909046969465], [150.77468548761018, -33.90909046969465], [150.77468548761018, -33.90914123079385], [150.774634726511, -33.90914123079385], [150.774634726511, -33.909191991893046], [150.7745839654118, -33.909191991893046], [150.7745839654118, -33.90924275299225], [150.7744824432134, -33.90924275299225], [150.7744824432134, -33.909293514091445], [150.774380921015, -33.909293514091445], [150.774380921015, -33.90934427519065], [150.7743301599158, -33.90934427519065], [150.7743301599158, -33.909395036289844], [150.77427939881662, -33.909395036289844], [150.77427939881662, -33.90944579738905], [150.7741778766182, -33.90944579738905], [150.7741778766182, -33.909547319587446], [150.774127115519, -33.909547319587446], [150.774127115519, -33.90959808068664], [150.7740255933206, -33.90959808068664], [150.7740255933206, -33.909648841785845], [150.7739748322214, -33.909648841785845], [150.7739748322214, -33.90969960288504], [150.7739240711222, -33.90969960288504], [150.7739240711222, -33.909750363984244], [150.77387331002302, -33.909750363984244], [150.77387331002302, -33.90980112508344], [150.77382254892382, -33.90980112508344], [150.77382254892382, -33.909851886182636], [150.77377178782461, -33.909851886182636], [150.77377178782461, -33.909953408381035], [150.7736702656262, -33.909953408381035], [150.7736702656262, -33.910054930579435], [150.773619504527, -33.910054930579435], [150.773619504527, -33.91010569167864], [150.7735687434278, -33.91010569167864], [150.7735687434278, -33.91025797497623], [150.77351798232863, -33.91025797497623], [150.77351798232863, -33.910308736075436], [150.77346722122942, -33.910308736075436], [150.77346722122942, -33.91035949717463], [150.77341646013022, -33.91035949717463], [150.77341646013022, -33.91046101937303], [150.77336569903102, -33.91046101937303], [150.77336569903102, -33.910613302670626], [150.77331493793181, -33.910613302670626], [150.77331493793181, -33.91076558596823], [150.7732641768326, -33.91076558596823], [150.7732641768326, -33.91101939146422], [150.7732134157334, -33.91101939146422], [150.7732134157334, -33.911273196960224], [150.7731626546342, -33.911273196960224], [150.7731626546342, -33.91137471915862], [150.77311189353503, -33.91137471915862], [150.77311189353503, -33.91167928575381], [150.77306113243583, -33.91167928575381], [150.77306113243583, -33.91208537454741], [150.77301037133662, -33.91208537454741], [150.77301037133662, -33.91218689674581], [150.77290884913822, -33.91218689674581], [150.77290884913822, -33.91208537454741], [150.77285808803902, -33.91208537454741], [150.77285808803902, -33.91213613564661], [150.77275656584064, -33.91213613564661], [150.77275656584064, -33.91208537454741], [150.7728073269398, -33.91208537454741], [150.7728073269398, -33.911730046853016], [150.77285808803902, -33.911730046853016], [150.77285808803902, -33.91142548025782], [150.77290884913822, -33.91142548025782], [150.77290884913822, -33.91122243586102], [150.77295961023742, -33.91122243586102], [150.77295961023742, -33.911070152563425], [150.77301037133662, -33.911070152563425], [150.77301037133662, -33.91076558596823], [150.77306113243583, -33.91076558596823], [150.77306113243583, -33.91056254157143], [150.77311189353503, -33.91056254157143], [150.77311189353503, -33.910410258273835], [150.7731626546342, -33.910410258273835], [150.7731626546342, -33.91035949717463], [150.7732134157334, -33.91035949717463], [150.7732134157334, -33.91025797497623], [150.7732641768326, -33.91025797497623], [150.7732641768326, -33.91020721387704], [150.77331493793181, -33.91020721387704], [150.77331493793181, -33.910156452777834], [150.77336569903102, -33.910156452777834], [150.77336569903102, -33.909953408381035], [150.77341646013022, -33.909953408381035], [150.77341646013022, -33.909851886182636], [150.77346722122942, -33.909851886182636], [150.77346722122942, -33.90980112508344], [150.7735687434278, -33.90980112508344], [150.7735687434278, -33.909750363984244], [150.773619504527, -33.909750363984244], [150.773619504527, -33.90969960288504], [150.7736702656262, -33.90969960288504], [150.7736702656262, -33.909648841785845], [150.7737210267254, -33.909648841785845], [150.7737210267254, -33.909547319587446], [150.77382254892382, -33.909547319587446], [150.77382254892382, -33.90949655848824], [150.77387331002302, -33.90949655848824], [150.77387331002302, -33.90944579738905], [150.7739240711222, -33.90944579738905], [150.7739240711222, -33.909395036289844], [150.7739748322214, -33.909395036289844], [150.7739748322214, -33.90934427519065], [150.7740255933206, -33.90934427519065], [150.7740255933206, -33.909293514091445], [150.7740763544198, -33.909293514091445], [150.7740763544198, -33.90924275299225], [150.7741778766182, -33.90924275299225], [150.7741778766182, -33.909191991893046], [150.77427939881662, -33.909191991893046], [150.77427939881662, -33.90914123079385], [150.7743301599158, -33.90914123079385], [150.7743301599158, -33.90903970859545], [150.7744316821142, -33.90903970859545], [150.7744316821142, -33.90898894749625], [150.7744824432134, -33.90898894749625], [150.7744824432134, -33.90893818639705], [150.7745332043126, -33.90893818639705], [150.7745332043126, -33.908887425297856], [150.774634726511, -33.908887425297856], [150.774634726511, -33.90883666419865], [150.77468548761018, -33.90883666419865], [150.77468548761018, -33.90878590309946], [150.7747870098086, -33.90878590309946], [150.7747870098086, -33.90873514200025], [150.7748377709078, -33.90873514200025], [150.7748377709078, -33.90868438090106], [150.774888532007, -33.90868438090106], [150.774888532007, -33.908633619801854], [150.7750408153046, -33.908633619801854], [150.7750408153046, -33.908532097603455], [150.77509157640378, -33.908532097603455], [150.77509157640378, -33.90848133650426], [150.77514233750298, -33.90848133650426], [150.77514233750298, -33.90837981430586], [150.7751930986022, -33.90837981430586], [150.7751930986022, -33.90832905320666], [150.7752438597014, -33.90832905320666], [150.7752438597014, -33.90827829210746], [150.7752946208006, -33.90827829210746], [150.7752946208006, -33.90822753100826], [150.7753453818998, -33.90822753100826], [150.7753453818998, -33.90817676990906], [150.775396142999, -33.90817676990906], [150.775396142999, -33.908126008809866], [150.77544690409817, -33.908126008809866], [150.77544690409817, -33.90807524771066], [150.77549766519738, -33.90807524771066], [150.77549766519738, -33.907973725512264], [150.77554842629658, -33.907973725512264], [150.77554842629658, -33.90792296441307], [150.77559918739578, -33.90792296441307], [150.77559918739578, -33.907872203313865], [150.775649948495, -33.907872203313865], [150.775649948495, -33.90766915891707], [150.7757007095942, -33.90766915891707], [150.7757007095942, -33.90751687561947], [150.7758022317926, -33.90751687561947], [150.7758022317926, -33.90731383122267], [150.77585299289177, -33.90731383122267], [150.77585299289177, -33.90716154792508], [150.77590375399097, -33.90716154792508], [150.77590375399097, -33.90685698132988], [150.77595451509018, -33.90685698132988], [150.77595451509018, -33.90660317583388], [150.77600527618938, -33.90660317583388], [150.77600527618938, -33.90629860923869], [150.77605603728858, -33.90629860923869], [150.77605603728858, -33.90604480374269], [150.7761067983878, -33.90604480374269], [150.7761067983878, -33.90594328154429], [150.776157559487, -33.90594328154429], [150.776157559487, -33.905587953849896], [150.7762083205862, -33.905587953849896], [150.7762083205862, -33.9053849094531], [150.77625908168537, -33.9053849094531], [150.77625908168537, -33.9051311039571], [150.77630984278457, -33.9051311039571], [150.77630984278457, -33.9049788206595], [150.77636060388377, -33.9049788206595], [150.77636060388377, -33.90472501516351], [150.77641136498298, -33.90472501516351], [150.77641136498298, -33.904369687469114], [150.77646212608218, -33.904369687469114], [150.77646212608218, -33.904065120873916], [150.77651288718138, -33.904065120873916], [150.77651288718138, -33.90391283757632], [150.7765636482806, -33.90391283757632], [150.7765636482806, -33.903608270981124]], [[150.77382254892382, -33.909750363984244], [150.77377178782461, -33.909750363984244], [150.77377178782461, -33.90980112508344], [150.77382254892382, -33.90980112508344], [150.77382254892382, -33.909750363984244]], [[150.77295961023742, -33.91208537454741], [150.77295961023742, -33.911730046853016], [150.77290884913822, -33.911730046853016], [150.77290884913822, -33.91208537454741], [150.77295961023742, -33.91208537454741]], [[150.77301037133662, -33.911730046853016], [150.77301037133662, -33.91162852465462], [150.77306113243583, -33.91162852465462], [150.77306113243583, -33.911577763555414], [150.77295961023742, -33.911577763555414], [150.77295961023742, -33.911730046853016], [150.77301037133662, -33.911730046853016]], [[150.77646212608218, -33.90442044856831], [150.77651288718138, -33.90442044856831], [150.77651288718138, -33.904369687469114], [150.77646212608218, -33.904369687469114], [150.77646212608218, -33.90442044856831]], [[150.77747734806616, -33.89914129425158], [150.77752810916536, -33.89914129425158], [150.77752810916536, -33.89909053315238], [150.77747734806616, -33.89909053315238], [150.77747734806616, -33.89914129425158]], [[150.77717278147097, -33.90071488832676], [150.77722354257017, -33.90071488832676], [150.77722354257017, -33.900664127227564], [150.77717278147097, -33.900664127227564], [150.77717278147097, -33.90071488832676]], [[150.77559918739578, -33.908126008809866], [150.775649948495, -33.908126008809866], [150.775649948495, -33.90807524771066], [150.77559918739578, -33.90807524771066], [150.77559918739578, -33.908126008809866]]], [[[150.77818800345494, -33.89568953950603], [150.77818800345494, -33.89579106170443], [150.77828952565335, -33.89579106170443], [150.77828952565335, -33.895841822803625], [150.77818800345494, -33.895841822803625], [150.77818800345494, -33.89589258390282], [150.77828952565335, -33.89589258390282], [150.77828952565335, -33.89599410610122], [150.77823876455415, -33.89599410610122], [150.77823876455415, -33.895943345002024], [150.77813724235574, -33.895943345002024], [150.77813724235574, -33.89599410610122], [150.77808648125657, -33.89599410610122], [150.77808648125657, -33.89624791159722], [150.77803572015736, -33.89624791159722], [150.77803572015736, -33.89640019489482], [150.77813724235574, -33.89640019489482], [150.77813724235574, -33.89645095599402], [150.77818800345494, -33.89645095599402], [150.77818800345494, -33.89655247819242], [150.77808648125657, -33.89655247819242], [150.77808648125657, -33.89645095599402], [150.77803572015736, -33.89645095599402], [150.77803572015736, -33.896501717093216], [150.77798495905816, -33.896501717093216], [150.77798495905816, -33.896704761490014], [150.77793419795896, -33.896704761490014], [150.77793419795896, -33.89685704478761], [150.77798495905816, -33.89685704478761], [150.77798495905816, -33.89690780588681], [150.77808648125657, -33.89690780588681], [150.77808648125657, -33.89700932808521], [150.77803572015736, -33.89700932808521], [150.77803572015736, -33.89706008918441], [150.77798495905816, -33.89706008918441], [150.77798495905816, -33.89695856698601], [150.77788343685975, -33.89695856698601], [150.77788343685975, -33.89721237248201], [150.77793419795896, -33.89721237248201], [150.77793419795896, -33.897263133581205], [150.77788343685975, -33.897263133581205], [150.77788343685975, -33.89731389468041], [150.77783267576055, -33.89731389468041], [150.77783267576055, -33.897364655779604], [150.77788343685975, -33.897364655779604], [150.77788343685975, -33.89741541687881], [150.77783267576055, -33.89741541687881], [150.77783267576055, -33.897466177978], [150.77798495905816, -33.897466177978], [150.77798495905816, -33.897719983474], [150.77793419795896, -33.897719983474], [150.77793419795896, -33.8980753111684], [150.77788343685975, -33.8980753111684], [150.77788343685975, -33.8981768333668], [150.77778191466135, -33.8981768333668], [150.77778191466135, -33.898126072267594], [150.77762963136377, -33.898126072267594], [150.77762963136377, -33.8978722667716], [150.77768039246297, -33.8978722667716], [150.77768039246297, -33.8975677001764], [150.77773115356217, -33.8975677001764], [150.77773115356217, -33.89721237248201], [150.77778191466135, -33.89721237248201], [150.77778191466135, -33.897161611382806], [150.77783267576055, -33.897161611382806], [150.77783267576055, -33.89711085028361], [150.77778191466135, -33.89711085028361], [150.77778191466135, -33.89700932808521], [150.77783267576055, -33.89700932808521], [150.77783267576055, -33.89675552258921], [150.77788343685975, -33.89675552258921], [150.77788343685975, -33.896501717093216], [150.77793419795896, -33.896501717093216], [150.77793419795896, -33.89619715049802], [150.77798495905816, -33.89619715049802], [150.77798495905816, -33.89599410610122], [150.77803572015736, -33.89599410610122], [150.77803572015736, -33.89579106170443], [150.77808648125657, -33.89579106170443], [150.77808648125657, -33.89553725620843], [150.77813724235574, -33.89553725620843], [150.77813724235574, -33.89548649510923], [150.77818800345494, -33.89548649510923], [150.77818800345494, -33.89553725620843], [150.77828952565335, -33.89553725620843], [150.77828952565335, -33.89543573401003], [150.77834028675255, -33.89543573401003], [150.77834028675255, -33.895740300605226], [150.77828952565335, -33.895740300605226], [150.77828952565335, -33.89568953950603], [150.77818800345494, -33.89568953950603]]], [[[150.7737210267254, -33.88746624143574], [150.7737210267254, -33.887517002534935], [150.7739748322214, -33.887517002534935], [150.7739748322214, -33.88756776363414], [150.7742286377174, -33.88756776363414], [150.7742286377174, -33.887618524733334], [150.7745332043126, -33.887618524733334], [150.7745332043126, -33.88766928583253], [150.774634726511, -33.88766928583253], [150.774634726511, -33.88777080803093], [150.7745839654118, -33.88777080803093], [150.7745839654118, -33.88782156913013], [150.7741778766182, -33.88782156913013], [150.7741778766182, -33.88777080803093], [150.7739240711222, -33.88777080803093], [150.7739240711222, -33.887618524733334], [150.77382254892382, -33.887618524733334], [150.77382254892382, -33.88766928583253], [150.77387331002302, -33.88766928583253], [150.77387331002302, -33.88772004693173], [150.77382254892382, -33.88772004693173], [150.77382254892382, -33.88777080803093], [150.77377178782461, -33.88777080803093], [150.77377178782461, -33.88772004693173], [150.77336569903102, -33.88772004693173], [150.77336569903102, -33.88766928583253], [150.7732641768326, -33.88766928583253], [150.7732641768326, -33.887618524733334], [150.7731626546342, -33.887618524733334], [150.7731626546342, -33.88766928583253], [150.77306113243583, -33.88766928583253], [150.77306113243583, -33.887618524733334], [150.77260428254303, -33.887618524733334], [150.77260428254303, -33.88756776363414], [150.77229971594784, -33.88756776363414], [150.77229971594784, -33.887517002534935], [150.77204591045182, -33.887517002534935], [150.77204591045182, -33.88746624143574], [150.77169058275743, -33.88746624143574], [150.77169058275743, -33.887415480336536], [150.77138601616224, -33.887415480336536], [150.77138601616224, -33.88736471923734], [150.77113221066625, -33.88736471923734], [150.77113221066625, -33.88731395813814], [150.77108144956705, -33.88731395813814], [150.77108144956705, -33.88736471923734], [150.77097992736864, -33.88736471923734], [150.77097992736864, -33.88731395813814], [150.77052307747584, -33.88731395813814], [150.77052307747584, -33.88726319703894], [150.77047231637664, -33.88726319703894], [150.77047231637664, -33.88721243593974], [150.77042155527747, -33.88721243593974], [150.77042155527747, -33.88726319703894], [150.77006622758307, -33.88726319703894], [150.77006622758307, -33.88721243593974], [150.76966013878948, -33.88721243593974], [150.76966013878948, -33.88716167484054], [150.76935557219426, -33.88716167484054], [150.76935557219426, -33.88711091374134], [150.76894948340066, -33.88711091374134], [150.76894948340066, -33.88706015264214], [150.7684926335079, -33.88706015264214], [150.7684926335079, -33.88700939154294], [150.7680865447143, -33.88700939154294], [150.7680865447143, -33.88695863044374], [150.7677312170199, -33.88695863044374], [150.7677312170199, -33.88690786934454], [150.7672236060279, -33.88690786934454], [150.7672236060279, -33.886857108245344], [150.7668175172343, -33.886857108245344], [150.7668175172343, -33.88680634714614], [150.7664114284407, -33.88680634714614], [150.7664114284407, -33.886755586046945], [150.76620838404392, -33.886755586046945], [150.76620838404392, -33.88670482494775], [150.7659038174487, -33.88670482494775], [150.7659038174487, -33.886654063848546], [150.7655484897543, -33.886654063848546], [150.7655484897543, -33.88660330274935], [150.76519316205992, -33.88660330274935], [150.76519316205992, -33.88655254165015], [150.76483783436552, -33.88655254165015], [150.76483783436552, -33.88650178055095], [150.76438098447272, -33.88650178055095], [150.76438098447272, -33.88645101945175], [150.76392413457995, -33.88645101945175], [150.76392413457995, -33.88640025835255], [150.76351804578636, -33.88640025835255], [150.76351804578636, -33.88634949725335], [150.76306119589356, -33.88634949725335], [150.76306119589356, -33.88629873615415], [150.76270586819916, -33.88629873615415], [150.76270586819916, -33.88624797505495], [150.76224901830636, -33.88624797505495], [150.76224901830636, -33.886197213955754], [150.76189369061197, -33.886197213955754], [150.76189369061197, -33.885994169558955], [150.76229977940557, -33.885994169558955], [150.76229977940557, -33.88604493065815], [150.76270586819916, -33.88604493065815], [150.76270586819916, -33.886095691757355], [150.76301043479435, -33.886095691757355], [150.76301043479435, -33.88614645285655], [150.76341652358795, -33.88614645285655], [150.76341652358795, -33.886197213955754], [150.76387337348075, -33.886197213955754], [150.76387337348075, -33.88624797505495], [150.76427946227435, -33.88624797505495], [150.76427946227435, -33.88629873615415], [150.76473631216712, -33.88629873615415], [150.76473631216712, -33.88634949725335], [150.7651424009607, -33.88634949725335], [150.7651424009607, -33.88640025835255], [150.7655484897543, -33.88640025835255], [150.7655484897543, -33.88645101945175], [150.76585305634953, -33.88645101945175], [150.76585305634953, -33.88655254165015], [150.7659038174487, -33.88655254165015], [150.7659038174487, -33.88645101945175], [150.7659545785479, -33.88645101945175], [150.7659545785479, -33.88650178055095], [150.7664114284407, -33.88650178055095], [150.7664114284407, -33.88655254165015], [150.7667667561351, -33.88655254165015], [150.7667667561351, -33.88660330274935], [150.7671728449287, -33.88660330274935], [150.7671728449287, -33.886654063848546], [150.7675281726231, -33.886654063848546], [150.7675281726231, -33.88670482494775], [150.76783273921828, -33.88670482494775], [150.76783273921828, -33.886755586046945], [150.7680865447143, -33.886755586046945], [150.7680865447143, -33.88680634714614], [150.7684418724087, -33.88680634714614], [150.7684418724087, -33.886857108245344], [150.76884796120228, -33.886857108245344], [150.76884796120228, -33.88690786934454], [150.76930481109508, -33.88690786934454], [150.76930481109508, -33.88695863044374], [150.76966013878948, -33.88695863044374], [150.76966013878948, -33.88700939154294], [150.77011698868225, -33.88700939154294], [150.77011698868225, -33.88706015264214], [150.77042155527747, -33.88706015264214], [150.77042155527747, -33.88711091374134], [150.77087840517024, -33.88711091374134], [150.77087840517024, -33.88716167484054], [150.77128449396383, -33.88716167484054], [150.77128449396383, -33.88721243593974], [150.77169058275743, -33.88721243593974], [150.77169058275743, -33.88726319703894], [150.77209667155103, -33.88726319703894], [150.77209667155103, -33.88731395813814], [150.77255352144383, -33.88731395813814], [150.77255352144383, -33.88736471923734], [150.77295961023742, -33.88736471923734], [150.77295961023742, -33.887415480336536], [150.77331493793181, -33.887415480336536], [150.77331493793181, -33.88746624143574], [150.77351798232863, -33.88746624143574], [150.77351798232863, -33.887517002534935], [150.7735687434278, -33.887517002534935], [150.7735687434278, -33.88746624143574], [150.7737210267254, -33.88746624143574]], [[150.7732641768326, -33.88746624143574], [150.7732641768326, -33.88756776363414], [150.77331493793181, -33.88756776363414], [150.77331493793181, -33.88746624143574], [150.7732641768326, -33.88746624143574]], [[150.76930481109508, -33.88706015264214], [150.76945709439266, -33.88706015264214], [150.76945709439266, -33.88700939154294], [150.76930481109508, -33.88700939154294], [150.76930481109508, -33.88706015264214]], [[150.76950785549187, -33.88706015264214], [150.76960937769027, -33.88706015264214], [150.76960937769027, -33.88700939154294], [150.76950785549187, -33.88700939154294], [150.76950785549187, -33.88706015264214]], [[150.77204591045182, -33.887415480336536], [150.77214743265023, -33.887415480336536], [150.77214743265023, -33.88736471923734], [150.77204591045182, -33.88736471923734], [150.77204591045182, -33.887415480336536]]], [[[150.7804214918197, -33.88350687569819], [150.7804722529189, -33.88350687569819], [150.7804722529189, -33.883253070202194], [150.78052301401812, -33.883253070202194], [150.78052301401812, -33.882948503607], [150.78057377511732, -33.882948503607], [150.78057377511732, -33.882593175912604], [150.78062453621652, -33.882593175912604], [150.78062453621652, -33.882390131515805], [150.78077681951413, -33.882390131515805], [150.78077681951413, -33.8823393704166], [150.78067529731572, -33.8823393704166], [150.78067529731572, -33.88208556492061], [150.78072605841493, -33.88208556492061], [150.78072605841493, -33.881831759424614], [150.78077681951413, -33.881831759424614], [150.78077681951413, -33.88167947612701], [150.7808275806133, -33.88167947612701], [150.7808275806133, -33.881628715027816], [150.78077681951413, -33.881628715027816], [150.78077681951413, -33.88157795392861], [150.7808275806133, -33.88157795392861], [150.7808275806133, -33.881273387333415], [150.7808783417125, -33.881273387333415], [150.7808783417125, -33.880968820738225], [150.7809291028117, -33.880968820738225], [150.7809291028117, -33.88076577634143], [150.78097986391091, -33.88076577634143], [150.78097986391091, -33.880511970845426], [150.78103062501012, -33.880511970845426], [150.78103062501012, -33.880207404250235], [150.78108138610932, -33.880207404250235], [150.78108138610932, -33.87990283765504], [150.78113214720852, -33.87990283765504], [150.78113214720852, -33.87959827105984], [150.7811829083077, -33.87959827105984], [150.7811829083077, -33.87939522666304], [150.7812336694069, -33.87939522666304], [150.7812336694069, -33.879192182266245], [150.7812844305061, -33.879192182266245], [150.7812844305061, -33.87888761567105], [150.7813351916053, -33.87888761567105], [150.7813351916053, -33.878532287976654], [150.7813859527045, -33.878532287976654], [150.7813859527045, -33.87822772138146], [150.7814367138037, -33.87822772138146], [150.7814367138037, -33.87802467698466], [150.7815889971013, -33.87802467698466], [150.7815889971013, -33.87807543808386], [150.7816905192997, -33.87807543808386], [150.7816905192997, -33.87822772138146], [150.7816397582005, -33.87822772138146], [150.7816397582005, -33.878532287976654], [150.7815889971013, -33.878532287976654], [150.7815889971013, -33.87873533237345], [150.78153823600212, -33.87873533237345], [150.78153823600212, -33.87893837677025], [150.78148747490292, -33.87893837677025], [150.78148747490292, -33.87924294336545], [150.7814367138037, -33.87924294336545], [150.7814367138037, -33.87939522666304], [150.7813859527045, -33.87939522666304], [150.7813859527045, -33.87944598776224], [150.7814367138037, -33.87944598776224], [150.7814367138037, -33.87954750996064], [150.7813859527045, -33.87954750996064], [150.7813859527045, -33.879852076555835], [150.7813351916053, -33.879852076555835], [150.7813351916053, -33.88015664315103], [150.7812844305061, -33.88015664315103], [150.7812844305061, -33.88035968754783], [150.7812336694069, -33.88035968754783], [150.7812336694069, -33.88066425414303], [150.7811829083077, -33.88066425414303], [150.7811829083077, -33.880968820738225], [150.78113214720852, -33.880968820738225], [150.78113214720852, -33.88132414843262], [150.78108138610932, -33.88132414843262], [150.78108138610932, -33.88167947612701], [150.78103062501012, -33.88167947612701], [150.78103062501012, -33.881831759424614], [150.78097986391091, -33.881831759424614], [150.78097986391091, -33.882136326019804], [150.7809291028117, -33.882136326019804], [150.7809291028117, -33.882440892615], [150.7808783417125, -33.882440892615], [150.7808783417125, -33.882694698110996], [150.7808275806133, -33.882694698110996], [150.7808275806133, -33.882897742507794], [150.78077681951413, -33.882897742507794], [150.78077681951413, -33.88310078690459], [150.78072605841493, -33.88310078690459], [150.78072605841493, -33.883253070202194], [150.78067529731572, -33.883253070202194], [150.78067529731572, -33.883557636797384], [150.78062453621652, -33.883557636797384], [150.78062453621652, -33.88386220339258], [150.78057377511732, -33.88386220339258], [150.78057377511732, -33.88416676998778], [150.78052301401812, -33.88416676998778], [150.78052301401812, -33.884471336582976], [150.7804722529189, -33.884471336582976], [150.7804722529189, -33.884674380979774], [150.7804214918197, -33.884674380979774], [150.7804214918197, -33.88497894757497], [150.78037073072053, -33.88497894757497], [150.78037073072053, -33.88513123087257], [150.78031996962133, -33.88513123087257], [150.78031996962133, -33.88518199197176], [150.78037073072053, -33.88518199197176], [150.78037073072053, -33.88528351417016], [150.78031996962133, -33.88528351417016], [150.78031996962133, -33.88558808076536], [150.78026920852213, -33.88558808076536], [150.78026920852213, -33.88584188626136], [150.78021844742293, -33.88584188626136], [150.78021844742293, -33.886095691757355], [150.78016768632372, -33.886095691757355], [150.78016768632372, -33.886197213955754], [150.78011692522452, -33.886197213955754], [150.78011692522452, -33.88624797505495], [150.78016768632372, -33.88624797505495], [150.78016768632372, -33.88640025835255], [150.78011692522452, -33.88640025835255], [150.78011692522452, -33.88670482494775], [150.78006616412532, -33.88670482494775], [150.78006616412532, -33.88700939154294], [150.78001540302614, -33.88700939154294], [150.78001540302614, -33.88726319703894], [150.77996464192694, -33.88726319703894], [150.77996464192694, -33.88746624143574], [150.77991388082773, -33.88746624143574], [150.77991388082773, -33.887618524733334], [150.77986311972853, -33.887618524733334], [150.77986311972853, -33.88766928583253], [150.77991388082773, -33.88766928583253], [150.77991388082773, -33.88777080803093], [150.77986311972853, -33.88777080803093], [150.77986311972853, -33.88812613572533], [150.77981235862933, -33.88812613572533], [150.77981235862933, -33.888278419022924], [150.77986311972853, -33.888278419022924], [150.77986311972853, -33.88832918012213], [150.78001540302614, -33.88832918012213], [150.78001540302614, -33.888379941221324], [150.78037073072053, -33.888379941221324], [150.78037073072053, -33.88843070232053], [150.78077681951413, -33.88843070232053], [150.78077681951413, -33.88848146341972], [150.7812336694069, -33.88848146341972], [150.7812336694069, -33.88853222451892], [150.7816905192997, -33.88853222451892], [150.7816905192997, -33.88858298561812], [150.7820966080933, -33.88858298561812], [150.7820966080933, -33.88863374671732], [150.7824519357877, -33.88863374671732], [150.7824519357877, -33.88868450781652], [150.7827057412837, -33.88868450781652], [150.7827057412837, -33.88878603001492], [150.78275650238288, -33.88878603001492], [150.78275650238288, -33.88868450781652], [150.78280726348208, -33.88868450781652], [150.78280726348208, -33.88873526891572], [150.78326411337488, -33.88873526891572], [150.78326411337488, -33.88878603001492], [150.78367020216848, -33.88878603001492], [150.78367020216848, -33.888836791114116], [150.78412705206128, -33.888836791114116], [150.78412705206128, -33.88888755221332], [150.78448237975567, -33.88888755221332], [150.78448237975567, -33.888938313312515], [150.78473618525166, -33.888938313312515], [150.78473618525166, -33.88898907441172], [150.78498999074768, -33.88898907441172], [150.78498999074768, -33.889039835510914], [150.78504075184685, -33.889039835510914], [150.78504075184685, -33.88914135770931], [150.78509151294605, -33.88914135770931], [150.78509151294605, -33.889039835510914], [150.78534531844207, -33.889039835510914], [150.78534531844207, -33.88909059661012], [150.78575140723567, -33.88909059661012], [150.78575140723567, -33.88914135770931], [150.78610673493006, -33.88914135770931], [150.78610673493006, -33.889192118808516], [150.78651282372365, -33.889192118808516], [150.78651282372365, -33.88924287990771], [150.78691891251722, -33.88924287990771], [150.78691891251722, -33.88929364100691], [150.78732500131082, -33.88929364100691], [150.78732500131082, -33.88934440210611], [150.78778185120362, -33.88934440210611], [150.78778185120362, -33.88939516320531], [150.78823870109642, -33.88939516320531], [150.78823870109642, -33.88944592430451], [150.7885432676916, -33.88944592430451], [150.7885432676916, -33.88954744650291], [150.7885940287908, -33.88954744650291], [150.7885940287908, -33.88944592430451], [150.78864478989001, -33.88944592430451], [150.78864478989001, -33.88949668540371], [150.7890001175844, -33.88949668540371], [150.7890001175844, -33.88954744650291], [150.7893046841796, -33.88954744650291], [150.7893046841796, -33.889598207602106], [150.7895077285764, -33.889598207602106], [150.7895077285764, -33.88964896870131], [150.7898122951716, -33.88964896870131], [150.7898122951716, -33.889699729800505], [150.7902183839652, -33.889699729800505], [150.7902183839652, -33.88975049089971], [150.7905737116596, -33.88975049089971], [150.7905737116596, -33.889953535296506], [150.7903199061636, -33.889953535296506], [150.7903199061636, -33.8899027741973], [150.7898630562708, -33.8899027741973], [150.7898630562708, -33.88985201309811], [150.789406206378, -33.88985201309811], [150.789406206378, -33.889801251998904], [150.7890001175844, -33.889801251998904], [150.7890001175844, -33.88975049089971], [150.78874631208842, -33.88975049089971], [150.78874631208842, -33.889699729800505], [150.7885432676916, -33.889699729800505], [150.7885432676916, -33.889598207602106], [150.7884925065924, -33.889598207602106], [150.7884925065924, -33.889699729800505], [150.78828946219562, -33.889699729800505], [150.78828946219562, -33.88964896870131], [150.78783261230282, -33.88964896870131], [150.78783261230282, -33.889598207602106], [150.78757880680683, -33.889598207602106], [150.78757880680683, -33.88954744650291], [150.78727424021164, -33.88954744650291], [150.78727424021164, -33.88949668540371], [150.78702043471563, -33.88949668540371], [150.78702043471563, -33.88944592430451], [150.78661434592203, -33.88944592430451], [150.78661434592203, -33.88939516320531], [150.78620825712844, -33.88939516320531], [150.78620825712844, -33.88929364100691], [150.78615749602923, -33.88929364100691], [150.78615749602923, -33.88934440210611], [150.78575140723567, -33.88934440210611], [150.78575140723567, -33.88929364100691], [150.78529455734287, -33.88929364100691], [150.78529455734287, -33.88924287990771], [150.78504075184685, -33.88924287990771], [150.78504075184685, -33.889192118808516], [150.78493922964847, -33.889192118808516], [150.78493922964847, -33.88924287990771], [150.78488846854927, -33.88924287990771], [150.78488846854927, -33.889192118808516], [150.78458390195408, -33.889192118808516], [150.78458390195408, -33.88914135770931], [150.78417781316048, -33.88914135770931], [150.78417781316048, -33.88909059661012], [150.78387324656526, -33.88909059661012], [150.78387324656526, -33.88898907441172], [150.7838224854661, -33.88898907441172], [150.7838224854661, -33.88909059661012], [150.78372096326768, -33.88909059661012], [150.78372096326768, -33.889039835510914], [150.7833148744741, -33.889039835510914], [150.7833148744741, -33.88898907441172], [150.7830103078789, -33.88898907441172], [150.7830103078789, -33.888938313312515], [150.7827057412837, -33.888938313312515], [150.7827057412837, -33.88888755221332], [150.7824519357877, -33.88888755221332], [150.7824519357877, -33.888836791114116], [150.7820458469941, -33.888836791114116], [150.7820458469941, -33.88878603001492], [150.7816397582005, -33.88878603001492], [150.7816397582005, -33.88873526891572], [150.78148747490292, -33.88873526891572], [150.78148747490292, -33.88868450781652], [150.7814367138037, -33.88868450781652], [150.7814367138037, -33.88873526891572], [150.7811829083077, -33.88873526891572], [150.7811829083077, -33.88868450781652], [150.7808783417125, -33.88868450781652], [150.7808783417125, -33.88863374671732], [150.7804214918197, -33.88863374671732], [150.7804214918197, -33.88858298561812], [150.78006616412532, -33.88858298561812], [150.78006616412532, -33.88853222451892], [150.77976159753013, -33.88853222451892], [150.77976159753013, -33.88868450781652], [150.77971083643092, -33.88868450781652], [150.77971083643092, -33.88888755221332], [150.77966007533172, -33.88888755221332], [150.77966007533172, -33.88914135770931], [150.77960931423254, -33.88914135770931], [150.77960931423254, -33.88944592430451], [150.77955855313334, -33.88944592430451], [150.77955855313334, -33.88975049089971], [150.77950779203414, -33.88975049089971], [150.77950779203414, -33.8900042963957], [150.77945703093494, -33.8900042963957], [150.77945703093494, -33.8902073407925], [150.77940626983573, -33.8902073407925], [150.77940626983573, -33.890461146288494], [150.77935550873653, -33.890461146288494], [150.77935550873653, -33.8906134295861], [150.77930474763733, -33.8906134295861], [150.77930474763733, -33.89066419068529], [150.77935550873653, -33.89066419068529], [150.77935550873653, -33.89076571288369], [150.77930474763733, -33.89076571288369], [150.77930474763733, -33.891019518379686], [150.77925398653815, -33.891019518379686], [150.77925398653815, -33.89132408497488], [150.77920322543895, -33.89132408497488], [150.77920322543895, -33.89152712937168], [150.77915246433975, -33.89152712937168], [150.77915246433975, -33.891780934867676], [150.77910170324054, -33.891780934867676], [150.77910170324054, -33.89203474036368], [150.77905094214134, -33.89203474036368], [150.77905094214134, -33.892339306958874], [150.77900018104214, -33.892339306958874], [150.77900018104214, -33.89259311245487], [150.77894941994293, -33.89259311245487], [150.77894941994293, -33.89284691795086], [150.77889865884373, -33.89284691795086], [150.77889865884373, -33.89304996234766], [150.77884789774455, -33.89304996234766], [150.77884789774455, -33.89320224564526], [150.77879713664535, -33.89320224564526], [150.77879713664535, -33.89325300674446], [150.77884789774455, -33.89325300674446], [150.77884789774455, -33.89335452894286], [150.77879713664535, -33.89335452894286], [150.77879713664535, -33.89360833443885], [150.77874637554615, -33.89360833443885], [150.77874637554615, -33.89391290103405], [150.77869561444695, -33.89391290103405], [150.77869561444695, -33.89411594543085], [150.77864485334774, -33.89411594543085], [150.77864485334774, -33.894318989827646], [150.77859409224854, -33.894318989827646], [150.77859409224854, -33.89457279532364], [150.77854333114934, -33.89457279532364], [150.77854333114934, -33.89482660081964], [150.77849257005016, -33.89482660081964], [150.77849257005016, -33.895080406315635], [150.77844180895096, -33.895080406315635], [150.77844180895096, -33.89502964521643], [150.77834028675255, -33.89502964521643], [150.77834028675255, -33.895080406315635], [150.77828952565335, -33.895080406315635], [150.77828952565335, -33.895283450712434], [150.77844180895096, -33.895283450712434], [150.77844180895096, -33.89538497291083], [150.77839104785176, -33.89538497291083], [150.77839104785176, -33.89533421181163], [150.77828952565335, -33.89533421181163], [150.77828952565335, -33.89538497291083], [150.77813724235574, -33.89538497291083], [150.77813724235574, -33.895283450712434], [150.77818800345494, -33.895283450712434], [150.77818800345494, -33.894978884117236], [150.77823876455415, -33.894978884117236], [150.77823876455415, -33.89472507862124], [150.77828952565335, -33.89472507862124], [150.77828952565335, -33.894522034224444], [150.77834028675255, -33.894522034224444], [150.77834028675255, -33.894318989827646], [150.77839104785176, -33.894318989827646], [150.77839104785176, -33.89401442323245], [150.77844180895096, -33.89401442323245], [150.77844180895096, -33.893760617736454], [150.77849257005016, -33.893760617736454], [150.77849257005016, -33.89350681224045], [150.77854333114934, -33.89350681224045], [150.77854333114934, -33.89325300674446], [150.77859409224854, -33.89325300674446], [150.77859409224854, -33.89320224564526], [150.77864485334774, -33.89320224564526], [150.77864485334774, -33.89315148454606], [150.77859409224854, -33.89315148454606], [150.77859409224854, -33.89304996234766], [150.77864485334774, -33.89304996234766], [150.77864485334774, -33.89279615685167], [150.77869561444695, -33.89279615685167], [150.77869561444695, -33.89249159025647], [150.77874637554615, -33.89249159025647], [150.77874637554615, -33.89218702366127], [150.77879713664535, -33.89218702366127], [150.77879713664535, -33.89193321816528], [150.77884789774455, -33.89193321816528], [150.77884789774455, -33.891780934867676], [150.77889865884373, -33.891780934867676], [150.77889865884373, -33.891476368272485], [150.77894941994293, -33.891476368272485], [150.77894941994293, -33.89117180167729], [150.77900018104214, -33.89117180167729], [150.77900018104214, -33.89086723508209], [150.77905094214134, -33.89086723508209], [150.77905094214134, -33.8906134295861], [150.77910170324054, -33.8906134295861], [150.77910170324054, -33.8904103851893], [150.77915246433975, -33.8904103851893], [150.77915246433975, -33.8902073407925], [150.77920322543895, -33.8902073407925], [150.77920322543895, -33.8899027741973], [150.77925398653815, -33.8899027741973], [150.77925398653815, -33.889598207602106], [150.77930474763733, -33.889598207602106], [150.77930474763733, -33.88929364100691], [150.77935550873653, -33.88929364100691], [150.77935550873653, -33.88914135770931], [150.77940626983573, -33.88914135770931], [150.77940626983573, -33.88888755221332], [150.77945703093494, -33.88888755221332], [150.77945703093494, -33.88858298561812], [150.77950779203414, -33.88858298561812], [150.77950779203414, -33.88853222451892], [150.77945703093494, -33.88853222451892], [150.77945703093494, -33.88848146341972], [150.77940626983573, -33.88848146341972], [150.77940626983573, -33.88843070232053], [150.77894941994293, -33.88843070232053], [150.77894941994293, -33.888379941221324], [150.77889865884373, -33.888379941221324], [150.77889865884373, -33.88843070232053], [150.77884789774455, -33.88843070232053], [150.77884789774455, -33.888379941221324], [150.77879713664535, -33.888379941221324], [150.77879713664535, -33.88843070232053], [150.77874637554615, -33.88843070232053], [150.77874637554615, -33.888379941221324], [150.77854333114934, -33.888379941221324], [150.77854333114934, -33.88832918012213], [150.77803572015736, -33.88832918012213], [150.77803572015736, -33.888278419022924], [150.77778191466135, -33.888278419022924], [150.77778191466135, -33.88822765792373], [150.77773115356217, -33.88822765792373], [150.77773115356217, -33.888176896824525], [150.77762963136377, -33.888176896824525], [150.77762963136377, -33.888075374626126], [150.77768039246297, -33.888075374626126], [150.77768039246297, -33.88812613572533], [150.77778191466135, -33.88812613572533], [150.77778191466135, -33.88802461352693], [150.77798495905816, -33.88802461352693], [150.77798495905816, -33.888075374626126], [150.77823876455415, -33.888075374626126], [150.77823876455415, -33.88812613572533], [150.77864485334774, -33.88812613572533], [150.77864485334774, -33.888176896824525], [150.77910170324054, -33.888176896824525], [150.77910170324054, -33.88822765792373], [150.77955855313334, -33.88822765792373], [150.77955855313334, -33.88792309132853], [150.77960931423254, -33.88792309132853], [150.77960931423254, -33.88777080803093], [150.77966007533172, -33.88777080803093], [150.77966007533172, -33.887517002534935], [150.77971083643092, -33.887517002534935], [150.77971083643092, -33.88736471923734], [150.77976159753013, -33.88736471923734], [150.77976159753013, -33.88731395813814], [150.77971083643092, -33.88731395813814], [150.77971083643092, -33.88721243593974], [150.77976159753013, -33.88721243593974], [150.77976159753013, -33.88690786934454], [150.77981235862933, -33.88690786934454], [150.77981235862933, -33.886654063848546], [150.77986311972853, -33.886654063848546], [150.77986311972853, -33.88640025835255], [150.77991388082773, -33.88640025835255], [150.77991388082773, -33.88614645285655], [150.77996464192694, -33.88614645285655], [150.77996464192694, -33.885892647360556], [150.78001540302614, -33.885892647360556], [150.78001540302614, -33.88563884186456], [150.78021844742293, -33.88563884186456], [150.78021844742293, -33.88558808076536], [150.78006616412532, -33.88558808076536], [150.78006616412532, -33.885334275269365], [150.78011692522452, -33.885334275269365], [150.78011692522452, -33.88508046977337], [150.78016768632372, -33.88508046977337], [150.78016768632372, -33.88482666427737], [150.78021844742293, -33.88482666427737], [150.78021844742293, -33.884572858781375], [150.78026920852213, -33.884572858781375], [150.78026920852213, -33.88431905328538], [150.78031996962133, -33.88431905328538], [150.78031996962133, -33.88396372559098], [150.78037073072053, -33.88396372559098], [150.78037073072053, -33.88370992009499], [150.7804214918197, -33.88370992009499], [150.7804214918197, -33.88350687569819]], [[150.78625901822764, -33.88929364100691], [150.78625901822764, -33.88924287990771], [150.78620825712844, -33.88924287990771], [150.78620825712844, -33.88929364100691], [150.78625901822764, -33.88929364100691]], [[150.78153823600212, -33.88868450781652], [150.78153823600212, -33.88858298561812], [150.78148747490292, -33.88858298561812], [150.78148747490292, -33.88868450781652], [150.78153823600212, -33.88868450781652]], [[150.78031996962133, -33.88436981438458], [150.7804214918197, -33.88436981438458], [150.7804214918197, -33.88431905328538], [150.78031996962133, -33.88431905328538], [150.78031996962133, -33.88436981438458]], [[150.7813351916053, -33.87924294336545], [150.7813859527045, -33.87924294336545], [150.7813859527045, -33.879192182266245], [150.7813351916053, -33.879192182266245], [150.7813351916053, -33.87924294336545]], [[150.78057377511732, -33.883253070202194], [150.78062453621652, -33.883253070202194], [150.78062453621652, -33.88320230910299], [150.78057377511732, -33.88320230910299], [150.78057377511732, -33.883253070202194]], [[150.77976159753013, -33.887517002534935], [150.77981235862933, -33.887517002534935], [150.77981235862933, -33.88746624143574], [150.77976159753013, -33.88746624143574], [150.77976159753013, -33.887517002534935]], [[150.78387324656526, -33.888938313312515], [150.78392400766447, -33.888938313312515], [150.78392400766447, -33.88888755221332], [150.78387324656526, -33.88888755221332], [150.78387324656526, -33.888938313312515]], [[150.77945703093494, -33.889192118808516], [150.77950779203414, -33.889192118808516], [150.77950779203414, -33.88914135770931], [150.77945703093494, -33.88914135770931], [150.77945703093494, -33.889192118808516]], [[150.78737576241002, -33.88944592430451], [150.78742652350923, -33.88944592430451], [150.78742652350923, -33.88939516320531], [150.78737576241002, -33.88939516320531], [150.78737576241002, -33.88944592430451]], [[150.77930474763733, -33.889699729800505], [150.77935550873653, -33.889699729800505], [150.77935550873653, -33.88964896870131], [150.77930474763733, -33.88964896870131], [150.77930474763733, -33.889699729800505]], [[150.77925398653815, -33.890258101891696], [150.77930474763733, -33.890258101891696], [150.77930474763733, -33.8902073407925], [150.77925398653815, -33.8902073407925], [150.77925398653815, -33.890258101891696]], [[150.77869561444695, -33.89325300674446], [150.77874637554615, -33.89325300674446], [150.77874637554615, -33.89320224564526], [150.77869561444695, -33.89320224564526], [150.77869561444695, -33.89325300674446]], [[150.77854333114934, -33.89370985663725], [150.77864485334774, -33.89370985663725], [150.77864485334774, -33.893659095538055], [150.77854333114934, -33.893659095538055], [150.77854333114934, -33.89370985663725]]]]}}, {"type": "Feature", "properties": {"LABEL": "Elizabeth Drive", "source": "SEPP_WPC_AER_TRC_001_20250501 (traced from in-force PDF; georeferenced, indicative)"}, "geometry": {"type": "MultiPolygon", "coordinates": [[[[150.79341633321476, -33.88046120974623], [150.79341633321476, -33.880511970845426], [150.79377166090916, -33.880511970845426], [150.79377166090916, -33.88056273194463], [150.79387318310754, -33.88056273194463], [150.79387318310754, -33.880511970845426], [150.79397470530594, -33.880511970845426], [150.79397470530594, -33.88056273194463], [150.79427927190113, -33.88056273194463], [150.79427927190113, -33.88066425414303], [150.79433003300034, -33.88066425414303], [150.79433003300034, -33.880613493043825], [150.79478688289313, -33.880613493043825], [150.79478688289313, -33.880715015242224], [150.79483764399234, -33.880715015242224], [150.79483764399234, -33.880613493043825], [150.7957513437779, -33.880613493043825], [150.7957513437779, -33.88056273194463], [150.7961574325715, -33.88056273194463], [150.7961574325715, -33.880613493043825], [150.7966142824643, -33.880613493043825], [150.7966142824643, -33.88056273194463], [150.7974772211507, -33.88056273194463], [150.7974772211507, -33.880511970845426], [150.79803559324188, -33.880511970845426], [150.79803559324188, -33.88056273194463], [150.79839092093627, -33.88056273194463], [150.79839092093627, -33.880511970845426], [150.79940614292028, -33.880511970845426], [150.79940614292028, -33.88046120974623], [150.79960918731706, -33.88046120974623], [150.79960918731706, -33.880511970845426], [150.80057364820186, -33.880511970845426], [150.80057364820186, -33.88056273194463], [150.80062440930107, -33.88056273194463], [150.80062440930107, -33.88066425414303], [150.80067517040027, -33.88066425414303], [150.80067517040027, -33.88076577634143], [150.80072593149944, -33.88076577634143], [150.80072593149944, -33.880867298539826], [150.80077669259865, -33.880867298539826], [150.80077669259865, -33.88101958183742], [150.80047212600346, -33.88101958183742], [150.80047212600346, -33.880968820738225], [150.80016755940827, -33.880968820738225], [150.80016755940827, -33.88091805963902], [150.79894929302748, -33.88091805963902], [150.79894929302748, -33.880968820738225], [150.79884777082907, -33.880968820738225], [150.79884777082907, -33.88101958183742], [150.79849244313468, -33.88101958183742], [150.79849244313468, -33.880968820738225], [150.7981878765395, -33.880968820738225], [150.7981878765395, -33.88091805963902], [150.79808635434108, -33.88091805963902], [150.79808635434108, -33.880968820738225], [150.7979848321427, -33.880968820738225], [150.7979848321427, -33.88101958183742], [150.79544677718272, -33.88101958183742], [150.79544677718272, -33.88107034293662], [150.7953452549843, -33.88107034293662], [150.7953452549843, -33.88112110403582], [150.79509144948832, -33.88112110403582], [150.79509144948832, -33.880968820738225], [150.79504068838912, -33.880968820738225], [150.79504068838912, -33.88107034293662], [150.79468536069473, -33.88107034293662], [150.79468536069473, -33.88101958183742], [150.79407622750435, -33.88101958183742], [150.79407622750435, -33.880968820738225], [150.79367013871075, -33.880968820738225], [150.79367013871075, -33.88091805963902], [150.79326404991716, -33.88091805963902], [150.79326404991716, -33.880867298539826], [150.79321328881795, -33.880867298539826], [150.79321328881795, -33.88056273194463], [150.79326404991716, -33.88056273194463], [150.79326404991716, -33.88046120974623], [150.79341633321476, -33.88046120974623]], [[150.7966650435635, -33.880715015242224], [150.7967158046627, -33.880715015242224], [150.7967158046627, -33.88066425414303], [150.7966650435635, -33.88066425414303], [150.7966650435635, -33.880715015242224]]], [[[150.79128436704838, -33.88066425414303], [150.7910813226516, -33.88066425414303], [150.7910813226516, -33.880613493043825], [150.79037066726278, -33.880613493043825], [150.79037066726278, -33.88056273194463], [150.7902691450644, -33.88056273194463], [150.7902691450644, -33.880511970845426], [150.7895584896756, -33.880511970845426], [150.7895584896756, -33.88046120974623], [150.7894569674772, -33.88046120974623], [150.7894569674772, -33.88041044864703], [150.78874631208842, -33.88041044864703], [150.78874631208842, -33.88035968754783], [150.78864478989001, -33.88035968754783], [150.78864478989001, -33.88030892644863], [150.78818793999721, -33.88030892644863], [150.78818793999721, -33.88025816534943], [150.7880864177988, -33.88025816534943], [150.7880864177988, -33.88030892644863], [150.78788337340202, -33.88030892644863], [150.78788337340202, -33.88025816534943], [150.78783261230282, -33.88025816534943], [150.78783261230282, -33.880207404250235], [150.78707119581483, -33.880207404250235], [150.78707119581483, -33.88015664315103], [150.78691891251722, -33.88015664315103], [150.78691891251722, -33.880105882051836], [150.78641130152525, -33.880105882051836], [150.78641130152525, -33.88005512095263], [150.78630977932684, -33.88005512095263], [150.78630977932684, -33.88000435985344], [150.78600521273165, -33.88000435985344], [150.78600521273165, -33.879953598754234], [150.78585292943404, -33.879953598754234], [150.78585292943404, -33.87990283765504], [150.78564988503726, -33.87990283765504], [150.78564988503726, -33.879852076555835], [150.78554836283885, -33.879852076555835], [150.78554836283885, -33.87980131545664], [150.78539607954124, -33.87980131545664], [150.78539607954124, -33.879750554357436], [150.78529455734287, -33.879750554357436], [150.78529455734287, -33.87969979325824], [150.78514227404526, -33.87969979325824], [150.78514227404526, -33.87964903215904], [150.78498999074768, -33.87964903215904], [150.78498999074768, -33.87959827105984], [150.78483770745007, -33.87959827105984], [150.78483770745007, -33.87954750996064], [150.78478694635086, -33.87954750996064], [150.78478694635086, -33.87949674886144], [150.78468542415246, -33.87949674886144], [150.78468542415246, -33.87944598776224], [150.78463466305325, -33.87944598776224], [150.78463466305325, -33.87939522666304], [150.78453314085488, -33.87939522666304], [150.78453314085488, -33.87934446556385], [150.78443161865647, -33.87934446556385], [150.78443161865647, -33.879293704464644], [150.78438085755727, -33.879293704464644], [150.78438085755727, -33.87924294336545], [150.78427933535886, -33.87924294336545], [150.78427933535886, -33.879192182266245], [150.78412705206128, -33.879192182266245], [150.78412705206128, -33.87914142116705], [150.78407629096208, -33.87914142116705], [150.78407629096208, -33.879090660067845], [150.78397476876367, -33.879090660067845], [150.78397476876367, -33.87903989896865], [150.78392400766447, -33.87903989896865], [150.78392400766447, -33.878989137869446], [150.7838224854661, -33.878989137869446], [150.7838224854661, -33.87893837677025], [150.7837717243669, -33.87893837677025], [150.7837717243669, -33.87888761567105], [150.78372096326768, -33.87888761567105], [150.78372096326768, -33.87883685457185], [150.78361944106928, -33.87883685457185], [150.78361944106928, -33.87878609347265], [150.7834671577717, -33.87878609347265], [150.7834671577717, -33.87873533237345], [150.7833656355733, -33.87873533237345], [150.7833656355733, -33.87868457127425], [150.78326411337488, -33.87868457127425], [150.78326411337488, -33.87863381017505], [150.78321335227568, -33.87863381017505], [150.78321335227568, -33.87858304907586], [150.78311183007727, -33.87858304907586], [150.78311183007727, -33.878532287976654], [150.7830610689781, -33.878532287976654], [150.7830610689781, -33.87848152687746], [150.7829595467797, -33.87848152687746], [150.7829595467797, -33.878430765778255], [150.7829087856805, -33.878430765778255], [150.7829087856805, -33.87838000467906], [150.78280726348208, -33.87838000467906], [150.78280726348208, -33.878329243579856], [150.7827057412837, -33.878329243579856], [150.7827057412837, -33.87827848248066], [150.7825534579861, -33.87827848248066], [150.7825534579861, -33.87822772138146], [150.7824519357877, -33.87822772138146], [150.7824519357877, -33.87817696028226], [150.78235041358928, -33.87817696028226], [150.78235041358928, -33.87812619918306], [150.7822996524901, -33.87812619918306], [150.7822996524901, -33.87807543808386], [150.7821473691925, -33.87807543808386], [150.7821473691925, -33.87802467698466], [150.7820458469941, -33.87802467698466], [150.7820458469941, -33.87797391588546], [150.7818935636965, -33.87797391588546], [150.7818935636965, -33.87792315478626], [150.7817920414981, -33.87792315478626], [150.7817920414981, -33.87787239368706], [150.7813859527045, -33.87787239368706], [150.7813859527045, -33.87782163258786], [150.7812844305061, -33.87782163258786], [150.7812844305061, -33.877770871488664], [150.78077681951413, -33.877770871488664], [150.78077681951413, -33.87772011038947], [150.78067529731572, -33.87772011038947], [150.78067529731572, -33.877669349290265], [150.77996464192694, -33.877669349290265], [150.77996464192694, -33.87761858819107], [150.77981235862933, -33.87761858819107], [150.77981235862933, -33.877567827091866], [150.77920322543895, -33.877567827091866], [150.77920322543895, -33.87751706599267], [150.77894941994293, -33.87751706599267], [150.77894941994293, -33.87746630489347], [150.77839104785176, -33.87746630489347], [150.77839104785176, -33.87741554379427], [150.77834028675255, -33.87741554379427], [150.77834028675255, -33.87746630489347], [150.77828952565335, -33.87746630489347], [150.77828952565335, -33.87741554379427], [150.77808648125657, -33.87741554379427], [150.77808648125657, -33.87736478269507], [150.77757887026456, -33.87736478269507], [150.77757887026456, -33.87731402159587], [150.77747734806616, -33.87731402159587], [150.77747734806616, -33.87726326049667], [150.77742658696695, -33.87726326049667], [150.77742658696695, -33.87731402159587], [150.77722354257017, -33.87731402159587], [150.77722354257017, -33.87726326049667], [150.77666517047896, -33.87726326049667], [150.77666517047896, -33.87721249939747], [150.77636060388377, -33.87721249939747], [150.77636060388377, -33.87716173829827], [150.7762083205862, -33.87716173829827], [150.7762083205862, -33.877110977199074], [150.7761067983878, -33.877110977199074], [150.7761067983878, -33.87716173829827], [150.77585299289177, -33.87716173829827], [150.77585299289177, -33.877110977199074], [150.7758022317926, -33.877110977199074], [150.7758022317926, -33.87716173829827], [150.7757514706934, -33.87716173829827], [150.7757514706934, -33.877110977199074], [150.775649948495, -33.877110977199074], [150.775649948495, -33.87706021609987], [150.77514233750298, -33.87706021609987], [150.77514233750298, -33.877009455000675], [150.77509157640378, -33.877009455000675], [150.77509157640378, -33.87706021609987], [150.7747870098086, -33.87706021609987], [150.7747870098086, -33.877009455000675], [150.7747362487094, -33.877009455000675], [150.7747362487094, -33.87695869390147], [150.77427939881662, -33.87695869390147], [150.77427939881662, -33.876907932802276], [150.7741778766182, -33.876907932802276], [150.7741778766182, -33.87695869390147], [150.7740763544198, -33.87695869390147], [150.7740763544198, -33.876907932802276], [150.77387331002302, -33.876907932802276], [150.77387331002302, -33.87685717170308], [150.77351798232863, -33.87685717170308], [150.77351798232863, -33.876806410603876], [150.7732134157334, -33.876806410603876], [150.7732134157334, -33.87675564950468], [150.7728073269398, -33.87675564950468], [150.7728073269398, -33.87670488840548], [150.77255352144383, -33.87670488840548], [150.77255352144383, -33.87665412730628], [150.77219819374943, -33.87665412730628], [150.77219819374943, -33.87660336620708], [150.77189362715424, -33.87660336620708], [150.77189362715424, -33.87655260510788], [150.77148753836065, -33.87655260510788], [150.77148753836065, -33.87650184400868], [150.77133525506304, -33.87650184400868], [150.77133525506304, -33.87645108290948], [150.77082764407106, -33.87645108290948], [150.77082764407106, -33.87640032181028], [150.77067536077345, -33.87640032181028], [150.77067536077345, -33.876349560711084], [150.77001546648387, -33.876349560711084], [150.77001546648387, -33.87629879961188], [150.76986318318626, -33.87629879961188], [150.76986318318626, -33.876248038512685], [150.76925404999588, -33.876248038512685], [150.76925404999588, -33.87619727741348], [150.76879720010308, -33.87619727741348], [150.76879720010308, -33.876146516314286], [150.7680357836151, -33.876146516314286], [150.7680357836151, -33.87609575521509], [150.76793426141668, -33.87609575521509], [150.76793426141668, -33.87604499411589], [150.7672743671271, -33.87604499411589], [150.7672743671271, -33.87599423301669], [150.7671220838295, -33.87599423301669], [150.7671220838295, -33.87594347191749], [150.7664621895399, -33.87594347191749], [150.7664621895399, -33.87589271081829], [150.7663606673415, -33.87589271081829], [150.7663606673415, -33.87584194971909], [150.76570077305192, -33.87584194971909], [150.76570077305192, -33.87579118861989], [150.7655992508535, -33.87579118861989], [150.7655992508535, -33.87574042752069], [150.76488859546473, -33.87574042752069], [150.76488859546473, -33.87568966642149], [150.76478707326632, -33.87568966642149], [150.76478707326632, -33.87563890532229], [150.76412717897674, -33.87563890532229], [150.76412717897674, -33.875588144223094], [150.76402565677833, -33.875588144223094], [150.76402565677833, -33.87553738312389], [150.76326424029034, -33.87553738312389], [150.76326424029034, -33.875486622024695], [150.76290891259595, -33.875486622024695], [150.76290891259595, -33.87543586092549], [150.76214749610796, -33.87543586092549], [150.76214749610796, -33.875385099826296], [150.76204597390958, -33.875385099826296], [150.76204597390958, -33.87533433872709], [150.76138607961997, -33.87533433872709], [150.76138607961997, -33.8752835776279], [150.7612337963224, -33.8752835776279], [150.7612337963224, -33.8752328165287], [150.76057390203277, -33.8752328165287], [150.76057390203277, -33.8751820554295], [150.7604216187352, -33.8751820554295], [150.7604216187352, -33.8751312943303], [150.759863246644, -33.8751312943303], [150.759863246644, -33.8750805332311], [150.7596602022472, -33.8750805332311], [150.7596602022472, -33.8750297721319], [150.7590510690568, -33.8750297721319], [150.7590510690568, -33.8749790110327], [150.75889878575921, -33.8749790110327], [150.75889878575921, -33.874928249933504], [150.7582896525688, -33.874928249933504], [150.7582896525688, -33.8748774888343], [150.7579343248744, -33.8748774888343], [150.7579343248744, -33.874826727735105], [150.75727443058483, -33.874826727735105], [150.75727443058483, -33.8747759666359], [150.75717290838642, -33.8747759666359], [150.75717290838642, -33.874725205536706], [150.75661453629525, -33.874725205536706], [150.75661453629525, -33.8746744444375], [150.75651301409684, -33.8746744444375], [150.75651301409684, -33.87462368333831], [150.75590388090646, -33.87462368333831], [150.75590388090646, -33.8745729222391], [150.75580235870805, -33.8745729222391], [150.75580235870805, -33.87452216113991], [150.75524398661685, -33.87452216113991], [150.75524398661685, -33.87447140004071], [150.75519322551764, -33.87447140004071], [150.75519322551764, -33.87442063894151], [150.75524398661685, -33.87442063894151], [150.75524398661685, -33.87426835564391], [150.75529474771605, -33.87426835564391], [150.75529474771605, -33.874065311247115], [150.75549779211286, -33.874065311247115], [150.75549779211286, -33.87411607234631], [150.75580235870805, -33.87411607234631], [150.75580235870805, -33.874166833445514], [150.75610692530324, -33.874166833445514], [150.75610692530324, -33.87421759454471], [150.75625920860085, -33.87421759454471], [150.75625920860085, -33.87442063894151], [150.75630996970006, -33.87442063894151], [150.75630996970006, -33.87421759454471], [150.75676681959283, -33.87421759454471], [150.75676681959283, -33.87426835564391], [150.75707138618804, -33.87426835564391], [150.75707138618804, -33.87431911674311], [150.7574774749816, -33.87431911674311], [150.7574774749816, -33.87436987784231], [150.7578835637752, -33.87436987784231], [150.7578835637752, -33.87442063894151], [150.75818813037043, -33.87442063894151], [150.75818813037043, -33.87462368333831], [150.7582388914696, -33.87462368333831], [150.7582388914696, -33.87442063894151], [150.7582896525688, -33.87442063894151], [150.7582896525688, -33.87447140004071], [150.7586957413624, -33.87447140004071], [150.7586957413624, -33.87452216113991], [150.7590510690568, -33.87452216113991], [150.7590510690568, -33.8745729222391], [150.7594571578504, -33.8745729222391], [150.7594571578504, -33.87462368333831], [150.7599140077432, -33.87462368333831], [150.7599140077432, -33.8746744444375], [150.76026933543758, -33.8746744444375], [150.76026933543758, -33.874725205536706], [150.76067542423118, -33.874725205536706], [150.76067542423118, -33.8747759666359], [150.76113227412398, -33.8747759666359], [150.76113227412398, -33.874826727735105], [150.76184292951277, -33.874826727735105], [150.76184292951277, -33.8748774888343], [150.76219825720716, -33.8748774888343], [150.76219825720716, -33.874928249933504], [150.76260434600076, -33.874928249933504], [150.76260434600076, -33.8749790110327], [150.76301043479435, -33.8749790110327], [150.76301043479435, -33.8750297721319], [150.76341652358795, -33.8750297721319], [150.76341652358795, -33.8750805332311], [150.76382261238155, -33.8750805332311], [150.76382261238155, -33.8751312943303], [150.76417794007594, -33.8751312943303], [150.76417794007594, -33.8751820554295], [150.76453326777033, -33.8751820554295], [150.76453326777033, -33.8752328165287], [150.76499011766313, -33.8752328165287], [150.76499011766313, -33.8752835776279], [150.76539620645673, -33.8752835776279], [150.76539620645673, -33.87533433872709], [150.76575153415112, -33.87533433872709], [150.76575153415112, -33.875385099826296], [150.76620838404392, -33.875385099826296], [150.76620838404392, -33.87543586092549], [150.7668682783335, -33.87543586092549], [150.7668682783335, -33.875486622024695], [150.7672236060279, -33.875486622024695], [150.7672236060279, -33.87553738312389], [150.7676296948215, -33.87553738312389], [150.7676296948215, -33.875588144223094], [150.7679850225159, -33.875588144223094], [150.7679850225159, -33.87563890532229], [150.76839111130948, -33.87563890532229], [150.76839111130948, -33.87568966642149], [150.76869567790467, -33.87568966642149], [150.76869567790467, -33.87574042752069], [150.76915252779747, -33.87574042752069], [150.76915252779747, -33.87579118861989], [150.76950785549187, -33.87579118861989], [150.76950785549187, -33.87584194971909], [150.76991394428546, -33.87584194971909], [150.76991394428546, -33.87589271081829], [150.77026927197986, -33.87589271081829], [150.77026927197986, -33.87594347191749], [150.77062459967425, -33.87594347191749], [150.77062459967425, -33.87599423301669], [150.77097992736864, -33.87599423301669], [150.77097992736864, -33.87604499411589], [150.77163982165823, -33.87604499411589], [150.77163982165823, -33.87609575521509], [150.77179210495584, -33.87609575521509], [150.77179210495584, -33.876146516314286], [150.77224895484864, -33.876146516314286], [150.77224895484864, -33.87619727741348], [150.77250276034462, -33.87619727741348], [150.77250276034462, -33.876248038512685], [150.77275656584064, -33.876248038512685], [150.77275656584064, -33.87629879961188], [150.77295961023742, -33.87629879961188], [150.77295961023742, -33.876349560711084], [150.7732641768326, -33.876349560711084], [150.7732641768326, -33.87640032181028], [150.77351798232863, -33.87640032181028], [150.77351798232863, -33.87645108290948], [150.77387331002302, -33.87645108290948], [150.77387331002302, -33.87650184400868], [150.7741778766182, -33.87650184400868], [150.7741778766182, -33.87655260510788], [150.7745839654118, -33.87655260510788], [150.7745839654118, -33.87660336620708], [150.7749392931062, -33.87660336620708], [150.7749392931062, -33.87675564950468], [150.7749900542054, -33.87675564950468], [150.7749900542054, -33.87665412730628], [150.77549766519738, -33.87665412730628], [150.77549766519738, -33.87670488840548], [150.77600527618938, -33.87670488840548], [150.77600527618938, -33.87675564950468], [150.7765636482806, -33.87675564950468], [150.7765636482806, -33.876907932802276], [150.77661440937976, -33.876907932802276], [150.77661440937976, -33.87675564950468], [150.77676669267737, -33.87675564950468], [150.77676669267737, -33.876806410603876], [150.77696973707418, -33.876806410603876], [150.77696973707418, -33.87685717170308], [150.77778191466135, -33.87685717170308], [150.77778191466135, -33.876907932802276], [150.77808648125657, -33.876907932802276], [150.77808648125657, -33.87695869390147], [150.77864485334774, -33.87695869390147], [150.77864485334774, -33.877009455000675], [150.77910170324054, -33.877009455000675], [150.77910170324054, -33.87706021609987], [150.77955855313334, -33.87706021609987], [150.77955855313334, -33.877110977199074], [150.78006616412532, -33.877110977199074], [150.78006616412532, -33.87716173829827], [150.7804722529189, -33.87716173829827], [150.7804722529189, -33.87721249939747], [150.7808783417125, -33.87721249939747], [150.7808783417125, -33.87726326049667], [150.7811829083077, -33.87726326049667], [150.7811829083077, -33.87731402159587], [150.7814367138037, -33.87731402159587], [150.7814367138037, -33.87736478269507], [150.7816397582005, -33.87736478269507], [150.7816397582005, -33.87741554379427], [150.7816905192997, -33.87741554379427], [150.7816905192997, -33.87751706599267], [150.7817412803989, -33.87751706599267], [150.7817412803989, -33.87741554379427], [150.7818428025973, -33.87741554379427], [150.7818428025973, -33.87746630489347], [150.7819950858949, -33.87746630489347], [150.7819950858949, -33.87751706599267], [150.7820966080933, -33.87751706599267], [150.7820966080933, -33.877567827091866], [150.7822996524901, -33.877567827091866], [150.7822996524901, -33.87761858819107], [150.7824519357877, -33.87761858819107], [150.7824519357877, -33.877669349290265], [150.7826042190853, -33.877669349290265], [150.7826042190853, -33.87772011038947], [150.7827057412837, -33.87772011038947], [150.7827057412837, -33.877770871488664], [150.78280726348208, -33.877770871488664], [150.78280726348208, -33.87782163258786], [150.7829087856805, -33.87782163258786], [150.7829087856805, -33.87787239368706], [150.7829595467797, -33.87787239368706], [150.7829595467797, -33.87792315478626], [150.7830610689781, -33.87792315478626], [150.7830610689781, -33.87797391588546], [150.78316259117648, -33.87797391588546], [150.78316259117648, -33.87802467698466], [150.78326411337488, -33.87802467698466], [150.78326411337488, -33.87807543808386], [150.7833656355733, -33.87807543808386], [150.7833656355733, -33.87812619918306], [150.7834163966725, -33.87812619918306], [150.7834163966725, -33.87817696028226], [150.78351791887087, -33.87817696028226], [150.78351791887087, -33.87822772138146], [150.78356867997007, -33.87822772138146], [150.78356867997007, -33.87827848248066], [150.78367020216848, -33.87827848248066], [150.78367020216848, -33.878329243579856], [150.78372096326768, -33.878329243579856], [150.78372096326768, -33.87838000467906], [150.7838224854661, -33.87838000467906], [150.7838224854661, -33.878430765778255], [150.78387324656526, -33.878430765778255], [150.78387324656526, -33.87848152687746], [150.78402552986287, -33.87848152687746], [150.78402552986287, -33.878532287976654], [150.78407629096208, -33.878532287976654], [150.78407629096208, -33.87858304907586], [150.78417781316048, -33.87858304907586], [150.78417781316048, -33.87863381017505], [150.78427933535886, -33.87863381017505], [150.78427933535886, -33.87868457127425], [150.78433009645806, -33.87868457127425], [150.78433009645806, -33.87873533237345], [150.78443161865647, -33.87873533237345], [150.78443161865647, -33.87878609347265], [150.78448237975567, -33.87878609347265], [150.78448237975567, -33.87883685457185], [150.78458390195408, -33.87883685457185], [150.78458390195408, -33.87888761567105], [150.78468542415246, -33.87888761567105], [150.78468542415246, -33.87893837677025], [150.78473618525166, -33.87893837677025], [150.78473618525166, -33.878989137869446], [150.78483770745007, -33.878989137869446], [150.78483770745007, -33.87903989896865], [150.78493922964847, -33.87903989896865], [150.78493922964847, -33.879090660067845], [150.78504075184685, -33.879090660067845], [150.78504075184685, -33.87914142116705], [150.78509151294605, -33.87914142116705], [150.78509151294605, -33.879192182266245], [150.78524379624366, -33.879192182266245], [150.78524379624366, -33.87924294336545], [150.78534531844207, -33.87924294336545], [150.78534531844207, -33.879293704464644], [150.78544684064045, -33.879293704464644], [150.78544684064045, -33.87934446556385], [150.78554836283885, -33.87934446556385], [150.78554836283885, -33.87939522666304], [150.78580216833484, -33.87939522666304], [150.78580216833484, -33.87944598776224], [150.78590369053325, -33.87944598776224], [150.78590369053325, -33.87949674886144], [150.78610673493006, -33.87949674886144], [150.78610673493006, -33.87954750996064], [150.78630977932684, -33.87954750996064], [150.78630977932684, -33.87959827105984], [150.78656358482283, -33.87959827105984], [150.78656358482283, -33.87964903215904], [150.78686815141805, -33.87964903215904], [150.78686815141805, -33.87969979325824], [150.78727424021164, -33.87969979325824], [150.78727424021164, -33.879750554357436], [150.78773109010442, -33.879750554357436], [150.78773109010442, -33.87980131545664], [150.7880864177988, -33.87980131545664], [150.7880864177988, -33.880105882051836], [150.788137178898, -33.880105882051836], [150.788137178898, -33.880207404250235], [150.78818793999721, -33.880207404250235], [150.78818793999721, -33.880105882051836], [150.78834022329482, -33.880105882051836], [150.78834022329482, -33.88005512095263], [150.78823870109642, -33.88005512095263], [150.78823870109642, -33.88000435985344], [150.78834022329482, -33.88000435985344], [150.78834022329482, -33.879953598754234], [150.78828946219562, -33.879953598754234], [150.78828946219562, -33.87990283765504], [150.78834022329482, -33.87990283765504], [150.78834022329482, -33.879852076555835], [150.78839098439403, -33.879852076555835], [150.78839098439403, -33.880105882051836], [150.7885432676916, -33.880105882051836], [150.7885432676916, -33.88005512095263], [150.7884925065924, -33.88005512095263], [150.7884925065924, -33.879852076555835], [150.78864478989001, -33.879852076555835], [150.78864478989001, -33.88005512095263], [150.7885940287908, -33.88005512095263], [150.7885940287908, -33.880105882051836], [150.78864478989001, -33.880105882051836], [150.78864478989001, -33.88015664315103], [150.7890508786836, -33.88015664315103], [150.7890508786836, -33.880105882051836], [150.7891016397828, -33.880105882051836], [150.7891016397828, -33.88015664315103], [150.78920316198122, -33.88015664315103], [150.78920316198122, -33.880207404250235], [150.7892539230804, -33.880207404250235], [150.7892539230804, -33.88025816534943], [150.7893046841796, -33.88025816534943], [150.7893046841796, -33.880207404250235], [150.7895584896756, -33.880207404250235], [150.7895584896756, -33.88015664315103], [150.7896092507748, -33.88015664315103], [150.7896092507748, -33.88025816534943], [150.7898630562708, -33.88025816534943], [150.7898630562708, -33.880207404250235], [150.7898122951716, -33.880207404250235], [150.7898122951716, -33.88015664315103], [150.7897615340724, -33.88015664315103], [150.7897615340724, -33.880105882051836], [150.7898630562708, -33.880105882051836], [150.7898630562708, -33.88005512095263], [150.7898122951716, -33.88005512095263], [150.7898122951716, -33.88000435985344], [150.7899645784692, -33.88000435985344], [150.7899645784692, -33.88005512095263], [150.79001533956838, -33.88005512095263], [150.79001533956838, -33.88030892644863], [150.7900661006676, -33.88030892644863], [150.7900661006676, -33.88025816534943], [150.790167622866, -33.88025816534943], [150.790167622866, -33.88030892644863], [150.7902183839652, -33.88030892644863], [150.7902183839652, -33.880207404250235], [150.7903199061636, -33.880207404250235], [150.7903199061636, -33.88025816534943], [150.79037066726278, -33.88025816534943], [150.79037066726278, -33.88030892644863], [150.79042142836198, -33.88030892644863], [150.79042142836198, -33.880105882051836], [150.7906244727588, -33.880105882051836], [150.7906244727588, -33.88015664315103], [150.7905737116596, -33.88015664315103], [150.7905737116596, -33.88035968754783], [150.79082751715558, -33.88035968754783], [150.79082751715558, -33.88030892644863], [150.79087827825478, -33.88030892644863], [150.79087827825478, -33.88035968754783], [150.79092903935398, -33.88035968754783], [150.79092903935398, -33.88041044864703], [150.7909798004532, -33.88041044864703], [150.7909798004532, -33.88030892644863], [150.7910305615524, -33.88030892644863], [150.7910305615524, -33.88035968754783], [150.79113208375077, -33.88035968754783], [150.79113208375077, -33.88046120974623], [150.79118284484997, -33.88046120974623], [150.79118284484997, -33.88035968754783], [150.79123360594917, -33.88035968754783], [150.79123360594917, -33.88030892644863], [150.79118284484997, -33.88030892644863], [150.79118284484997, -33.88025816534943], [150.79123360594917, -33.88025816534943], [150.79123360594917, -33.88015664315103], [150.79128436704838, -33.88015664315103], [150.79128436704838, -33.880207404250235], [150.79163969474277, -33.880207404250235], [150.79163969474277, -33.88025816534943], [150.79209654463557, -33.88025816534943], [150.79209654463557, -33.88030892644863], [150.79240111123076, -33.88030892644863], [150.79240111123076, -33.88076577634143], [150.79235035013156, -33.88076577634143], [150.79235035013156, -33.88081653744062], [150.79204578353637, -33.88081653744062], [150.79204578353637, -33.88076577634143], [150.79189350023876, -33.88076577634143], [150.79189350023876, -33.880715015242224], [150.79138588924678, -33.880715015242224], [150.79138588924678, -33.88066425414303], [150.79133512814758, -33.88066425414303], [150.79133512814758, -33.880613493043825], [150.79128436704838, -33.880613493043825], [150.79128436704838, -33.88066425414303]], [[150.78351791887087, -33.87827848248066], [150.78351791887087, -33.878430765778255], [150.78356867997007, -33.878430765778255], [150.78356867997007, -33.87827848248066], [150.78351791887087, -33.87827848248066]], [[150.79138588924678, -33.880613493043825], [150.79138588924678, -33.88046120974623], [150.79133512814758, -33.88046120974623], [150.79133512814758, -33.880613493043825], [150.79138588924678, -33.880613493043825]], [[150.76016781323918, -33.874826727735105], [150.76016781323918, -33.874725205536706], [150.76011705214, -33.874725205536706], [150.76011705214, -33.874826727735105], [150.76016781323918, -33.874826727735105]], [[150.76245206270315, -33.8750805332311], [150.76245206270315, -33.8750297721319], [150.76240130160397, -33.8750297721319], [150.76240130160397, -33.8750805332311], [150.76245206270315, -33.8750805332311]], [[150.77869561444695, -33.87716173829827], [150.77869561444695, -33.87706021609987], [150.77864485334774, -33.87706021609987], [150.77864485334774, -33.87716173829827], [150.77869561444695, -33.87716173829827]], [[150.78148747490292, -33.87751706599267], [150.78148747490292, -33.87741554379427], [150.7814367138037, -33.87741554379427], [150.7814367138037, -33.87751706599267], [150.78148747490292, -33.87751706599267]], [[150.78793413450123, -33.880207404250235], [150.78793413450123, -33.88005512095263], [150.78788337340202, -33.88005512095263], [150.78788337340202, -33.880207404250235], [150.78793413450123, -33.880207404250235]]], [[[150.7217924222445, -33.869446051219974], [150.7218939444429, -33.869446051219974], [150.7218939444429, -33.86949681231918], [150.7222492721373, -33.86949681231918], [150.7222492721373, -33.86954757341837], [150.72270612203008, -33.86954757341837], [150.72270612203008, -33.86959833451757], [150.72306144972447, -33.86959833451757], [150.72306144972447, -33.86964909561677], [150.72346753851807, -33.86964909561677], [150.72346753851807, -33.86969985671597], [150.72367058291488, -33.86969985671597], [150.72367058291488, -33.86975061781517], [150.72402591060927, -33.86975061781517], [150.72402591060927, -33.86980137891437], [150.72422895500605, -33.86980137891437], [150.72422895500605, -33.86985214001357], [150.72458428270045, -33.86985214001357], [150.72458428270045, -33.869902901112766], [150.72493961039487, -33.869902901112766], [150.72493961039487, -33.86995366221197], [150.72534569918844, -33.86995366221197], [150.72534569918844, -33.870004423311165], [150.72570102688286, -33.870004423311165], [150.72570102688286, -33.87005518441037], [150.72610711567646, -33.87005518441037], [150.72610711567646, -33.870105945509565], [150.72641168227165, -33.870105945509565], [150.72641168227165, -33.87015670660877], [150.72676700996604, -33.87015670660877], [150.72676700996604, -33.870207467707964], [150.72691929326362, -33.870207467707964], [150.72691929326362, -33.87025822880717], [150.727274620958, -33.87025822880717], [150.727274620958, -33.87030898990636], [150.72762994865244, -33.87030898990636], [150.72762994865244, -33.870359751005566], [150.72798527634683, -33.870359751005566], [150.72798527634683, -33.87041051210476], [150.7284421262396, -33.87041051210476], [150.7284421262396, -33.87046127320396], [150.728797453934, -33.87046127320396], [150.728797453934, -33.87051203430316], [150.72905125943, -33.87051203430316], [150.72905125943, -33.87056279540236], [150.7293558260252, -33.87056279540236], [150.7293558260252, -33.87061355650156], [150.72960963152119, -33.87061355650156], [150.72960963152119, -33.870664317600756], [150.73006648141399, -33.870664317600756], [150.73006648141399, -33.87071507869996], [150.730574092406, -33.87071507869996], [150.730574092406, -33.870765839799155], [150.7310309422988, -33.870765839799155], [150.7310309422988, -33.87081660089836], [150.73118322559637, -33.87081660089836], [150.73118322559637, -33.870867361997554], [150.73153855329076, -33.870867361997554], [150.73153855329076, -33.87091812309676], [150.73194464208436, -33.87091812309676], [150.73194464208436, -33.87096888419595], [150.73245225307636, -33.87096888419595], [150.73245225307636, -33.871019645295156], [150.73295986406836, -33.871019645295156], [150.73295986406836, -33.87107040639435], [150.73326443066355, -33.87107040639435], [150.73326443066355, -33.871121167493556], [150.73346747506034, -33.871121167493556], [150.73346747506034, -33.87117192859275], [150.73392432495314, -33.87117192859275], [150.73392432495314, -33.87122268969195], [150.73433041374673, -33.87122268969195], [150.73433041374673, -33.87127345079115], [150.73483802473874, -33.87127345079115], [150.73483802473874, -33.87132421189035], [150.73514259133393, -33.87132421189035], [150.73514259133393, -33.87137497298955], [150.7353963968299, -33.87137497298955], [150.7353963968299, -33.871425734088746], [150.7358024856235, -33.871425734088746], [150.7358024856235, -33.87147649518795], [150.7363100966155, -33.87147649518795], [150.7363100966155, -33.871527256287145], [150.7367161854091, -33.871527256287145], [150.7367161854091, -33.87157801738635], [150.73681770760749, -33.87157801738635], [150.73681770760749, -33.871628778485544], [150.7366654243099, -33.871628778485544], [150.7366654243099, -33.87167953958475], [150.7363100966155, -33.87167953958475], [150.7363100966155, -33.871628778485544], [150.7362593355163, -33.871628778485544], [150.7362593355163, -33.87157801738635], [150.7357517245243, -33.87157801738635], [150.7357517245243, -33.871527256287145], [150.73559944122673, -33.871527256287145], [150.73559944122673, -33.87147649518795], [150.73544715792912, -33.87147649518795], [150.73544715792912, -33.871527256287145], [150.7353963968299, -33.871527256287145], [150.7353963968299, -33.87157801738635], [150.7353456357307, -33.87157801738635], [150.7353456357307, -33.871781061783146], [150.73473650254033, -33.871781061783146], [150.73473650254033, -33.87173030068394], [150.73453345814352, -33.87173030068394], [150.73453345814352, -33.87167953958475], [150.73412736934995, -33.87167953958475], [150.73412736934995, -33.871628778485544], [150.73402584715154, -33.871628778485544], [150.73402584715154, -33.87157801738635], [150.73316290846515, -33.87157801738635], [150.73316290846515, -33.871527256287145], [150.73306138626674, -33.871527256287145], [150.73306138626674, -33.87147649518795], [150.73260453637397, -33.87147649518795], [150.73260453637397, -33.871425734088746], [150.73229996977875, -33.871425734088746], [150.73229996977875, -33.87137497298955], [150.73174159768757, -33.87137497298955], [150.73174159768757, -33.87132421189035], [150.73164007548917, -33.87132421189035], [150.73164007548917, -33.87127345079115], [150.73077713680277, -33.87127345079115], [150.73077713680277, -33.87122268969195], [150.7306756146044, -33.87122268969195], [150.7306756146044, -33.87117192859275], [150.7302695258108, -33.87117192859275], [150.7302695258108, -33.871121167493556], [150.7301680036124, -33.871121167493556], [150.7301680036124, -33.87107040639435], [150.7294065871244, -33.87107040639435], [150.7294065871244, -33.871019645295156], [150.729305064926, -33.871019645295156], [150.729305064926, -33.87096888419595], [150.7286451706364, -33.87096888419595], [150.7286451706364, -33.87091812309676], [150.728543648438, -33.87091812309676], [150.728543648438, -33.870867361997554], [150.7281883207436, -33.870867361997554], [150.7281883207436, -33.87081660089836], [150.728036037446, -33.87081660089836], [150.728036037446, -33.870765839799155], [150.72742690425562, -33.870765839799155], [150.72742690425562, -33.87071507869996], [150.72737614315642, -33.87071507869996], [150.72737614315642, -33.870664317600756], [150.72666548776763, -33.870664317600756], [150.72666548776763, -33.87061355650156], [150.72651320447002, -33.87061355650156], [150.72651320447002, -33.87056279540236], [150.72600559347805, -33.87056279540236], [150.72600559347805, -33.87051203430316], [150.72585331018044, -33.87051203430316], [150.72585331018044, -33.87046127320396], [150.72554874358525, -33.87046127320396], [150.72554874358525, -33.870359751005566], [150.72559950468445, -33.870359751005566], [150.72559950468445, -33.87030898990636], [150.72565026578366, -33.87030898990636], [150.72565026578366, -33.87025822880717], [150.72570102688286, -33.87025822880717], [150.72570102688286, -33.870207467707964], [150.72575178798203, -33.870207467707964], [150.72575178798203, -33.870105945509565], [150.72559950468445, -33.870105945509565], [150.72559950468445, -33.87015670660877], [150.72549798248605, -33.87015670660877], [150.72549798248605, -33.870207467707964], [150.72544722138684, -33.870207467707964], [150.72544722138684, -33.87025822880717], [150.72539646028764, -33.87025822880717], [150.72539646028764, -33.87030898990636], [150.72534569918844, -33.87030898990636], [150.72534569918844, -33.870359751005566], [150.72473656599806, -33.870359751005566], [150.72473656599806, -33.87030898990636], [150.72463504379965, -33.87030898990636], [150.72463504379965, -33.87025822880717], [150.72397514951007, -33.87025822880717], [150.72397514951007, -33.870207467707964], [150.72387362731166, -33.870207467707964], [150.72387362731166, -33.87015670660877], [150.72321373302208, -33.87015670660877], [150.72321373302208, -33.870105945509565], [150.72311221082367, -33.870105945509565], [150.72311221082367, -33.87005518441037], [150.72275688312928, -33.87005518441037], [150.72275688312928, -33.870004423311165], [150.7224523165341, -33.870004423311165], [150.7224523165341, -33.86995366221197], [150.7220969888397, -33.86995366221197], [150.7220969888397, -33.869902901112766], [150.7219954666413, -33.869902901112766], [150.7219954666413, -33.86985214001357], [150.7213355723517, -33.86985214001357], [150.7213355723517, -33.86980137891437], [150.7212340501533, -33.86980137891437], [150.7212340501533, -33.86975061781517], [150.72057415586372, -33.86975061781517], [150.72057415586372, -33.86969985671597], [150.7204726336653, -33.86969985671597], [150.7204726336653, -33.86964909561677], [150.71976197827652, -33.86964909561677], [150.71976197827652, -33.86959833451757], [150.7196096949789, -33.86959833451757], [150.7196096949789, -33.86954757341837], [150.71920360618535, -33.86954757341837], [150.71920360618535, -33.86949681231918], [150.71905132288774, -33.86949681231918], [150.71905132288774, -33.869446051219974], [150.71874675629255, -33.869446051219974], [150.71874675629255, -33.86939529012078], [150.71859447299494, -33.86939529012078], [150.71859447299494, -33.869344529021575], [150.71844218969736, -33.869344529021575], [150.71844218969736, -33.86929376792238], [150.71834066749895, -33.86929376792238], [150.71834066749895, -33.869243006823176], [150.71818838420134, -33.869243006823176], [150.71818838420134, -33.86919224572398], [150.71808686200293, -33.86919224572398], [150.71808686200293, -33.86914148462478], [150.71798533980456, -33.86914148462478], [150.71798533980456, -33.86909072352558], [150.71788381760615, -33.86909072352558], [150.71788381760615, -33.86903996242638], [150.71773153430854, -33.86903996242638], [150.71773153430854, -33.86898920132718], [150.71763001211016, -33.86898920132718], [150.71763001211016, -33.86893844022798], [150.71752848991176, -33.86893844022798], [150.71752848991176, -33.86888767912878], [150.71742696771335, -33.86888767912878], [150.71742696771335, -33.86883691802958], [150.71732544551494, -33.86883691802958], [150.71732544551494, -33.86878615693038], [150.71722392331657, -33.86878615693038], [150.71722392331657, -33.86873539583118], [150.71717316221736, -33.86873539583118], [150.71717316221736, -33.868684634731984], [150.71707164001896, -33.868684634731984], [150.71707164001896, -33.86863387363279], [150.71702087891975, -33.86863387363279], [150.71702087891975, -33.868583112533585], [150.71697011782055, -33.868583112533585], [150.71697011782055, -33.86853235143439], [150.71691935672138, -33.86853235143439], [150.71691935672138, -33.868481590335186], [150.71676707342377, -33.868481590335186], [150.71676707342377, -33.86843082923599], [150.71671631232456, -33.86843082923599], [150.71671631232456, -33.86838006813679], [150.71666555122536, -33.86838006813679], [150.71666555122536, -33.86832930703759], [150.71661479012616, -33.86832930703759], [150.71661479012616, -33.86827854593839], [150.71656402902696, -33.86827854593839], [150.71656402902696, -33.86822778483919], [150.71651326792778, -33.86822778483919], [150.71651326792778, -33.86817702373999], [150.71641174572937, -33.86817702373999], [150.71641174572937, -33.86812626264079], [150.71636098463017, -33.86812626264079], [150.71636098463017, -33.86807550154159], [150.71625946243176, -33.86807550154159], [150.71625946243176, -33.868024740442394], [150.7161579402334, -33.868024740442394], [150.7161579402334, -33.86797397934319], [150.71610717913418, -33.86797397934319], [150.71610717913418, -33.867923218243995], [150.71605641803498, -33.867923218243995], [150.71605641803498, -33.8678724571448], [150.71595489583657, -33.8678724571448], [150.71595489583657, -33.867821696045596], [150.71590413473737, -33.867821696045596], [150.71590413473737, -33.8677709349464], [150.71585337363817, -33.8677709349464], [150.71585337363817, -33.8677201738472], [150.71580261253897, -33.8677201738472], [150.71580261253897, -33.867669412748], [150.7157010903406, -33.867669412748], [150.7157010903406, -33.8676186516488], [150.71554880704298, -33.8676186516488], [150.71554880704298, -33.8675678905496], [150.71549804594378, -33.8675678905496], [150.71549804594378, -33.8675171294504], [150.7153965237454, -33.8675171294504], [150.7153965237454, -33.8674663683512], [150.7153457626462, -33.8674663683512], [150.7153457626462, -33.867415607252], [150.7152442404478, -33.867415607252], [150.7152442404478, -33.8673648461528], [150.71519347934859, -33.8673648461528], [150.71519347934859, -33.8673140850536], [150.71509195715018, -33.8673140850536], [150.71509195715018, -33.867263323954404], [150.71504119605098, -33.867263323954404], [150.71504119605098, -33.8672125628552], [150.7148889127534, -33.8672125628552], [150.7148889127534, -33.867161801756005], [150.714787390555, -33.867161801756005], [150.714787390555, -33.8671110406568], [150.71473662945579, -33.8671110406568], [150.71473662945579, -33.867060279557606], [150.7146351072574, -33.867060279557606], [150.7146351072574, -33.86700951845841], [150.714533585059, -33.86700951845841], [150.714533585059, -33.86695875735921], [150.7144320628606, -33.86695875735921], [150.7144320628606, -33.86690799626001], [150.7143813017614, -33.86690799626001], [150.7143813017614, -33.86685723516081], [150.714279779563, -33.86685723516081], [150.714279779563, -33.86680647406161], [150.7141782573646, -33.86680647406161], [150.7141782573646, -33.86675571296241], [150.7140767351662, -33.86675571296241], [150.7140767351662, -33.86670495186321], [150.7139244518686, -33.86670495186321], [150.7139244518686, -33.86665419076401], [150.71382292967021, -33.86665419076401], [150.71382292967021, -33.86660342966481], [150.7137214074718, -33.86660342966481], [150.7137214074718, -33.86655266856561], [150.7136198852734, -33.86655266856561], [150.7136198852734, -33.866501907466414], [150.713518363075, -33.866501907466414], [150.713518363075, -33.86645114636721], [150.71346760197582, -33.86645114636721], [150.71346760197582, -33.866400385268015], [150.71336607977742, -33.866400385268015], [150.71336607977742, -33.86634962416881], [150.713264557579, -33.86634962416881], [150.713264557579, -33.866298863069616], [150.7131630353806, -33.866298863069616], [150.7131630353806, -33.86624810197042], [150.71295999098382, -33.86624810197042], [150.71295999098382, -33.86619734087122], [150.712756946587, -33.86619734087122], [150.712756946587, -33.86614657977202], [150.71265542438863, -33.86614657977202], [150.71265542438863, -33.86609581867282], [150.71250314109102, -33.86609581867282], [150.71250314109102, -33.86604505757362], [150.7124016188926, -33.86604505757362], [150.7124016188926, -33.86599429647442], [150.71224933559503, -33.86599429647442], [150.71224933559503, -33.86594353537522], [150.71214781339663, -33.86594353537522], [150.71214781339663, -33.86589277427602], [150.71194476899984, -33.86589277427602], [150.71194476899984, -33.865842013176824], [150.71189400790064, -33.865842013176824], [150.71189400790064, -33.86579125207762], [150.71169096350383, -33.86579125207762], [150.71169096350383, -33.865740490978425], [150.71158944130542, -33.865740490978425], [150.71158944130542, -33.86568972987922], [150.71138639690864, -33.86568972987922], [150.71138639690864, -33.865638968780026], [150.71128487471023, -33.865638968780026], [150.71128487471023, -33.86558820768082], [150.71103106921424, -33.86558820768082], [150.71103106921424, -33.86553744658163], [150.71082802481743, -33.86553744658163], [150.71082802481743, -33.86548668548242], [150.71047269712304, -33.86548668548242], [150.71047269712304, -33.86543592438323], [150.71037117492466, -33.86543592438323], [150.71037117492466, -33.86538516328403], [150.71006660832944, -33.86538516328403], [150.71006660832944, -33.86533440218483], [150.70996508613106, -33.86533440218483], [150.70996508613106, -33.86528364108563], [150.70960975843667, -33.86528364108563], [150.70960975843667, -33.86523287998643], [150.70945747513906, -33.86523287998643], [150.70945747513906, -33.86518211888723], [150.70905138634546, -33.86518211888723], [150.70905138634546, -33.86513135778803], [150.70884834194868, -33.86513135778803], [150.70884834194868, -33.865080596688834], [150.70823920875827, -33.865080596688834], [150.70823920875827, -33.86502983558963], [150.70813768655987, -33.86502983558963], [150.70813768655987, -33.864979074490435], [150.7075793144687, -33.864979074490435], [150.7075793144687, -33.86492831339123], [150.70752855336949, -33.86492831339123], [150.70752855336949, -33.86482679119283], [150.7072747478735, -33.86482679119283], [150.7072747478735, -33.864877552292036], [150.7071732256751, -33.864877552292036], [150.7071732256751, -33.86482679119283], [150.7071224645759, -33.86482679119283], [150.7071224645759, -33.86477603009364], [150.7069701812783, -33.86477603009364], [150.7069701812783, -33.86482679119283], [150.7069194201791, -33.86482679119283], [150.7069194201791, -33.864877552292036], [150.7067671368815, -33.864877552292036], [150.7067671368815, -33.86477603009364], [150.7067163757823, -33.86477603009364], [150.7067163757823, -33.86482679119283], [150.7066656146831, -33.86482679119283], [150.7066656146831, -33.864877552292036], [150.7066148535839, -33.864877552292036], [150.7066148535839, -33.86482679119283], [150.7065640924847, -33.86482679119283], [150.7065640924847, -33.86477603009364], [150.70620876479032, -33.86477603009364], [150.70620876479032, -33.86482679119283], [150.7063102869887, -33.86482679119283], [150.7063102869887, -33.864877552292036], [150.7060564814927, -33.864877552292036], [150.7060564814927, -33.86482679119283], [150.7060057203935, -33.86482679119283], [150.7060057203935, -33.86477603009364], [150.7058534370959, -33.86477603009364], [150.7058534370959, -33.864725268994434], [150.7055996315999, -33.864725268994434], [150.7055996315999, -33.864877552292036], [150.7055488705007, -33.864877552292036], [150.7055488705007, -33.86482679119283], [150.7054981094015, -33.86482679119283], [150.7054981094015, -33.86477603009364], [150.70544734830233, -33.86477603009364], [150.70544734830233, -33.864725268994434], [150.70539658720313, -33.864725268994434], [150.70539658720313, -33.86477603009364], [150.70534582610392, -33.86477603009364], [150.70534582610392, -33.864877552292036], [150.70529506500472, -33.864877552292036], [150.70529506500472, -33.86492831339123], [150.7051935428063, -33.86492831339123], [150.7051935428063, -33.864979074490435], [150.7051427817071, -33.864979074490435], [150.7051427817071, -33.864877552292036], [150.7051935428063, -33.864877552292036], [150.7051935428063, -33.86482679119283], [150.70524430390552, -33.86482679119283], [150.70524430390552, -33.86477603009364], [150.70529506500472, -33.86477603009364], [150.70529506500472, -33.864725268994434], [150.70488897621112, -33.864725268994434], [150.70488897621112, -33.864877552292036], [150.7047366929135, -33.864877552292036], [150.7047366929135, -33.864725268994434], [150.70458440961593, -33.864725268994434], [150.70458440961593, -33.86467450789524], [150.70438136521912, -33.86467450789524], [150.70438136521912, -33.864725268994434], [150.70433060411992, -33.864725268994434], [150.70433060411992, -33.864979074490435], [150.70397527642552, -33.864979074490435], [150.70397527642552, -33.86502983558963], [150.70382299312794, -33.86502983558963], [150.70382299312794, -33.865080596688834], [150.70311233773916, -33.865080596688834], [150.70311233773916, -33.86513135778803], [150.70301081554075, -33.86513135778803], [150.70301081554075, -33.86518211888723], [150.70265548784636, -33.86518211888723], [150.70265548784636, -33.86523287998643], [150.70230016015196, -33.86523287998643], [150.70230016015196, -33.86528364108563], [150.70204635465595, -33.86528364108563], [150.70204635465595, -33.86533440218483], [150.70194483245757, -33.86533440218483], [150.70194483245757, -33.86538516328403], [150.70174178806076, -33.86538516328403], [150.70174178806076, -33.86543592438323], [150.70158950476318, -33.86543592438323], [150.70158950476318, -33.86548668548242], [150.70148798256477, -33.86548668548242], [150.70148798256477, -33.86543592438323], [150.70143722146557, -33.86543592438323], [150.70143722146557, -33.86548668548242], [150.70123417706878, -33.86548668548242], [150.70123417706878, -33.86553744658163], [150.70108189377117, -33.86553744658163], [150.70108189377117, -33.86558820768082], [150.70092961047357, -33.86558820768082], [150.70092961047357, -33.865638968780026], [150.7008280882752, -33.865638968780026], [150.7008280882752, -33.86568972987922], [150.70052352167997, -33.86568972987922], [150.70052352167997, -33.865740490978425], [150.7004219994816, -33.865740490978425], [150.7004219994816, -33.86579125207762], [150.70032047728319, -33.86579125207762], [150.70032047728319, -33.865842013176824], [150.70021895508478, -33.865842013176824], [150.70021895508478, -33.86589277427602], [150.700015910688, -33.86589277427602], [150.700015910688, -33.86594353537522], [150.69986362739039, -33.86594353537522], [150.69986362739039, -33.86599429647442], [150.69976210519198, -33.86599429647442], [150.69976210519198, -33.86594353537522], [150.6996605829936, -33.86594353537522], [150.6996605829936, -33.865842013176824], [150.6996098218944, -33.865842013176824], [150.6996098218944, -33.865740490978425], [150.6995590607952, -33.865740490978425], [150.6995590607952, -33.86568972987922], [150.699508299696, -33.86568972987922], [150.699508299696, -33.865638968780026], [150.6996098218944, -33.865638968780026], [150.6996098218944, -33.86558820768082], [150.69981286629118, -33.86558820768082], [150.69981286629118, -33.86553744658163], [150.6999143884896, -33.86553744658163], [150.6999143884896, -33.86548668548242], [150.700015910688, -33.86548668548242], [150.700015910688, -33.86543592438323], [150.70011743288637, -33.86543592438323], [150.70011743288637, -33.86538516328403], [150.70026971618398, -33.86538516328403], [150.70026971618398, -33.86533440218483], [150.70052352167997, -33.86533440218483], [150.70052352167997, -33.86528364108563], [150.70062504387838, -33.86528364108563], [150.70062504387838, -33.86523287998643], [150.70077732717598, -33.86523287998643], [150.70077732717598, -33.86518211888723], [150.70092961047357, -33.86518211888723], [150.70092961047357, -33.86513135778803], [150.70108189377117, -33.86513135778803], [150.70108189377117, -33.865080596688834], [150.70138646036636, -33.865080596688834], [150.70138646036636, -33.86502983558963], [150.70158950476318, -33.86502983558963], [150.70158950476318, -33.864979074490435], [150.70174178806076, -33.864979074490435], [150.70174178806076, -33.86492831339123], [150.70189407135837, -33.86492831339123], [150.70189407135837, -33.864877552292036], [150.70224939905276, -33.864877552292036], [150.70224939905276, -33.86492831339123], [150.70230016015196, -33.86492831339123], [150.70230016015196, -33.86482679119283], [150.70250320454875, -33.86482679119283], [150.70250320454875, -33.86477603009364], [150.70270624894556, -33.86477603009364], [150.70270624894556, -33.864725268994434], [150.70290929334234, -33.864725268994434], [150.70290929334234, -33.86467450789524], [150.70341690433435, -33.86467450789524], [150.70341690433435, -33.86462374679604], [150.70377223202874, -33.86462374679604], [150.70377223202874, -33.86457298569684], [150.70407679862393, -33.86457298569684], [150.70407679862393, -33.86462374679604], [150.70412755972313, -33.86462374679604], [150.70412755972313, -33.86457298569684], [150.70417832082234, -33.86457298569684], [150.70417832082234, -33.86452222459764], [150.70427984302074, -33.86452222459764], [150.70427984302074, -33.86457298569684], [150.70438136521912, -33.86457298569684], [150.70438136521912, -33.86452222459764], [150.70493973731033, -33.86452222459764], [150.70493973731033, -33.86447146349844], [150.7059549592943, -33.86447146349844], [150.7059549592943, -33.86467450789524], [150.7060057203935, -33.86467450789524], [150.7060057203935, -33.86447146349844], [150.7072747478735, -33.86447146349844], [150.7072747478735, -33.86452222459764], [150.70798540326228, -33.86452222459764], [150.70798540326228, -33.86457298569684], [150.7084930142543, -33.86457298569684], [150.7084930142543, -33.86462374679604], [150.70889910304786, -33.86462374679604], [150.70889910304786, -33.86467450789524], [150.70920366964307, -33.86467450789524], [150.70920366964307, -33.864725268994434], [150.70950823623826, -33.864725268994434], [150.70950823623826, -33.86477603009364], [150.70976204173425, -33.86477603009364], [150.70976204173425, -33.86482679119283], [150.71001584723027, -33.86482679119283], [150.71001584723027, -33.864877552292036], [150.71026965272625, -33.864877552292036], [150.71026965272625, -33.86492831339123], [150.71047269712304, -33.86492831339123], [150.71047269712304, -33.864979074490435], [150.71062498042065, -33.864979074490435], [150.71062498042065, -33.86502983558963], [150.71082802481743, -33.86502983558963], [150.71082802481743, -33.865080596688834], [150.71103106921424, -33.865080596688834], [150.71103106921424, -33.86513135778803], [150.71113259141265, -33.86513135778803], [150.71113259141265, -33.86518211888723], [150.71138639690864, -33.86518211888723], [150.71138639690864, -33.86523287998643], [150.71153868020625, -33.86523287998643], [150.71153868020625, -33.86528364108563], [150.71174172460303, -33.86528364108563], [150.71174172460303, -33.86533440218483], [150.71189400790064, -33.86533440218483], [150.71189400790064, -33.86538516328403], [150.71199553009902, -33.86538516328403], [150.71199553009902, -33.86543592438323], [150.71214781339663, -33.86543592438323], [150.71214781339663, -33.86548668548242], [150.7124016188926, -33.86548668548242], [150.7124016188926, -33.86553744658163], [150.71250314109102, -33.86553744658163], [150.71250314109102, -33.86558820768082], [150.71270618548783, -33.86558820768082], [150.71270618548783, -33.865638968780026], [150.7128077076862, -33.865638968780026], [150.7128077076862, -33.86568972987922], [150.71290922988462, -33.86568972987922], [150.71290922988462, -33.865740490978425], [150.71306151318223, -33.865740490978425], [150.71306151318223, -33.86579125207762], [150.7131630353806, -33.86579125207762], [150.7131630353806, -33.865842013176824], [150.713264557579, -33.865842013176824], [150.713264557579, -33.86589277427602], [150.71341684087662, -33.86589277427602], [150.71341684087662, -33.86594353537522], [150.713518363075, -33.86594353537522], [150.713518363075, -33.86599429647442], [150.7136198852734, -33.86599429647442], [150.7136198852734, -33.86604505757362], [150.7137214074718, -33.86604505757362], [150.7137214074718, -33.86609581867282], [150.7139244518686, -33.86609581867282], [150.7139244518686, -33.86614657977202], [150.714025974067, -33.86614657977202], [150.714025974067, -33.86619734087122], [150.7141274962654, -33.86619734087122], [150.7141274962654, -33.86624810197042], [150.7141782573646, -33.86624810197042], [150.7141782573646, -33.866298863069616], [150.7143305406622, -33.866298863069616], [150.7143305406622, -33.86634962416881], [150.7144320628606, -33.86634962416881], [150.7144320628606, -33.866400385268015], [150.7144828239598, -33.866400385268015], [150.7144828239598, -33.86645114636721], [150.714533585059, -33.86645114636721], [150.714533585059, -33.866501907466414], [150.7146351072574, -33.866501907466414], [150.7146351072574, -33.86655266856561], [150.714787390555, -33.86655266856561], [150.714787390555, -33.86660342966481], [150.7149396738526, -33.86660342966481], [150.7149396738526, -33.86665419076401], [150.7149904349518, -33.86665419076401], [150.7149904349518, -33.86670495186321], [150.71509195715018, -33.86670495186321], [150.71509195715018, -33.86675571296241], [150.71519347934859, -33.86675571296241], [150.71519347934859, -33.86680647406161], [150.7152442404478, -33.86680647406161], [150.7152442404478, -33.86685723516081], [150.7153457626462, -33.86685723516081], [150.7153457626462, -33.86690799626001], [150.71544728484457, -33.86690799626001], [150.71544728484457, -33.86695875735921], [150.71549804594378, -33.86695875735921], [150.71549804594378, -33.86700951845841], [150.71559956814218, -33.86700951845841], [150.71559956814218, -33.867060279557606], [150.7157010903406, -33.867060279557606], [150.7157010903406, -33.8671110406568], [150.71580261253897, -33.8671110406568], [150.71580261253897, -33.867161801756005], [150.71585337363817, -33.867161801756005], [150.71585337363817, -33.8672125628552], [150.71595489583657, -33.8672125628552], [150.71595489583657, -33.867263323954404], [150.71600565693578, -33.867263323954404], [150.71600565693578, -33.8673140850536], [150.71605641803498, -33.8673140850536], [150.71605641803498, -33.8673648461528], [150.7161579402334, -33.8673648461528], [150.7161579402334, -33.867415607252], [150.71620870133256, -33.867415607252], [150.71620870133256, -33.8674663683512], [150.71631022353097, -33.8674663683512], [150.71631022353097, -33.8675171294504], [150.71646250682858, -33.8675171294504], [150.71646250682858, -33.8675678905496], [150.71651326792778, -33.8675678905496], [150.71651326792778, -33.8676186516488], [150.71656402902696, -33.8676186516488], [150.71656402902696, -33.867669412748], [150.71661479012616, -33.867669412748], [150.71661479012616, -33.8677201738472], [150.71666555122536, -33.8677201738472], [150.71666555122536, -33.8677709349464], [150.71676707342377, -33.8677709349464], [150.71676707342377, -33.867821696045596], [150.71681783452297, -33.867821696045596], [150.71681783452297, -33.8678724571448], [150.71691935672138, -33.8678724571448], [150.71691935672138, -33.86797397934319], [150.71702087891975, -33.86797397934319], [150.71702087891975, -33.868024740442394], [150.71707164001896, -33.868024740442394], [150.71707164001896, -33.86807550154159], [150.71712240111816, -33.86807550154159], [150.71712240111816, -33.86812626264079], [150.71717316221736, -33.86812626264079], [150.71717316221736, -33.86817702373999], [150.71722392331657, -33.86817702373999], [150.71722392331657, -33.86822778483919], [150.71732544551494, -33.86822778483919], [150.71732544551494, -33.86827854593839], [150.71737620661415, -33.86827854593839], [150.71737620661415, -33.86832930703759], [150.71757925101096, -33.86832930703759], [150.71757925101096, -33.86838006813679], [150.71763001211016, -33.86838006813679], [150.71763001211016, -33.86843082923599], [150.71773153430854, -33.86843082923599], [150.71773153430854, -33.868481590335186], [150.71778229540774, -33.868481590335186], [150.71778229540774, -33.86853235143439], [150.71788381760615, -33.86853235143439], [150.71788381760615, -33.868583112533585], [150.71798533980456, -33.868583112533585], [150.71798533980456, -33.86863387363279], [150.71808686200293, -33.86863387363279], [150.71808686200293, -33.868684634731984], [150.71818838420134, -33.868684634731984], [150.71818838420134, -33.86873539583118], [150.71828990639975, -33.86873539583118], [150.71828990639975, -33.86878615693038], [150.71844218969736, -33.86878615693038], [150.71844218969736, -33.86883691802958], [150.71849295079653, -33.86883691802958], [150.71849295079653, -33.86898920132718], [150.71854371189573, -33.86898920132718], [150.71854371189573, -33.86893844022798], [150.71859447299494, -33.86893844022798], [150.71859447299494, -33.86883691802958], [150.71864523409414, -33.86883691802958], [150.71864523409414, -33.86888767912878], [150.71879751739175, -33.86888767912878], [150.71879751739175, -33.86893844022798], [150.71900056178853, -33.86893844022798], [150.71900056178853, -33.86898920132718], [150.71920360618535, -33.86898920132718], [150.71920360618535, -33.86903996242638], [150.71945741168133, -33.86903996242638], [150.71945741168133, -33.86909072352558], [150.71976197827652, -33.86909072352558], [150.71976197827652, -33.86914148462478], [150.7200665448717, -33.86914148462478], [150.7200665448717, -33.86919224572398], [150.72032035036773, -33.86919224572398], [150.72032035036773, -33.869243006823176], [150.72057415586372, -33.869243006823176], [150.72057415586372, -33.86929376792238], [150.7208279613597, -33.86929376792238], [150.7208279613597, -33.869344529021575], [150.72113252795492, -33.869344529021575], [150.72113252795492, -33.86939529012078], [150.72148785564931, -33.86939529012078], [150.72148785564931, -33.869446051219974], [150.7217416611453, -33.869446051219974], [150.7217416611453, -33.86949681231918], [150.7217924222445, -33.86949681231918], [150.7217924222445, -33.869446051219974]], [[150.71108183031345, -33.86518211888723], [150.71108183031345, -33.86533440218483], [150.71113259141265, -33.86533440218483], [150.71113259141265, -33.86518211888723], [150.71108183031345, -33.86518211888723]], [[150.71854371189573, -33.86903996242638], [150.71859447299494, -33.86903996242638], [150.71859447299494, -33.86898920132718], [150.71854371189573, -33.86898920132718], [150.71854371189573, -33.86903996242638]], [[150.7216909000461, -33.86949681231918], [150.7216909000461, -33.86954757341837], [150.7217416611453, -33.86954757341837], [150.7217416611453, -33.86949681231918], [150.7216909000461, -33.86949681231918]], [[150.70778235886547, -33.86462374679604], [150.70778235886547, -33.864725268994434], [150.70783311996468, -33.864725268994434], [150.70783311996468, -33.86467450789524], [150.70788388106388, -33.86467450789524], [150.70788388106388, -33.86457298569684], [150.70783311996468, -33.86457298569684], [150.70783311996468, -33.86462374679604], [150.70778235886547, -33.86462374679604]], [[150.70940671403986, -33.864877552292036], [150.70940671403986, -33.86477603009364], [150.70935595294065, -33.86477603009364], [150.70935595294065, -33.864877552292036], [150.70940671403986, -33.864877552292036]], [[150.70935595294065, -33.864979074490435], [150.70935595294065, -33.86492831339123], [150.70930519184145, -33.86492831339123], [150.70930519184145, -33.864979074490435], [150.70935595294065, -33.864979074490435]], [[150.71245237999182, -33.86568972987922], [150.71245237999182, -33.865638968780026], [150.7124016188926, -33.865638968780026], [150.7124016188926, -33.86568972987922], [150.71245237999182, -33.86568972987922]], [[150.71290922988462, -33.86589277427602], [150.71290922988462, -33.86579125207762], [150.7128584687854, -33.86579125207762], [150.7128584687854, -33.86589277427602], [150.71290922988462, -33.86589277427602]], [[150.7135691241742, -33.86609581867282], [150.7135691241742, -33.86604505757362], [150.713518363075, -33.86604505757362], [150.713518363075, -33.86609581867282], [150.7135691241742, -33.86609581867282]], [[150.7139752129678, -33.86624810197042], [150.7139752129678, -33.86619734087122], [150.7139244518686, -33.86619734087122], [150.7139244518686, -33.86624810197042], [150.7139752129678, -33.86624810197042]], [[150.7140767351662, -33.866298863069616], [150.7140767351662, -33.86624810197042], [150.714025974067, -33.86624810197042], [150.714025974067, -33.866298863069616], [150.7140767351662, -33.866298863069616]], [[150.714279779563, -33.86675571296241], [150.714279779563, -33.86670495186321], [150.7142290184638, -33.86670495186321], [150.7142290184638, -33.86675571296241], [150.714279779563, -33.86675571296241]], [[150.7143813017614, -33.86680647406161], [150.7143813017614, -33.86675571296241], [150.7143305406622, -33.86675571296241], [150.7143305406622, -33.86680647406161], [150.7143813017614, -33.86680647406161]], [[150.71468586835658, -33.86690799626001], [150.71468586835658, -33.86685723516081], [150.7146351072574, -33.86685723516081], [150.7146351072574, -33.86690799626001], [150.71468586835658, -33.86690799626001]], [[150.7149396738526, -33.867060279557606], [150.7149396738526, -33.86700951845841], [150.7148889127534, -33.86700951845841], [150.7148889127534, -33.867060279557606], [150.7149396738526, -33.867060279557606]], [[150.715295001547, -33.867263323954404], [150.715295001547, -33.8673140850536], [150.7153457626462, -33.8673140850536], [150.7153457626462, -33.867263323954404], [150.715295001547, -33.867263323954404]], [[150.7153457626462, -33.8673648461528], [150.7153965237454, -33.8673648461528], [150.7153965237454, -33.8673140850536], [150.7153457626462, -33.8673140850536], [150.7153457626462, -33.8673648461528]], [[150.7153965237454, -33.867415607252], [150.71544728484457, -33.867415607252], [150.71544728484457, -33.8673648461528], [150.7153965237454, -33.8673648461528], [150.7153965237454, -33.867415607252]], [[150.71544728484457, -33.8674663683512], [150.71549804594378, -33.8674663683512], [150.71549804594378, -33.867415607252], [150.71544728484457, -33.867415607252], [150.71544728484457, -33.8674663683512]], [[150.71763001211016, -33.868481590335186], [150.71763001211016, -33.86853235143439], [150.71768077320937, -33.86853235143439], [150.71768077320937, -33.868481590335186], [150.71763001211016, -33.868481590335186]], [[150.71768077320937, -33.868583112533585], [150.71773153430854, -33.868583112533585], [150.71773153430854, -33.86853235143439], [150.71768077320937, -33.86853235143439], [150.71768077320937, -33.868583112533585]], [[150.71778229540774, -33.868583112533585], [150.71778229540774, -33.86863387363279], [150.71783305650695, -33.86863387363279], [150.71783305650695, -33.868583112533585], [150.71778229540774, -33.868583112533585]], [[150.71783305650695, -33.868684634731984], [150.71788381760615, -33.868684634731984], [150.71788381760615, -33.86863387363279], [150.71783305650695, -33.86863387363279], [150.71783305650695, -33.868684634731984]], [[150.71803610090376, -33.86873539583118], [150.71803610090376, -33.86878615693038], [150.71808686200293, -33.86878615693038], [150.71808686200293, -33.86873539583118], [150.71803610090376, -33.86873539583118]], [[150.71808686200293, -33.86883691802958], [150.71818838420134, -33.86883691802958], [150.71818838420134, -33.86878615693038], [150.71808686200293, -33.86878615693038], [150.71808686200293, -33.86883691802958]], [[150.71828990639975, -33.86888767912878], [150.71828990639975, -33.86883691802958], [150.71823914530054, -33.86883691802958], [150.71823914530054, -33.86888767912878], [150.71828990639975, -33.86888767912878]], [[150.71839142859815, -33.86893844022798], [150.71839142859815, -33.86888767912878], [150.71834066749895, -33.86888767912878], [150.71834066749895, -33.86893844022798], [150.71839142859815, -33.86893844022798]], [[150.71869599519334, -33.86909072352558], [150.71869599519334, -33.86903996242638], [150.71864523409414, -33.86903996242638], [150.71864523409414, -33.86909072352558], [150.71869599519334, -33.86909072352558]], [[150.71884827849092, -33.86914148462478], [150.71884827849092, -33.86909072352558], [150.71879751739175, -33.86909072352558], [150.71879751739175, -33.86914148462478], [150.71884827849092, -33.86914148462478]], [[150.71900056178853, -33.86919224572398], [150.71900056178853, -33.86914148462478], [150.71889903959013, -33.86914148462478], [150.71889903959013, -33.86919224572398], [150.71900056178853, -33.86919224572398]], [[150.71915284508614, -33.869243006823176], [150.71915284508614, -33.86919224572398], [150.71910208398694, -33.86919224572398], [150.71910208398694, -33.869243006823176], [150.71915284508614, -33.869243006823176]]]]}}, {"type": "Feature", "properties": {"LABEL": "M12 Motorway", "source": "SEPP_WPC_AER_TRC_001_20250501 (traced from in-force PDF; georeferenced, indicative)"}, "geometry": {"type": "Polygon", "coordinates": [[[150.7068686590799, -33.85482685465057], [150.7068686590799, -33.854877615749764], [150.70580267599672, -33.854877615749764], [150.70580267599672, -33.85492837684897], [150.70539658720313, -33.85492837684897], [150.70539658720313, -33.85497913794816], [150.70524430390552, -33.85497913794816], [150.70524430390552, -33.855029899047366], [150.70499049840953, -33.855029899047366], [150.70499049840953, -33.85508066014656], [150.70463517071514, -33.85508066014656], [150.70463517071514, -33.855131421245765], [150.70443212631832, -33.855131421245765], [150.70443212631832, -33.85518218234496], [150.70427984302074, -33.85518218234496], [150.70427984302074, -33.855232943444165], [150.70402603752473, -33.855232943444165], [150.70402603752473, -33.85528370454336], [150.70397527642552, -33.85528370454336], [150.70397527642552, -33.855232943444165], [150.70377223202874, -33.855232943444165], [150.70377223202874, -33.85528370454336], [150.70367070983033, -33.85528370454336], [150.70367070983033, -33.855334465642564], [150.70346766543355, -33.855334465642564], [150.70346766543355, -33.85538522674176], [150.70326462103674, -33.85538522674176], [150.70326462103674, -33.85543598784096], [150.70285853224314, -33.85543598784096], [150.70285853224314, -33.85548674894016], [150.70270624894556, -33.85548674894016], [150.70270624894556, -33.85553751003936], [150.70250320454875, -33.85553751003936], [150.70250320454875, -33.85558827113856], [150.70230016015196, -33.85558827113856], [150.70230016015196, -33.855639032237754], [150.70189407135837, -33.855639032237754], [150.70189407135837, -33.85568979333696], [150.70174178806076, -33.85568979333696], [150.70174178806076, -33.85574055443615], [150.70153874366397, -33.85574055443615], [150.70153874366397, -33.855791315535356], [150.70138646036636, -33.855791315535356], [150.70138646036636, -33.85584207663455], [150.70098037157277, -33.85584207663455], [150.70098037157277, -33.855892837733755], [150.7008280882752, -33.855892837733755], [150.7008280882752, -33.85594359883295], [150.70062504387838, -33.85594359883295], [150.70062504387838, -33.855994359932154], [150.7004219994816, -33.855994359932154], [150.7004219994816, -33.85604512103135], [150.7003712383824, -33.85604512103135], [150.7003712383824, -33.855994359932154], [150.70026971618398, -33.855994359932154], [150.70026971618398, -33.85604512103135], [150.70011743288637, -33.85604512103135], [150.70011743288637, -33.85609588213055], [150.6999651495888, -33.85609588213055], [150.6999651495888, -33.85614664322975], [150.69976210519198, -33.85614664322975], [150.69976210519198, -33.85619740432895], [150.6996098218944, -33.85619740432895], [150.6996098218944, -33.85624816542815], [150.6992544942, -33.85624816542815], [150.6992544942, -33.85629892652735], [150.6991022109024, -33.85629892652735], [150.6991022109024, -33.85634968762655], [150.69894992760482, -33.85634968762655], [150.69894992760482, -33.85640044872575], [150.698746883208, -33.85640044872575], [150.698746883208, -33.85645120982495], [150.69854383881122, -33.85645120982495], [150.69854383881122, -33.85650197092414], [150.6984423166128, -33.85650197092414], [150.6984423166128, -33.856552732023346], [150.6982900333152, -33.856552732023346], [150.6982900333152, -33.85660349312254], [150.69818851111683, -33.85660349312254], [150.69818851111683, -33.856654254221745], [150.69798546672, -33.856654254221745], [150.69798546672, -33.85670501532094], [150.6978331834224, -33.85670501532094], [150.6978331834224, -33.856755776420144], [150.69773166122403, -33.856755776420144], [150.69773166122403, -33.85680653751934], [150.69763013902562, -33.85680653751934], [150.69763013902562, -33.85685729861854], [150.697477855728, -33.85685729861854], [150.697477855728, -33.85690805971774], [150.69722405023202, -33.85690805971774], [150.69722405023202, -33.85695882081694], [150.69712252803362, -33.85695882081694], [150.69712252803362, -33.85700958191614], [150.69702100583524, -33.85700958191614], [150.69702100583524, -33.85711110411454], [150.69681796143843, -33.85711110411454], [150.69681796143843, -33.85716186521374], [150.69646263374403, -33.85716186521374], [150.69646263374403, -33.85711110411454], [150.69610730604964, -33.85711110411454], [150.69610730604964, -33.85706034301534], [150.69600578385123, -33.85706034301534], [150.69600578385123, -33.85700958191614], [150.69595502275203, -33.85700958191614], [150.69595502275203, -33.85695882081694], [150.69605654495044, -33.85695882081694], [150.69605654495044, -33.85690805971774], [150.69600578385123, -33.85690805971774], [150.69600578385123, -33.85685729861854], [150.69595502275203, -33.85685729861854], [150.69595502275203, -33.856755776420144], [150.69590426165283, -33.856755776420144], [150.69590426165283, -33.85670501532094], [150.69585350055365, -33.85670501532094], [150.69585350055365, -33.856654254221745], [150.69580273945445, -33.856654254221745], [150.69580273945445, -33.85660349312254], [150.69575197835525, -33.85660349312254], [150.69575197835525, -33.85650197092414], [150.69570121725604, -33.85650197092414], [150.69570121725604, -33.85645120982495], [150.69565045615684, -33.85645120982495], [150.69565045615684, -33.85640044872575], [150.69559969505764, -33.85640044872575], [150.69559969505764, -33.85634968762655], [150.69554893395843, -33.85634968762655], [150.69554893395843, -33.85624816542815], [150.69549817285926, -33.85624816542815], [150.69549817285926, -33.85619740432895], [150.69544741176006, -33.85619740432895], [150.69544741176006, -33.85609588213055], [150.69539665066085, -33.85609588213055], [150.69539665066085, -33.85604512103135], [150.69534588956165, -33.85604512103135], [150.69534588956165, -33.855994359932154], [150.69529512846245, -33.855994359932154], [150.69529512846245, -33.85594359883295], [150.69524436736324, -33.85594359883295], [150.69524436736324, -33.85584207663455], [150.69519360626404, -33.85584207663455], [150.69519360626404, -33.855791315535356], [150.69514284516484, -33.855791315535356], [150.69514284516484, -33.85574055443615], [150.69509208406566, -33.85574055443615], [150.69509208406566, -33.855639032237754], [150.69504132296646, -33.855639032237754], [150.69504132296646, -33.85558827113856], [150.69499056186726, -33.85558827113856], [150.69499056186726, -33.85553751003936], [150.69493980076805, -33.85553751003936], [150.69493980076805, -33.85548674894016], [150.69473675637127, -33.85548674894016], [150.69473675637127, -33.85553751003936], [150.69463523417286, -33.85553751003936], [150.69463523417286, -33.855639032237754], [150.69468599527207, -33.855639032237754], [150.69468599527207, -33.85574055443615], [150.69473675637127, -33.85574055443615], [150.69473675637127, -33.855791315535356], [150.69478751747044, -33.855791315535356], [150.69478751747044, -33.85584207663455], [150.69488903966885, -33.85584207663455], [150.69488903966885, -33.85594359883295], [150.69493980076805, -33.85594359883295], [150.69493980076805, -33.855994359932154], [150.69499056186726, -33.855994359932154], [150.69499056186726, -33.85609588213055], [150.69504132296646, -33.85609588213055], [150.69504132296646, -33.85614664322975], [150.69509208406566, -33.85614664322975], [150.69509208406566, -33.85619740432895], [150.69514284516484, -33.85619740432895], [150.69514284516484, -33.85624816542815], [150.69519360626404, -33.85624816542815], [150.69519360626404, -33.85634968762655], [150.69524436736324, -33.85634968762655], [150.69524436736324, -33.85640044872575], [150.69529512846245, -33.85640044872575], [150.69529512846245, -33.85650197092414], [150.69534588956165, -33.85650197092414], [150.69534588956165, -33.856552732023346], [150.69539665066085, -33.856552732023346], [150.69539665066085, -33.85660349312254], [150.69544741176006, -33.85660349312254], [150.69544741176006, -33.856654254221745], [150.69549817285926, -33.856654254221745], [150.69549817285926, -33.856755776420144], [150.69554893395843, -33.856755776420144], [150.69554893395843, -33.85680653751934], [150.69559969505764, -33.85680653751934], [150.69559969505764, -33.85685729861854], [150.69565045615684, -33.85685729861854], [150.69565045615684, -33.85695882081694], [150.69570121725604, -33.85695882081694], [150.69570121725604, -33.85700958191614], [150.69575197835525, -33.85700958191614], [150.69575197835525, -33.85711110411454], [150.69580273945445, -33.85711110411454], [150.69580273945445, -33.85716186521374], [150.69585350055365, -33.85716186521374], [150.69585350055365, -33.85726338741213], [150.69590426165283, -33.85726338741213], [150.69590426165283, -33.857314148511335], [150.69595502275203, -33.857314148511335], [150.69595502275203, -33.85736490961053], [150.69600578385123, -33.85736490961053], [150.69600578385123, -33.85746643180893], [150.69605654495044, -33.85746643180893], [150.69605654495044, -33.85751719290813], [150.69610730604964, -33.85751719290813], [150.69610730604964, -33.85761871510653], [150.69615806714884, -33.85761871510653], [150.69615806714884, -33.85766947620573], [150.69620882824805, -33.85766947620573], [150.69620882824805, -33.85772023730493], [150.69625958934725, -33.85772023730493], [150.69625958934725, -33.85777099840413], [150.69631035044642, -33.85777099840413], [150.69631035044642, -33.85782175950333], [150.69636111154563, -33.85782175950333], [150.69636111154563, -33.85787252060253], [150.69641187264483, -33.85787252060253], [150.69641187264483, -33.85792328170173], [150.69646263374403, -33.85792328170173], [150.69646263374403, -33.85802480390013], [150.69651339484324, -33.85802480390013], [150.69651339484324, -33.858075564999325], [150.69656415594244, -33.858075564999325], [150.69656415594244, -33.85812632609852], [150.69661491704164, -33.85812632609852], [150.69661491704164, -33.858177087197724], [150.69666567814082, -33.858177087197724], [150.69666567814082, -33.85827860939612], [150.69671643924002, -33.85827860939612], [150.69671643924002, -33.85843089269372], [150.69666567814082, -33.85843089269372], [150.69666567814082, -33.85848165379292], [150.69656415594244, -33.85848165379292], [150.69656415594244, -33.85853241489212], [150.69651339484324, -33.85853241489212], [150.69651339484324, -33.85868469818972], [150.69656415594244, -33.85868469818972], [150.69656415594244, -33.858735459288916], [150.69661491704164, -33.858735459288916], [150.69661491704164, -33.85878622038812], [150.69666567814082, -33.85878622038812], [150.69666567814082, -33.858836981487315], [150.69671643924002, -33.858836981487315], [150.69671643924002, -33.85888774258651], [150.69676720033922, -33.85888774258651], [150.69676720033922, -33.858938503685714], [150.69681796143843, -33.858938503685714], [150.69681796143843, -33.85904002588411], [150.69686872253763, -33.85904002588411], [150.69686872253763, -33.85909078698331], [150.69691948363683, -33.85909078698331], [150.69691948363683, -33.85914154808251], [150.69697024473604, -33.85914154808251], [150.69697024473604, -33.85919230918171], [150.69702100583524, -33.85919230918171], [150.69702100583524, -33.85929383138011], [150.6970717669344, -33.85929383138011], [150.6970717669344, -33.85934459247931], [150.69712252803362, -33.85934459247931], [150.69712252803362, -33.85944611467771], [150.69717328913282, -33.85944611467771], [150.69717328913282, -33.859496875776905], [150.69722405023202, -33.859496875776905], [150.69722405023202, -33.85954763687611], [150.69727481133123, -33.85954763687611], [150.69727481133123, -33.859598397975304], [150.69732557243043, -33.859598397975304], [150.69732557243043, -33.8596999201737], [150.69737633352963, -33.8596999201737], [150.69737633352963, -33.8597506812729], [150.6974270946288, -33.8597506812729], [150.6974270946288, -33.8598522034713], [150.697477855728, -33.8598522034713], [150.697477855728, -33.8599029645705], [150.6975286168272, -33.8599029645705], [150.6975286168272, -33.8599537256697], [150.69757937792642, -33.8599537256697], [150.69757937792642, -33.8600044867689], [150.69763013902562, -33.8600044867689], [150.69763013902562, -33.8600552478681], [150.69768090012482, -33.8600552478681], [150.69768090012482, -33.860156770066496], [150.69773166122403, -33.860156770066496], [150.69773166122403, -33.860258292264895], [150.69778242232323, -33.860258292264895], [150.69778242232323, -33.8603090533641], [150.6978331834224, -33.8603090533641], [150.6978331834224, -33.860359814463294], [150.6978839445216, -33.860359814463294], [150.6978839445216, -33.8604105755625], [150.6979347056208, -33.8604105755625], [150.6979347056208, -33.860512097760896], [150.69798546672, -33.860512097760896], [150.69798546672, -33.86056285886009], [150.69803622781922, -33.86056285886009], [150.69803622781922, -33.86066438105849], [150.69813775001762, -33.86066438105849], [150.69813775001762, -33.86071514215769], [150.6983407944144, -33.86071514215769], [150.6983407944144, -33.86066438105849], [150.6984423166128, -33.86066438105849], [150.6984423166128, -33.86061361995929], [150.6985945999104, -33.86061361995929], [150.6985945999104, -33.86056285886009], [150.6986453610096, -33.86056285886009], [150.6986453610096, -33.860359814463294], [150.6985945999104, -33.860359814463294], [150.6985945999104, -33.860258292264895], [150.69854383881122, -33.860258292264895], [150.69854383881122, -33.860156770066496], [150.69849307771202, -33.860156770066496], [150.69849307771202, -33.8601060089673], [150.6984423166128, -33.8601060089673], [150.6984423166128, -33.8600552478681], [150.6983915555136, -33.8600552478681], [150.6983915555136, -33.8600044867689], [150.6983407944144, -33.8600044867689], [150.6983407944144, -33.8599029645705], [150.6982900333152, -33.8599029645705], [150.6982900333152, -33.8598522034713], [150.698239272216, -33.8598522034713], [150.698239272216, -33.8598014423721], [150.69818851111683, -33.8598014423721], [150.69818851111683, -33.8597506812729], [150.69813775001762, -33.8597506812729], [150.69813775001762, -33.8596999201737], [150.69808698891842, -33.8596999201737], [150.69808698891842, -33.859598397975304], [150.69803622781922, -33.859598397975304], [150.69803622781922, -33.85954763687611], [150.69798546672, -33.85954763687611], [150.69798546672, -33.859496875776905], [150.6979347056208, -33.859496875776905], [150.6979347056208, -33.859395353578506], [150.6978839445216, -33.859395353578506], [150.6978839445216, -33.85934459247931], [150.6978331834224, -33.85934459247931], [150.6978331834224, -33.85929383138011], [150.69778242232323, -33.85929383138011], [150.69778242232323, -33.85924307028091], [150.69773166122403, -33.85924307028091], [150.69773166122403, -33.85914154808251], [150.69768090012482, -33.85914154808251], [150.69768090012482, -33.85909078698331], [150.69763013902562, -33.85909078698331], [150.69763013902562, -33.85904002588411], [150.69757937792642, -33.85904002588411], [150.69757937792642, -33.85898926478491], [150.6975286168272, -33.85898926478491], [150.6975286168272, -33.85888774258651], [150.697477855728, -33.85888774258651], [150.697477855728, -33.858836981487315], [150.6974270946288, -33.858836981487315], [150.6974270946288, -33.858735459288916], [150.69737633352963, -33.858735459288916], [150.69737633352963, -33.85868469818972], [150.69732557243043, -33.85868469818972], [150.69732557243043, -33.85863393709052], [150.69727481133123, -33.85863393709052], [150.69727481133123, -33.85858317599132], [150.69722405023202, -33.85858317599132], [150.69722405023202, -33.85853241489212], [150.69717328913282, -33.85853241489212], [150.69717328913282, -33.85848165379292], [150.69712252803362, -33.85848165379292], [150.69712252803362, -33.85838013159452], [150.6970717669344, -33.85838013159452], [150.6970717669344, -33.85832937049532], [150.69702100583524, -33.85832937049532], [150.69702100583524, -33.85827860939612], [150.69697024473604, -33.85827860939612], [150.69697024473604, -33.85822784829692], [150.69691948363683, -33.85822784829692], [150.69691948363683, -33.858177087197724], [150.69686872253763, -33.858177087197724], [150.69686872253763, -33.85812632609852], [150.69681796143843, -33.85812632609852], [150.69681796143843, -33.858075564999325], [150.69676720033922, -33.858075564999325], [150.69676720033922, -33.857974042800926], [150.69671643924002, -33.857974042800926], [150.69671643924002, -33.85792328170173], [150.69666567814082, -33.85792328170173], [150.69666567814082, -33.85787252060253], [150.69671643924002, -33.85787252060253], [150.69671643924002, -33.85782175950333], [150.69676720033922, -33.85782175950333], [150.69676720033922, -33.85777099840413], [150.69702100583524, -33.85777099840413], [150.69702100583524, -33.85772023730493], [150.69717328913282, -33.85772023730493], [150.69717328913282, -33.85766947620573], [150.69737633352963, -33.85766947620573], [150.69737633352963, -33.85761871510653], [150.6975286168272, -33.85761871510653], [150.6975286168272, -33.85756795400733], [150.6978839445216, -33.85756795400733], [150.6978839445216, -33.85751719290813], [150.69803622781922, -33.85751719290813], [150.69803622781922, -33.85746643180893], [150.698239272216, -33.85746643180893], [150.698239272216, -33.857415670709734], [150.6983915555136, -33.857415670709734], [150.6983915555136, -33.85736490961053], [150.6984423166128, -33.85736490961053], [150.6984423166128, -33.857314148511335], [150.698239272216, -33.857314148511335], [150.698239272216, -33.85726338741213], [150.69854383881122, -33.85726338741213], [150.69854383881122, -33.857314148511335], [150.6988991665056, -33.857314148511335], [150.6988991665056, -33.85726338741213], [150.6990514498032, -33.85726338741213], [150.6990514498032, -33.857212626312936], [150.6991022109024, -33.857212626312936], [150.6991022109024, -33.85716186521374], [150.6992037331008, -33.85716186521374], [150.6992037331008, -33.85711110411454], [150.69935601639838, -33.85711110411454], [150.69935601639838, -33.85706034301534], [150.6994067774976, -33.85706034301534], [150.6994067774976, -33.85700958191614], [150.6994575385968, -33.85700958191614], [150.6994575385968, -33.85695882081694], [150.6995590607952, -33.85695882081694], [150.6995590607952, -33.85690805971774], [150.6996605829936, -33.85690805971774], [150.6996605829936, -33.85685729861854], [150.69981286629118, -33.85685729861854], [150.69981286629118, -33.85680653751934], [150.6999651495888, -33.85680653751934], [150.6999651495888, -33.856755776420144], [150.70016819398558, -33.856755776420144], [150.70016819398558, -33.85670501532094], [150.70032047728319, -33.85670501532094], [150.70032047728319, -33.856654254221745], [150.70067580497758, -33.856654254221745], [150.70067580497758, -33.85660349312254], [150.70087884937436, -33.85660349312254], [150.70087884937436, -33.856552732023346], [150.70108189377117, -33.856552732023346], [150.70108189377117, -33.85650197092414], [150.70123417706878, -33.85650197092414], [150.70123417706878, -33.85645120982495], [150.70164026586235, -33.85645120982495], [150.70164026586235, -33.85640044872575], [150.70179254915996, -33.85640044872575], [150.70179254915996, -33.85634968762655], [150.70199559355677, -33.85634968762655], [150.70199559355677, -33.85629892652735], [150.70214787685435, -33.85629892652735], [150.70214787685435, -33.85624816542815], [150.70255396564795, -33.85624816542815], [150.70255396564795, -33.85619740432895], [150.70270624894556, -33.85619740432895], [150.70270624894556, -33.85614664322975], [150.70290929334234, -33.85614664322975], [150.70290929334234, -33.85609588213055], [150.70306157663995, -33.85609588213055], [150.70306157663995, -33.85604512103135], [150.70346766543355, -33.85604512103135], [150.70346766543355, -33.855994359932154], [150.70361994873113, -33.855994359932154], [150.70361994873113, -33.85594359883295], [150.70524430390552, -33.85594359883295], [150.70524430390552, -33.855892837733755], [150.7065640924847, -33.855892837733755], [150.7065640924847, -33.85584207663455], [150.7068686590799, -33.85584207663455], [150.7068686590799, -33.855791315535356], [150.70742703117108, -33.855791315535356], [150.70742703117108, -33.85574055443615], [150.7077315977663, -33.85574055443615], [150.7077315977663, -33.85568979333696], [150.70798540326228, -33.85568979333696], [150.70798540326228, -33.855639032237754], [150.70920366964307, -33.855639032237754], [150.70920366964307, -33.85558827113856], [150.70966051953587, -33.85558827113856], [150.70966051953587, -33.855639032237754], [150.71026965272625, -33.855639032237754], [150.71026965272625, -33.85558827113856], [150.71042193602386, -33.85558827113856], [150.71042193602386, -33.855639032237754], [150.71062498042065, -33.855639032237754], [150.71062498042065, -33.85568979333696], [150.71067574151985, -33.85568979333696], [150.71067574151985, -33.855791315535356], [150.71077726371826, -33.855791315535356], [150.71077726371826, -33.85584207663455], [150.71092954701584, -33.85584207663455], [150.71092954701584, -33.855892837733755], [150.71133563580943, -33.855892837733755], [150.71133563580943, -33.85594359883295], [150.71194476899984, -33.85594359883295], [150.71194476899984, -33.855994359932154], [150.7124016188926, -33.855994359932154], [150.7124016188926, -33.85604512103135], [150.71306151318223, -33.85604512103135], [150.71306151318223, -33.85609588213055], [150.71346760197582, -33.85609588213055], [150.71346760197582, -33.85614664322975], [150.71382292967021, -33.85614664322975], [150.71382292967021, -33.85619740432895], [150.7141274962654, -33.85619740432895], [150.7141274962654, -33.85624816542815], [150.71473662945579, -33.85624816542815], [150.71473662945579, -33.85629892652735], [150.7152442404478, -33.85629892652735], [150.7152442404478, -33.85634968762655], [150.71585337363817, -33.85634968762655], [150.71585337363817, -33.85640044872575], [150.71620870133256, -33.85640044872575], [150.71620870133256, -33.85645120982495], [150.71651326792778, -33.85645120982495], [150.71651326792778, -33.85650197092414], [150.71697011782055, -33.85650197092414], [150.71697011782055, -33.856552732023346], [150.71768077320937, -33.856552732023346], [150.71768077320937, -33.85660349312254], [150.71818838420134, -33.85660349312254], [150.71818838420134, -33.856654254221745], [150.71864523409414, -33.856654254221745], [150.71864523409414, -33.85670501532094], [150.71879751739175, -33.85670501532094], [150.71879751739175, -33.856755776420144], [150.71905132288774, -33.856755776420144], [150.71905132288774, -33.85680653751934], [150.71920360618535, -33.85680653751934], [150.71920360618535, -33.85685729861854], [150.71966045607812, -33.85685729861854], [150.71966045607812, -33.85690805971774], [150.72016806707012, -33.85690805971774], [150.72016806707012, -33.85695882081694], [150.71981273937573, -33.85695882081694], [150.71981273937573, -33.85700958191614], [150.7200157837725, -33.85700958191614], [150.7200157837725, -33.85706034301534], [150.72037111146693, -33.85706034301534], [150.72037111146693, -33.85711110411454], [150.7208787224589, -33.85711110411454], [150.7208787224589, -33.85716186521374], [150.72148785564931, -33.85716186521374], [150.72148785564931, -33.857212626312936], [150.7218939444429, -33.857212626312936], [150.7218939444429, -33.85716186521374], [150.7220969888397, -33.85716186521374], [150.7220969888397, -33.857212626312936], [150.7220462277405, -33.857212626312936], [150.7220462277405, -33.85726338741213], [150.7220969888397, -33.85726338741213], [150.7220969888397, -33.857314148511335], [150.7222492721373, -33.857314148511335], [150.7222492721373, -33.85736490961053], [150.72240155543489, -33.85736490961053], [150.72240155543489, -33.857415670709734], [150.7225030776333, -33.857415670709734], [150.7225030776333, -33.85746643180893], [150.72270612203008, -33.85746643180893], [150.72270612203008, -33.85751719290813], [150.72280764422848, -33.85751719290813], [150.72280764422848, -33.85756795400733], [150.7230106886253, -33.85756795400733], [150.7230106886253, -33.85761871510653], [150.72316297192287, -33.85761871510653], [150.72316297192287, -33.85766947620573], [150.72331525522048, -33.85766947620573], [150.72331525522048, -33.85772023730493], [150.7234167774189, -33.85772023730493], [150.7234167774189, -33.85777099840413], [150.72361982181567, -33.85777099840413], [150.72361982181567, -33.85782175950333], [150.72372134401408, -33.85782175950333], [150.72372134401408, -33.85787252060253], [150.72392438841086, -33.85787252060253], [150.72392438841086, -33.85792328170173], [150.72402591060927, -33.85792328170173], [150.72402591060927, -33.857974042800926], [150.72422895500605, -33.857974042800926], [150.72422895500605, -33.85802480390013], [150.72433047720446, -33.85802480390013], [150.72433047720446, -33.858075564999325], [150.72458428270045, -33.858075564999325], [150.72458428270045, -33.85812632609852], [150.72473656599806, -33.85812632609852], [150.72473656599806, -33.858177087197724], [150.72499037149404, -33.858177087197724], [150.72499037149404, -33.85822784829692], [150.72514265479165, -33.85822784829692], [150.72514265479165, -33.85827860939612], [150.72534569918844, -33.85827860939612], [150.72534569918844, -33.85832937049532], [150.72549798248605, -33.85832937049532], [150.72549798248605, -33.85838013159452], [150.72570102688286, -33.85838013159452], [150.72570102688286, -33.85832937049532], [150.72605635457725, -33.85832937049532], [150.72605635457725, -33.85838013159452], [150.72625939897404, -33.85838013159452], [150.72625939897404, -33.85843089269372], [150.72656396556923, -33.85843089269372], [150.72656396556923, -33.85848165379292], [150.72676700996604, -33.85848165379292], [150.72676700996604, -33.85853241489212], [150.72686853216445, -33.85853241489212], [150.72686853216445, -33.85858317599132], [150.72702081546203, -33.85858317599132], [150.72702081546203, -33.85863393709052], [150.72717309875964, -33.85863393709052], [150.72717309875964, -33.85868469818972], [150.727274620958, -33.85868469818972], [150.727274620958, -33.858735459288916], [150.72737614315642, -33.858735459288916], [150.72737614315642, -33.85878622038812], [150.72752842645403, -33.85878622038812], [150.72752842645403, -33.858836981487315], [150.72762994865244, -33.858836981487315], [150.72762994865244, -33.85888774258651], [150.72778223195002, -33.85888774258651], [150.72778223195002, -33.858938503685714], [150.72788375414842, -33.858938503685714], [150.72788375414842, -33.85898926478491], [150.72798527634683, -33.85898926478491], [150.72798527634683, -33.85904002588411], [150.7280867985452, -33.85904002588411], [150.7280867985452, -33.85909078698331], [150.72823908184282, -33.85909078698331], [150.72823908184282, -33.85914154808251], [150.72834060404122, -33.85914154808251], [150.72834060404122, -33.85919230918171], [150.7284421262396, -33.85919230918171], [150.7284421262396, -33.85924307028091], [150.728543648438, -33.85924307028091], [150.728543648438, -33.85929383138011], [150.72869593173561, -33.85929383138011], [150.72869593173561, -33.85934459247931], [150.7289497372316, -33.85934459247931], [150.7289497372316, -33.859395353578506], [150.7292035427276, -33.859395353578506], [150.7292035427276, -33.85944611467771], [150.7294573482236, -33.85944611467771], [150.7294573482236, -33.859496875776905], [150.7297619148188, -33.859496875776905], [150.7297619148188, -33.85954763687611], [150.72996495921558, -33.85954763687611], [150.72996495921558, -33.859598397975304], [150.7302695258108, -33.859598397975304], [150.7302695258108, -33.85964915907451], [150.73042180910838, -33.85964915907451], [150.73042180910838, -33.859598397975304], [150.73077713680277, -33.859598397975304], [150.73077713680277, -33.85954763687611], [150.73082789790197, -33.85954763687611], [150.73082789790197, -33.859598397975304], [150.7310309422988, -33.859598397975304], [150.7310309422988, -33.85964915907451], [150.73108170339796, -33.85964915907451], [150.73108170339796, -33.8596999201737], [150.73113246449716, -33.8596999201737], [150.73113246449716, -33.8597506812729], [150.73118322559637, -33.8597506812729], [150.73118322559637, -33.8598014423721], [150.73123398669557, -33.8598014423721], [150.73123398669557, -33.8598522034713], [150.73138626999318, -33.8598522034713], [150.73138626999318, -33.8598014423721], [150.73148779219156, -33.8598014423721], [150.73148779219156, -33.8598522034713], [150.73164007548917, -33.8598522034713], [150.73164007548917, -33.8599029645705], [150.73184311988598, -33.8599029645705], [150.73184311988598, -33.8599537256697], [150.73199540318356, -33.8599537256697], [150.73199540318356, -33.8600044867689], [150.73224920867955, -33.8600044867689], [150.73224920867955, -33.8600552478681], [150.73250301417556, -33.8600552478681], [150.73250301417556, -33.8601060089673], [150.73280758077075, -33.8601060089673], [150.73280758077075, -33.860156770066496], [150.73316290846515, -33.860156770066496], [150.73316290846515, -33.8602075311657], [150.73356899725874, -33.8602075311657], [150.73356899725874, -33.860258292264895], [150.73392432495314, -33.860258292264895], [150.73392432495314, -33.8603090533641], [150.73433041374673, -33.8603090533641], [150.73433041374673, -33.860359814463294], [150.73453345814352, -33.860359814463294], [150.73453345814352, -33.8604105755625], [150.73478726363953, -33.8604105755625], [150.73478726363953, -33.86046133666169], [150.73509183023472, -33.86046133666169], [150.73509183023472, -33.860512097760896], [150.73549791902832, -33.860512097760896], [150.73549791902832, -33.86056285886009], [150.7358532467227, -33.86056285886009], [150.7358532467227, -33.86061361995929], [150.7362593355163, -33.86061361995929], [150.7362593355163, -33.86066438105849], [150.7366146632107, -33.86066438105849], [150.7366146632107, -33.86071514215769], [150.7368684687067, -33.86071514215769], [150.7368684687067, -33.86076590325689], [150.7371222742027, -33.86076590325689], [150.7371222742027, -33.860816664356086], [150.7373253185995, -33.860816664356086], [150.7373253185995, -33.86086742545529], [150.7375791240955, -33.86086742545529], [150.7375791240955, -33.860918186554485], [150.7378329295915, -33.860918186554485], [150.7378329295915, -33.86096894765369], [150.73798521288907, -33.86096894765369], [150.73798521288907, -33.861019708752885], [150.73813749618668, -33.861019708752885], [150.73813749618668, -33.86107046985209], [150.7382897794843, -33.86107046985209], [150.7382897794843, -33.861121230951284], [150.73844206278187, -33.861121230951284], [150.73844206278187, -33.86117199205049], [150.73859434607948, -33.86117199205049], [150.73859434607948, -33.86122275314968], [150.73879739047626, -33.86122275314968], [150.73879739047626, -33.861273514248886], [150.73889891267467, -33.861273514248886], [150.73889891267467, -33.86132427534808], [150.73910195707148, -33.86132427534808], [150.73910195707148, -33.86137503644728], [150.73920347926986, -33.86137503644728], [150.73920347926986, -33.86142579754648], [150.73940652366667, -33.86142579754648], [150.73940652366667, -33.86147655864568], [150.73950804586505, -33.86147655864568], [150.73950804586505, -33.86152731974488], [150.73966032916266, -33.86152731974488], [150.73966032916266, -33.861578080844076], [150.73981261246027, -33.861578080844076], [150.73981261246027, -33.86162884194328], [150.73996489575785, -33.86162884194328], [150.73996489575785, -33.861679603042475], [150.74011717905546, -33.861679603042475], [150.74011717905546, -33.86173036414168], [150.74026946235304, -33.86173036414168], [150.74026946235304, -33.861781125240874], [150.74032022345224, -33.861781125240874], [150.74032022345224, -33.86183188634008], [150.74037098455145, -33.86183188634008], [150.74037098455145, -33.86188264743927], [150.74042174565065, -33.86188264743927], [150.74042174565065, -33.861933408538476], [150.74052326784906, -33.861933408538476], [150.74052326784906, -33.86198416963767], [150.74057402894826, -33.86198416963767], [150.74057402894826, -33.862034930736876], [150.74062479004746, -33.862034930736876], [150.74062479004746, -33.86208569183607], [150.74067555114664, -33.86208569183607], [150.74067555114664, -33.862136452935275], [150.74072631224584, -33.862136452935275], [150.74072631224584, -33.86218721403447], [150.74077707334504, -33.86218721403447], [150.74077707334504, -33.86223797513367], [150.74082783444425, -33.86223797513367], [150.74082783444425, -33.862339497332066], [150.74087859554345, -33.862339497332066], [150.74087859554345, -33.86239025843127], [150.74092935664265, -33.86239025843127], [150.74092935664265, -33.86249178062967], [150.74098011774186, -33.86249178062967], [150.74098011774186, -33.862542541728864], [150.74108163994023, -33.862542541728864], [150.74108163994023, -33.86249178062967], [150.74113240103944, -33.86249178062967], [150.74113240103944, -33.862441019530465], [150.74123392323784, -33.862441019530465], [150.74123392323784, -33.86239025843127], [150.74128468433705, -33.86239025843127], [150.74128468433705, -33.862339497332066], [150.74138620653545, -33.862339497332066], [150.74138620653545, -33.86228873623287], [150.74143696763463, -33.86228873623287], [150.74143696763463, -33.86223797513367], [150.74153848983303, -33.86223797513367], [150.74153848983303, -33.86218721403447], [150.74158925093224, -33.86218721403447], [150.74158925093224, -33.862136452935275], [150.74169077313064, -33.862136452935275], [150.74169077313064, -33.86208569183607], [150.74174153422985, -33.86208569183607], [150.74174153422985, -33.862034930736876], [150.74179229532902, -33.862034930736876], [150.74179229532902, -33.86198416963767], [150.74184305642822, -33.86198416963767], [150.74184305642822, -33.861933408538476], [150.74199533972583, -33.861933408538476], [150.74199533972583, -33.86188264743927], [150.74204610082504, -33.86188264743927], [150.74204610082504, -33.86183188634008], [150.74209686192424, -33.86183188634008], [150.74209686192424, -33.861781125240874], [150.74214762302344, -33.861781125240874], [150.74214762302344, -33.86173036414168], [150.74219838412262, -33.86173036414168], [150.74219838412262, -33.861679603042475], [150.74229990632102, -33.861679603042475], [150.74229990632102, -33.86162884194328], [150.74240142851943, -33.86162884194328], [150.74240142851943, -33.861578080844076], [150.74245218961863, -33.861578080844076], [150.74245218961863, -33.86152731974488], [150.74250295071784, -33.86152731974488], [150.74250295071784, -33.86147655864568], [150.74255371181704, -33.86147655864568], [150.74255371181704, -33.86142579754648], [150.74280751731303, -33.86142579754648], [150.74280751731303, -33.86147655864568], [150.74275675621382, -33.86147655864568], [150.74275675621382, -33.86152731974488], [150.74270599511462, -33.86152731974488], [150.74270599511462, -33.861578080844076], [150.74265523401542, -33.861578080844076], [150.74265523401542, -33.86162884194328], [150.7426044729162, -33.86162884194328], [150.7426044729162, -33.861679603042475], [150.74255371181704, -33.861679603042475], [150.74255371181704, -33.86173036414168], [150.74245218961863, -33.86173036414168], [150.74245218961863, -33.861781125240874], [150.74240142851943, -33.861781125240874], [150.74240142851943, -33.86183188634008], [150.74229990632102, -33.86183188634008], [150.74229990632102, -33.86188264743927], [150.74224914522182, -33.86188264743927], [150.74224914522182, -33.861933408538476], [150.74219838412262, -33.861933408538476], [150.74219838412262, -33.86198416963767], [150.74209686192424, -33.86198416963767], [150.74209686192424, -33.862034930736876], [150.74199533972583, -33.862034930736876], [150.74199533972583, -33.86208569183607], [150.74194457862663, -33.86208569183607], [150.74194457862663, -33.862136452935275], [150.74189381752743, -33.862136452935275], [150.74189381752743, -33.86218721403447], [150.74184305642822, -33.86218721403447], [150.74184305642822, -33.86223797513367], [150.74174153422985, -33.86223797513367], [150.74174153422985, -33.86228873623287], [150.74164001203144, -33.86228873623287], [150.74164001203144, -33.862339497332066], [150.74158925093224, -33.862339497332066], [150.74158925093224, -33.86239025843127], [150.74153848983303, -33.86239025843127], [150.74153848983303, -33.862441019530465], [150.74148772873383, -33.862441019530465], [150.74148772873383, -33.86249178062967], [150.74138620653545, -33.86249178062967], [150.74138620653545, -33.862542541728864], [150.74133544543625, -33.862542541728864], [150.74133544543625, -33.86259330282807], [150.74123392323784, -33.86259330282807], [150.74123392323784, -33.86264406392726], [150.74118316213864, -33.86264406392726], [150.74118316213864, -33.862694825026466], [150.74113240103944, -33.862694825026466], [150.74113240103944, -33.862796347224865], [150.74118316213864, -33.862796347224865], [150.74118316213864, -33.862897869423264], [150.74123392323784, -33.862897869423264], [150.74123392323784, -33.862999391621656], [150.74128468433705, -33.862999391621656], [150.74128468433705, -33.863100913820055], [150.74133544543625, -33.863100913820055], [150.74133544543625, -33.86315167491926], [150.74138620653545, -33.86315167491926], [150.74138620653545, -33.86325319711766], [150.74143696763463, -33.86325319711766], [150.74143696763463, -33.86335471931606], [150.74148772873383, -33.86335471931606], [150.74148772873383, -33.863456241514456], [150.74153848983303, -33.863456241514456], [150.74153848983303, -33.86350700261365], [150.74158925093224, -33.86350700261365], [150.74158925093224, -33.86360852481205], [150.74164001203144, -33.86360852481205], [150.74164001203144, -33.863659285911254], [150.74169077313064, -33.863659285911254], [150.74169077313064, -33.86376080810965], [150.74174153422985, -33.86376080810965], [150.74174153422985, -33.863862330308045], [150.74179229532902, -33.863862330308045], [150.74179229532902, -33.863963852506444], [150.74184305642822, -33.863963852506444], [150.74184305642822, -33.86406537470484], [150.74189381752743, -33.86406537470484], [150.74189381752743, -33.86416689690324], [150.74194457862663, -33.86416689690324], [150.74194457862663, -33.86426841910164], [150.74199533972583, -33.86426841910164], [150.74199533972583, -33.86436994130004], [150.74204610082504, -33.86436994130004], [150.74204610082504, -33.864420702399244], [150.74209686192424, -33.864420702399244], [150.74209686192424, -33.86457298569684], [150.74214762302344, -33.86457298569684], [150.74214762302344, -33.86467450789524], [150.74219838412262, -33.86467450789524], [150.74219838412262, -33.86477603009364], [150.74224914522182, -33.86477603009364], [150.74224914522182, -33.864877552292036], [150.74229990632102, -33.864877552292036], [150.74229990632102, -33.864979074490435], [150.74235066742023, -33.864979074490435], [150.74235066742023, -33.865080596688834], [150.74240142851943, -33.865080596688834], [150.74240142851943, -33.86518211888723], [150.74245218961863, -33.86518211888723], [150.74245218961863, -33.86528364108563], [150.74250295071784, -33.86528364108563], [150.74250295071784, -33.86543592438323], [150.74255371181704, -33.86543592438323], [150.74255371181704, -33.86558820768082], [150.7426044729162, -33.86558820768082], [150.7426044729162, -33.865740490978425], [150.74265523401542, -33.865740490978425], [150.74265523401542, -33.86579125207762], [150.74270599511462, -33.86579125207762], [150.74270599511462, -33.86589277427602], [150.74275675621382, -33.86589277427602], [150.74275675621382, -33.86604505757362], [150.74280751731303, -33.86604505757362], [150.74280751731303, -33.86619734087122], [150.74285827841223, -33.86619734087122], [150.74285827841223, -33.86634962416881], [150.74290903951143, -33.86634962416881], [150.74290903951143, -33.866501907466414], [150.7429598006106, -33.866501907466414], [150.7429598006106, -33.86660342966481], [150.7430105617098, -33.86660342966481], [150.7430105617098, -33.86680647406161], [150.743061322809, -33.86680647406161], [150.743061322809, -33.86690799626001], [150.74311208390822, -33.86690799626001], [150.74311208390822, -33.8671110406568], [150.74316284500742, -33.8671110406568], [150.74316284500742, -33.8672125628552], [150.74321360610662, -33.8672125628552], [150.74321360610662, -33.8673648461528], [150.74326436720582, -33.8673648461528], [150.74326436720582, -33.8674663683512], [150.74331512830503, -33.8674663683512], [150.74331512830503, -33.8676186516488], [150.7433658894042, -33.8676186516488], [150.7433658894042, -33.8677201738472], [150.7434166505034, -33.8677201738472], [150.7434166505034, -33.8678724571448], [150.7434674116026, -33.8678724571448], [150.7434674116026, -33.868024740442394], [150.7435181727018, -33.868024740442394], [150.7435181727018, -33.86817702373999], [150.74356893380101, -33.86817702373999], [150.74356893380101, -33.86827854593839], [150.74361969490022, -33.86827854593839], [150.74361969490022, -33.86843082923599], [150.74367045599942, -33.86843082923599], [150.74367045599942, -33.868583112533585], [150.7437212170986, -33.868583112533585], [150.7437212170986, -33.868684634731984], [150.7437719781978, -33.868684634731984], [150.7437719781978, -33.86883691802958], [150.743822739297, -33.86883691802958], [150.743822739297, -33.86898920132718], [150.7438735003962, -33.86898920132718], [150.7438735003962, -33.86909072352558], [150.7439242614954, -33.86909072352558], [150.7439242614954, -33.869243006823176], [150.7439750225946, -33.869243006823176], [150.7439750225946, -33.86959833451757], [150.74402578369381, -33.86959833451757], [150.74402578369381, -33.87046127320396], [150.7439750225946, -33.87046127320396], [150.7439750225946, -33.870765839799155], [150.7439242614954, -33.870765839799155], [150.7439242614954, -33.87127345079115], [150.7438735003962, -33.87127345079115], [150.7438735003962, -33.87157801738635], [150.743822739297, -33.87157801738635], [150.743822739297, -33.871882583981545], [150.7437719781978, -33.871882583981545], [150.7437719781978, -33.87193334508074], [150.7437212170986, -33.87193334508074], [150.7437212170986, -33.871984106179944], [150.74361969490022, -33.871984106179944], [150.74361969490022, -33.87203486727914], [150.74280751731303, -33.87203486727914], [150.74280751731303, -33.871984106179944], [150.74057402894826, -33.871984106179944], [150.74057402894826, -33.87203486727914], [150.74047250674985, -33.87203486727914], [150.74047250674985, -33.871984106179944], [150.74032022345224, -33.871984106179944], [150.74032022345224, -33.87193334508074], [150.74011717905546, -33.87193334508074], [150.74011717905546, -33.871882583981545], [150.73986337355947, -33.871882583981545], [150.73986337355947, -33.87183182288234], [150.73889891267467, -33.87183182288234], [150.73889891267467, -33.871781061783146], [150.73854358498028, -33.871781061783146], [150.73854358498028, -33.87183182288234], [150.73849282388107, -33.87183182288234], [150.73849282388107, -33.871882583981545], [150.73844206278187, -33.871882583981545], [150.73844206278187, -33.87193334508074], [150.7382897794843, -33.87193334508074], [150.7382897794843, -33.871882583981545], [150.73773140739308, -33.871882583981545], [150.73773140739308, -33.87183182288234], [150.73727455750029, -33.87183182288234], [150.73727455750029, -33.871781061783146], [150.7369192298059, -33.871781061783146], [150.7369192298059, -33.87183182288234], [150.7365131410123, -33.87183182288234], [150.7365131410123, -33.871781061783146], [150.7358532467227, -33.871781061783146], [150.7358532467227, -33.87173030068394], [150.73554868012752, -33.87173030068394], [150.73554868012752, -33.871781061783146], [150.73549791902832, -33.871781061783146], [150.73549791902832, -33.87183182288234], [150.73554868012752, -33.87183182288234], [150.73554868012752, -33.871882583981545], [150.73595476892112, -33.871882583981545], [150.73595476892112, -33.87193334508074], [150.73636085771471, -33.87193334508074], [150.73636085771471, -33.871984106179944], [150.7367161854091, -33.871984106179944], [150.7367161854091, -33.87203486727914], [150.7369192298059, -33.87203486727914], [150.7369192298059, -33.872085628378336], [150.7373253185995, -33.872085628378336], [150.7373253185995, -33.87213638947754], [150.73773140739308, -33.87213638947754], [150.73773140739308, -33.872187150576735], [150.73813749618668, -33.872187150576735], [150.73813749618668, -33.87223791167594], [150.73849282388107, -33.87223791167594], [150.73849282388107, -33.872288672775134], [150.73884815157547, -33.872288672775134], [150.73884815157547, -33.87233943387434], [150.73900043487308, -33.87233943387434], [150.73900043487308, -33.87239019497353], [150.73930500146827, -33.87239019497353], [150.73930500146827, -33.87244095607274], [150.73950804586505, -33.87244095607274], [150.73950804586505, -33.87249171717193], [150.73981261246027, -33.87249171717193], [150.73981261246027, -33.872542478271136], [150.74016794015466, -33.872542478271136], [150.74016794015466, -33.87259323937033], [150.74062479004746, -33.87259323937033], [150.74062479004746, -33.872644000469535], [150.74098011774186, -33.872644000469535], [150.74098011774186, -33.87269476156873], [150.74133544543625, -33.87269476156873], [150.74133544543625, -33.872745522667934], [150.74164001203144, -33.872745522667934], [150.74164001203144, -33.87279628376713], [150.74189381752743, -33.87279628376713], [150.74189381752743, -33.872847044866326], [150.74214762302344, -33.872847044866326], [150.74214762302344, -33.87289780596553], [150.74255371181704, -33.87289780596553], [150.74255371181704, -33.872948567064725], [150.74285827841223, -33.872948567064725], [150.74285827841223, -33.87299932816393], [150.74331512830503, -33.87299932816393], [150.74331512830503, -33.873050089263124], [150.74361969490022, -33.873050089263124], [150.74361969490022, -33.87310085036233], [150.74402578369381, -33.87310085036233], [150.74402578369381, -33.87315161146152], [150.7442795891898, -33.87315161146152], [150.7442795891898, -33.873202372560726], [150.7450410056778, -33.873202372560726], [150.7450410056778, -33.87325313365992], [150.74539633337218, -33.87325313365992], [150.74539633337218, -33.873303894759125], [150.74575166106658, -33.873303894759125], [150.74575166106658, -33.87335465585832], [150.74610698876097, -33.87335465585832], [150.74610698876097, -33.873405416957524], [150.74651307755457, -33.873405416957524], [150.74651307755457, -33.87345617805672], [150.74681764414976, -33.87345617805672], [150.74681764414976, -33.873506939155924], [150.74722373294335, -33.873506939155924], [150.74722373294335, -33.87355770025512], [150.74752829953854, -33.87355770025512], [150.74752829953854, -33.87360846135432], [150.74798514943134, -33.87360846135432], [150.74798514943134, -33.87365922245352], [150.74834047712574, -33.87365922245352], [150.74834047712574, -33.873709983552715], [150.74874656591933, -33.873709983552715], [150.74874656591933, -33.87376074465192], [150.74910189361373, -33.87376074465192], [150.74910189361373, -33.873811505751114], [150.74955874350653, -33.873811505751114], [150.74955874350653, -33.87386226685032], [150.74986331010172, -33.87386226685032], [150.74986331010172, -33.87391302794951], [150.75032015999452, -33.87391302794951], [150.75032015999452, -33.873963789048716], [150.7506754876889, -33.873963789048716], [150.7506754876889, -33.87401455014791], [150.7510308153833, -33.87401455014791], [150.7510308153833, -33.87391302794951], [150.7510815764825, -33.87391302794951], [150.7510815764825, -33.87386226685032], [150.75128462087932, -33.87386226685032], [150.75128462087932, -33.873963789048716], [150.7511830986809, -33.873963789048716], [150.7511830986809, -33.87401455014791], [150.75133538197852, -33.87401455014791], [150.75133538197852, -33.873963789048716], [150.7513861430777, -33.873963789048716], [150.7513861430777, -33.87386226685032], [150.7514369041769, -33.87386226685032], [150.7514369041769, -33.87391302794951], [150.7514876652761, -33.87391302794951], [150.7514876652761, -33.874065311247115], [150.7515891874745, -33.874065311247115], [150.7515891874745, -33.87391302794951], [150.7516907096729, -33.87391302794951], [150.7516907096729, -33.873963789048716], [150.7517414707721, -33.873963789048716], [150.7517414707721, -33.87391302794951], [150.75214755956569, -33.87391302794951], [150.75214755956569, -33.87401455014791], [150.7521983206649, -33.87401455014791], [150.7521983206649, -33.874065311247115], [150.7522490817641, -33.874065311247115], [150.7522490817641, -33.873963789048716], [150.7522998428633, -33.873963789048716], [150.7522998428633, -33.87391302794951], [150.75250288726008, -33.87391302794951], [150.75250288726008, -33.873963789048716], [150.75255364835928, -33.873963789048716], [150.75255364835928, -33.87401455014791], [150.75260440945848, -33.87401455014791], [150.75260440945848, -33.873963789048716], [150.7526551705577, -33.873963789048716], [150.7526551705577, -33.87391302794951], [150.7527566927561, -33.87391302794951], [150.7527566927561, -33.873963789048716], [150.75306125935128, -33.873963789048716], [150.75306125935128, -33.874166833445514], [150.7531120204505, -33.874166833445514], [150.7531120204505, -33.87411607234631], [150.7531627815497, -33.87411607234631], [150.7531627815497, -33.87401455014791], [150.75326430374807, -33.87401455014791], [150.75326430374807, -33.87411607234631], [150.75336582594647, -33.87411607234631], [150.75336582594647, -33.87401455014791], [150.75346734814488, -33.87401455014791], [150.75346734814488, -33.87426835564391], [150.7535688703433, -33.87426835564391], [150.7535688703433, -33.87401455014791], [150.75367039254166, -33.87401455014791], [150.75367039254166, -33.874065311247115], [150.75387343693848, -33.874065311247115], [150.75387343693848, -33.87411607234631], [150.75392419803768, -33.87411607234631], [150.75392419803768, -33.874065311247115], [150.75412724243446, -33.874065311247115], [150.75412724243446, -33.87411607234631], [150.75417800353367, -33.87411607234631], [150.75417800353367, -33.87436987784231], [150.75443180902965, -33.87436987784231], [150.75443180902965, -33.87442063894151], [150.75499018112086, -33.87442063894151], [150.75499018112086, -33.87436987784231], [150.75504094222006, -33.87436987784231], [150.75504094222006, -33.87411607234631], [150.75509170331927, -33.87411607234631], [150.75509170331927, -33.873963789048716], [150.75504094222006, -33.873963789048716], [150.75504094222006, -33.87386226685032], [150.75483789782325, -33.87386226685032], [150.75483789782325, -33.873811505751114], [150.75478713672408, -33.873811505751114], [150.75478713672408, -33.87386226685032], [150.75468561452567, -33.87386226685032], [150.75468561452567, -33.873811505751114], [150.75448257012886, -33.873811505751114], [150.75448257012886, -33.87386226685032], [150.75438104793048, -33.87386226685032], [150.75438104793048, -33.873811505751114], [150.75417800353367, -33.873811505751114], [150.75417800353367, -33.87376074465192], [150.75377191474007, -33.87376074465192], [150.75377191474007, -33.873709983552715], [150.75331506484727, -33.873709983552715], [150.75331506484727, -33.87365922245352], [150.75295973715288, -33.87365922245352], [150.75295973715288, -33.87360846135432], [150.7524521261609, -33.87360846135432], [150.7524521261609, -33.87355770025512], [150.7521983206649, -33.87355770025512], [150.7521983206649, -33.873506939155924], [150.7519952762681, -33.873506939155924], [150.7519952762681, -33.87345617805672], [150.7517922318713, -33.87345617805672], [150.7517922318713, -33.873405416957524], [150.7515384263753, -33.873405416957524], [150.7515384263753, -33.87335465585832], [150.75128462087932, -33.87335465585832], [150.75128462087932, -33.873303894759125], [150.7511830986809, -33.873303894759125], [150.7511830986809, -33.87325313365992], [150.7511323375817, -33.87325313365992], [150.7511323375817, -33.87315161146152], [150.7509800542841, -33.87315161146152], [150.7509800542841, -33.87310085036233], [150.75052320439133, -33.87310085036233], [150.75052320439133, -33.873050089263124], [150.75032015999452, -33.873050089263124], [150.75032015999452, -33.87310085036233], [150.75011711559773, -33.87310085036233], [150.75011711559773, -33.87315161146152], [150.74991407120092, -33.87315161146152], [150.74991407120092, -33.87310085036233], [150.74960950460573, -33.87310085036233], [150.74960950460573, -33.873050089263124], [150.74940646020895, -33.873050089263124], [150.74940646020895, -33.87299932816393], [150.74915265471293, -33.87299932816393], [150.74915265471293, -33.872948567064725], [150.74889884921694, -33.872948567064725], [150.74889884921694, -33.87289780596553], [150.74864504372096, -33.87289780596553], [150.74864504372096, -33.872847044866326], [150.74834047712574, -33.872847044866326], [150.74834047712574, -33.87279628376713], [150.74798514943134, -33.87279628376713], [150.74798514943134, -33.872745522667934], [150.74778210503456, -33.872745522667934], [150.74778210503456, -33.87269476156873], [150.74752829953854, -33.87269476156873], [150.74752829953854, -33.872644000469535], [150.74727449404256, -33.872644000469535], [150.74727449404256, -33.87259323937033], [150.74691916634816, -33.87259323937033], [150.74691916634816, -33.872542478271136], [150.74666536085218, -33.872542478271136], [150.74666536085218, -33.87249171717193], [150.746360794257, -33.87249171717193], [150.746360794257, -33.87244095607274], [150.74610698876097, -33.87244095607274], [150.74610698876097, -33.87239019497353], [150.74575166106658, -33.87239019497353], [150.74575166106658, -33.87233943387434], [150.7454978555706, -33.87233943387434], [150.7454978555706, -33.872288672775134], [150.7451425278762, -33.872288672775134], [150.7451425278762, -33.87223791167594], [150.7449902445786, -33.87223791167594], [150.7449902445786, -33.872187150576735], [150.74493948347938, -33.872187150576735], [150.74493948347938, -33.871781061783146], [150.7449902445786, -33.871781061783146], [150.7449902445786, -33.871425734088746], [150.7450410056778, -33.871425734088746], [150.7450410056778, -33.871121167493556], [150.745091766777, -33.871121167493556], [150.745091766777, -33.87091812309676], [150.7451425278762, -33.87091812309676], [150.7451425278762, -33.87046127320396], [150.7451932889754, -33.87046127320396], [150.7451932889754, -33.87025822880717], [150.7451425278762, -33.87025822880717], [150.7451425278762, -33.869344529021575], [150.745091766777, -33.869344529021575], [150.745091766777, -33.86888767912878], [150.7450410056778, -33.86888767912878], [150.7450410056778, -33.868583112533585], [150.7449902445786, -33.868583112533585], [150.7449902445786, -33.86827854593839], [150.74493948347938, -33.86827854593839], [150.74493948347938, -33.867923218243995], [150.74488872238018, -33.867923218243995], [150.74488872238018, -33.867669412748], [150.744837961281, -33.867669412748], [150.744837961281, -33.8673648461528], [150.7447872001818, -33.8673648461528], [150.7447872001818, -33.8672125628552], [150.7447364390826, -33.8672125628552], [150.7447364390826, -33.867060279557606], [150.7446856779834, -33.867060279557606], [150.7446856779834, -33.86690799626001], [150.7446349168842, -33.86690799626001], [150.7446349168842, -33.86675571296241], [150.744584155785, -33.86675571296241], [150.744584155785, -33.86655266856561], [150.7445333946858, -33.86655266856561], [150.7445333946858, -33.866400385268015], [150.74448263358659, -33.866400385268015], [150.74448263358659, -33.86624810197042], [150.7444318724874, -33.86624810197042], [150.7444318724874, -33.86609581867282], [150.7443811113882, -33.86609581867282], [150.7443811113882, -33.86604505757362], [150.7439750225946, -33.86604505757362], [150.7439750225946, -33.86599429647442], [150.7443811113882, -33.86599429647442], [150.7443811113882, -33.86589277427602], [150.744330350289, -33.86589277427602], [150.744330350289, -33.865740490978425], [150.7442795891898, -33.865740490978425], [150.7442795891898, -33.86553744658163], [150.7442288280906, -33.86553744658163], [150.7442288280906, -33.86533440218483], [150.7441780669914, -33.86533440218483], [150.7441780669914, -33.86518211888723], [150.7442288280906, -33.86518211888723], [150.7442288280906, -33.86513135778803], [150.7441780669914, -33.86513135778803], [150.7441780669914, -33.86467450789524], [150.7441273058922, -33.86467450789524], [150.7441273058922, -33.86381156920885], [150.74407654479302, -33.86381156920885], [150.74407654479302, -33.863659285911254], [150.7441273058922, -33.863659285911254], [150.7441273058922, -33.863100913820055], [150.7441780669914, -33.863100913820055], [150.7441780669914, -33.86294863052246], [150.7442288280906, -33.86294863052246], [150.7442288280906, -33.86284710832406], [150.7442795891898, -33.86284710832406], [150.7442795891898, -33.862796347224865], [150.744330350289, -33.862796347224865], [150.744330350289, -33.86274558612566], [150.7443811113882, -33.86274558612566], [150.7443811113882, -33.86264406392726], [150.7444318724874, -33.86264406392726], [150.7444318724874, -33.862542541728864], [150.74448263358659, -33.862542541728864], [150.74448263358659, -33.86249178062967], [150.7445333946858, -33.86249178062967], [150.7445333946858, -33.862441019530465], [150.744584155785, -33.862441019530465], [150.744584155785, -33.86239025843127], [150.7446349168842, -33.86239025843127], [150.7446349168842, -33.862339497332066], [150.7446856779834, -33.862339497332066], [150.7446856779834, -33.86228873623287], [150.7447364390826, -33.86228873623287], [150.7447364390826, -33.86223797513367], [150.7447872001818, -33.86223797513367], [150.7447872001818, -33.86218721403447], [150.74488872238018, -33.86218721403447], [150.74488872238018, -33.862136452935275], [150.74493948347938, -33.862136452935275], [150.74493948347938, -33.86208569183607], [150.7449902445786, -33.86208569183607], [150.7449902445786, -33.862034930736876], [150.7450410056778, -33.862034930736876], [150.7450410056778, -33.86198416963767], [150.745091766777, -33.86198416963767], [150.745091766777, -33.861933408538476], [150.7451932889754, -33.861933408538476], [150.7451932889754, -33.86188264743927], [150.74524405007458, -33.86188264743927], [150.74524405007458, -33.86183188634008], [150.74534557227298, -33.86183188634008], [150.74534557227298, -33.861781125240874], [150.74539633337218, -33.861781125240874], [150.74539633337218, -33.86173036414168], [150.7454470944714, -33.86173036414168], [150.7454470944714, -33.861679603042475], [150.7455486166698, -33.861679603042475], [150.7455486166698, -33.86162884194328], [150.74565013886817, -33.86162884194328], [150.74565013886817, -33.861578080844076], [150.74575166106658, -33.861578080844076], [150.74575166106658, -33.86152731974488], [150.74580242216578, -33.86152731974488], [150.74580242216578, -33.86147655864568], [150.7459039443642, -33.86147655864568], [150.7459039443642, -33.86142579754648], [150.7459547054634, -33.86142579754648], [150.7459547054634, -33.86137503644728], [150.74610698876097, -33.86137503644728], [150.74610698876097, -33.86132427534808], [150.746360794257, -33.86132427534808], [150.746360794257, -33.861273514248886], [150.74651307755457, -33.861273514248886], [150.74651307755457, -33.86122275314968], [150.74666536085218, -33.86122275314968], [150.74666536085218, -33.86117199205049], [150.74676688305055, -33.86117199205049], [150.74676688305055, -33.86107046985209], [150.74681764414976, -33.86107046985209], [150.74681764414976, -33.860816664356086], [150.74686840524896, -33.860816664356086], [150.74686840524896, -33.861121230951284], [150.74727449404256, -33.861121230951284], [150.74727449404256, -33.86107046985209], [150.74742677734017, -33.86107046985209], [150.74742677734017, -33.861019708752885], [150.74762982173695, -33.861019708752885], [150.74762982173695, -33.86096894765369], [150.74778210503456, -33.86096894765369], [150.74778210503456, -33.860918186554485], [150.74834047712574, -33.860918186554485], [150.74834047712574, -33.86086742545529], [150.74859428262175, -33.86086742545529], [150.74859428262175, -33.860816664356086], [150.74889884921694, -33.860816664356086], [150.74889884921694, -33.86076590325689], [150.74910189361373, -33.86076590325689], [150.74910189361373, -33.86071514215769], [150.74976178790334, -33.86071514215769], [150.74976178790334, -33.86066438105849], [150.75001559339933, -33.86066438105849], [150.75001559339933, -33.86061361995929], [150.75011711559773, -33.86061361995929], [150.75011711559773, -33.86066438105849], [150.7502186377961, -33.86066438105849], [150.7502186377961, -33.86071514215769], [150.75032015999452, -33.86071514215769], [150.75032015999452, -33.860816664356086], [150.75047244329213, -33.860816664356086], [150.75047244329213, -33.86086742545529], [150.75057396549053, -33.86086742545529], [150.75057396549053, -33.860918186554485], [150.7506247265897, -33.860918186554485], [150.7506247265897, -33.86096894765369], [150.75087853208572, -33.86096894765369], [150.75087853208572, -33.860918186554485], [150.7516399485737, -33.860918186554485], [150.7516399485737, -33.86086742545529], [150.7517414707721, -33.86086742545529], [150.7517414707721, -33.860816664356086], [150.7518429929705, -33.860816664356086], [150.7518429929705, -33.86076590325689], [150.7518937540697, -33.86076590325689], [150.7518937540697, -33.86071514215769], [150.7519952762681, -33.86071514215769], [150.7519952762681, -33.86066438105849], [150.7520967984665, -33.86066438105849], [150.7520967984665, -33.86061361995929], [150.7522490817641, -33.86061361995929], [150.7522490817641, -33.86056285886009], [150.7523506039625, -33.86056285886009], [150.7523506039625, -33.860512097760896], [150.75214755956569, -33.860512097760896], [150.75214755956569, -33.86046133666169], [150.75250288726008, -33.86046133666169], [150.75250288726008, -33.8604105755625], [150.75255364835928, -33.8604105755625], [150.75255364835928, -33.860359814463294], [150.75250288726008, -33.860359814463294], [150.75250288726008, -33.8603090533641], [150.75326430374807, -33.8603090533641], [150.75326430374807, -33.860359814463294], [150.75351810924408, -33.860359814463294], [150.75351810924408, -33.8603090533641], [150.75397495913688, -33.8603090533641], [150.75397495913688, -33.860359814463294], [150.75458409232726, -33.860359814463294], [150.75458409232726, -33.8603090533641], [150.75636073079923, -33.8603090533641], [150.75636073079923, -33.860359814463294], [150.75646225299764, -33.860359814463294], [150.75646225299764, -33.8604105755625], [150.75651301409684, -33.8604105755625], [150.75651301409684, -33.860359814463294], [150.75712214728722, -33.860359814463294], [150.75712214728722, -33.8603090533641], [150.7574774749816, -33.8603090533641], [150.7574774749816, -33.860359814463294], [150.758340413668, -33.860359814463294], [150.758340413668, -33.8604105755625], [150.7595079189496, -33.8604105755625], [150.7595079189496, -33.86046133666169], [150.7599140077432, -33.86046133666169], [150.7599140077432, -33.860512097760896], [150.76016781323918, -33.860512097760896], [150.76016781323918, -33.86056285886009], [150.7604216187352, -33.86056285886009], [150.7604216187352, -33.86061361995929], [150.76118303522318, -33.86061361995929], [150.76118303522318, -33.86066438105849], [150.76158912401678, -33.86066438105849], [150.76158912401678, -33.86071514215769], [150.76184292951277, -33.86071514215769], [150.76184292951277, -33.86076590325689], [150.76214749610796, -33.86076590325689], [150.76214749610796, -33.860816664356086], [150.76255358490155, -33.860816664356086], [150.76255358490155, -33.86086742545529], [150.76280739039757, -33.86086742545529], [150.76280739039757, -33.860918186554485], [150.76321347919114, -33.860918186554485], [150.76321347919114, -33.86096894765369], [150.76346728468715, -33.86096894765369], [150.76346728468715, -33.861019708752885], [150.76351804578636, -33.861019708752885], [150.76351804578636, -33.86096894765369], [150.76356880688556, -33.86096894765369], [150.76356880688556, -33.861019708752885], [150.76422870117514, -33.861019708752885], [150.76422870117514, -33.86107046985209], [150.76448250667113, -33.86107046985209], [150.76448250667113, -33.861121230951284], [150.76478707326632, -33.861121230951284], [150.76478707326632, -33.86117199205049], [150.76499011766313, -33.86117199205049], [150.76499011766313, -33.86122275314968], [150.7651424009607, -33.86122275314968], [150.7651424009607, -33.861273514248886], [150.76519316205992, -33.861273514248886], [150.76519316205992, -33.86132427534808], [150.76529468425832, -33.86132427534808], [150.76529468425832, -33.86137503644728], [150.76539620645673, -33.86137503644728], [150.76539620645673, -33.86142579754648], [150.76549772865513, -33.86142579754648], [150.76549772865513, -33.86137503644728], [150.7655484897543, -33.86137503644728], [150.7655484897543, -33.86142579754648], [150.7655992508535, -33.86142579754648], [150.7655992508535, -33.86137503644728], [150.76585305634953, -33.86137503644728], [150.76585305634953, -33.86142579754648], [150.7659038174487, -33.86142579754648], [150.7659038174487, -33.86137503644728], [150.7660561007463, -33.86137503644728], [150.7660561007463, -33.86132427534808], [150.76620838404392, -33.86132427534808], [150.76620838404392, -33.86137503644728], [150.76661447283752, -33.86137503644728], [150.76661447283752, -33.86142579754648], [150.7667667561351, -33.86142579754648], [150.7667667561351, -33.86137503644728], [150.7668682783335, -33.86137503644728], [150.7668682783335, -33.86142579754648], [150.7673758893255, -33.86142579754648], [150.7673758893255, -33.86147655864568], [150.7676804559207, -33.86147655864568], [150.7676804559207, -33.86152731974488], [150.7680357836151, -33.86152731974488], [150.7680357836151, -33.86147655864568], [150.7681373058135, -33.86147655864568], [150.7681373058135, -33.86142579754648], [150.76823882801187, -33.86142579754648], [150.76823882801187, -33.86147655864568], [150.76864491680547, -33.86147655864568], [150.76864491680547, -33.86152731974488], [150.7688987223015, -33.86152731974488], [150.7688987223015, -33.861578080844076], [150.76930481109508, -33.861578080844076], [150.76930481109508, -33.86162884194328], [150.76955861659107, -33.86162884194328], [150.76955861659107, -33.861679603042475], [150.76976166098785, -33.861679603042475], [150.76976166098785, -33.86173036414168], [150.76981242208706, -33.86173036414168], [150.76981242208706, -33.861679603042475], [150.76991394428546, -33.861679603042475], [150.76991394428546, -33.86173036414168], [150.77037079417826, -33.86173036414168], [150.77037079417826, -33.861679603042475], [150.77042155527747, -33.861679603042475], [150.77042155527747, -33.86173036414168], [150.77057383857505, -33.86173036414168], [150.77057383857505, -33.861781125240874], [150.77082764407106, -33.861781125240874], [150.77082764407106, -33.86183188634008], [150.77097992736864, -33.86183188634008], [150.77097992736864, -33.86188264743927], [150.77103068846785, -33.86188264743927], [150.77103068846785, -33.861933408538476], [150.77118297176546, -33.861933408538476], [150.77118297176546, -33.86198416963767], [150.77128449396383, -33.86198416963767], [150.77128449396383, -33.862034930736876], [150.77143677726144, -33.862034930736876], [150.77143677726144, -33.86208569183607], [150.77153829945985, -33.86208569183607], [150.77153829945985, -33.862136452935275], [150.77174134385663, -33.862136452935275], [150.77174134385663, -33.86218721403447], [150.77189362715424, -33.86218721403447], [150.77189362715424, -33.86223797513367], [150.77199514935265, -33.86223797513367], [150.77199514935265, -33.86228873623287], [150.77204591045182, -33.86228873623287], [150.77204591045182, -33.86239025843127], [150.77209667155103, -33.86239025843127], [150.77209667155103, -33.862441019530465], [150.77245199924542, -33.862441019530465], [150.77245199924542, -33.86249178062967], [150.77275656584064, -33.86249178062967], [150.77275656584064, -33.862542541728864], [150.77331493793181, -33.862542541728864], [150.77331493793181, -33.86249178062967], [150.7736702656262, -33.86249178062967], [150.7736702656262, -33.862441019530465], [150.774380921015, -33.862441019530465], [150.774380921015, -33.86249178062967], [150.7749392931062, -33.86249178062967], [150.7749392931062, -33.862441019530465], [150.7749900542054, -33.862441019530465], [150.7749900542054, -33.862542541728864], [150.77514233750298, -33.862542541728864], [150.77514233750298, -33.86259330282807], [150.7753453818998, -33.86259330282807], [150.7753453818998, -33.86264406392726], [150.775649948495, -33.86264406392726], [150.775649948495, -33.862694825026466], [150.77590375399097, -33.862694825026466], [150.77590375399097, -33.86274558612566], [150.776157559487, -33.86274558612566], [150.776157559487, -33.862796347224865], [150.77636060388377, -33.862796347224865], [150.77636060388377, -33.86284710832406], [150.77671593157817, -33.86284710832406], [150.77671593157817, -33.862796347224865], [150.77676669267737, -33.862796347224865], [150.77676669267737, -33.86274558612566], [150.77681745377657, -33.86274558612566], [150.77681745377657, -33.86284710832406], [150.77691897597498, -33.86284710832406], [150.77691897597498, -33.862897869423264], [150.77717278147097, -33.862897869423264], [150.77717278147097, -33.86294863052246], [150.77742658696695, -33.86294863052246], [150.77742658696695, -33.862999391621656], [150.77762963136377, -33.862999391621656], [150.77762963136377, -33.86305015272086], [150.77788343685975, -33.86305015272086], [150.77788343685975, -33.863100913820055], [150.77808648125657, -33.863100913820055], [150.77808648125657, -33.86315167491926], [150.77818800345494, -33.86315167491926], [150.77818800345494, -33.863202436018454], [150.77834028675255, -33.863202436018454], [150.77834028675255, -33.86325319711766], [150.77854333114934, -33.86325319711766], [150.77854333114934, -33.863303958216854], [150.77864485334774, -33.863303958216854], [150.77864485334774, -33.86335471931606], [150.77874637554615, -33.86335471931606], [150.77874637554615, -33.86340548041525], [150.77889865884373, -33.86340548041525], [150.77889865884373, -33.863456241514456], [150.77900018104214, -33.863456241514456], [150.77900018104214, -33.86350700261365], [150.77910170324054, -33.86350700261365], [150.77910170324054, -33.863557763712855], [150.77935550873653, -33.863557763712855], [150.77935550873653, -33.86360852481205], [150.77945703093494, -33.86360852481205], [150.77945703093494, -33.863659285911254], [150.77955855313334, -33.863659285911254], [150.77955855313334, -33.86371004701045], [150.77971083643092, -33.86371004701045], [150.77971083643092, -33.86376080810965], [150.77981235862933, -33.86376080810965], [150.77981235862933, -33.86381156920885], [150.77991388082773, -33.86381156920885], [150.77991388082773, -33.863862330308045], [150.78006616412532, -33.863862330308045], [150.78006616412532, -33.86391309140725], [150.78016768632372, -33.86391309140725], [150.78016768632372, -33.863963852506444], [150.78037073072053, -33.863963852506444], [150.78037073072053, -33.86401461360565], [150.7804722529189, -33.86401461360565], [150.7804722529189, -33.86406537470484], [150.78062453621652, -33.86406537470484], [150.78062453621652, -33.864116135804046], [150.78072605841493, -33.864116135804046], [150.78072605841493, -33.86416689690324], [150.7808275806133, -33.86416689690324], [150.7808275806133, -33.864217658002445], [150.7809291028117, -33.864217658002445], [150.7809291028117, -33.86426841910164], [150.7811829083077, -33.86426841910164], [150.7811829083077, -33.864319180200845], [150.7812844305061, -33.864319180200845], [150.7812844305061, -33.86436994130004], [150.7814367138037, -33.86436994130004], [150.7814367138037, -33.864420702399244], [150.78153823600212, -33.864420702399244], [150.78153823600212, -33.86447146349844], [150.7816905192997, -33.86447146349844], [150.7816905192997, -33.86452222459764], [150.7817412803989, -33.86452222459764], [150.7817412803989, -33.86457298569684], [150.7817920414981, -33.86457298569684], [150.7817920414981, -33.86462374679604], [150.7818935636965, -33.86462374679604], [150.7818935636965, -33.86467450789524], [150.7820458469941, -33.86467450789524], [150.7820458469941, -33.864725268994434], [150.7821473691925, -33.864725268994434], [150.7821473691925, -33.86477603009364], [150.7821981302917, -33.86477603009364], [150.7821981302917, -33.86482679119283], [150.7822996524901, -33.86482679119283], [150.7822996524901, -33.864877552292036], [150.7824011746885, -33.864877552292036], [150.7824011746885, -33.86492831339123], [150.7824519357877, -33.86492831339123], [150.7824519357877, -33.864979074490435], [150.7825534579861, -33.864979074490435], [150.7825534579861, -33.86502983558963], [150.7826549801845, -33.86502983558963], [150.7826549801845, -33.865080596688834], [150.78280726348208, -33.865080596688834], [150.78280726348208, -33.86513135778803], [150.7828580245813, -33.86513135778803], [150.7828580245813, -33.86518211888723], [150.7829595467797, -33.86518211888723], [150.7829595467797, -33.86523287998643], [150.7830610689781, -33.86523287998643], [150.7830610689781, -33.86528364108563], [150.78311183007727, -33.86528364108563], [150.78311183007727, -33.86533440218483], [150.78316259117648, -33.86533440218483], [150.78316259117648, -33.86538516328403], [150.78321335227568, -33.86538516328403], [150.78321335227568, -33.86543592438323], [150.7833148744741, -33.86543592438323], [150.7833148744741, -33.86548668548242], [150.7834163966725, -33.86548668548242], [150.7834163966725, -33.86553744658163], [150.7834671577717, -33.86553744658163], [150.7834671577717, -33.86558820768082], [150.78351791887087, -33.86558820768082], [150.78351791887087, -33.865638968780026], [150.78356867997007, -33.865638968780026], [150.78356867997007, -33.86568972987922], [150.78367020216848, -33.86568972987922], [150.78367020216848, -33.865740490978425], [150.78372096326768, -33.865740490978425], [150.78372096326768, -33.86579125207762], [150.7838224854661, -33.86579125207762], [150.7838224854661, -33.865842013176824], [150.78392400766447, -33.865842013176824], [150.78392400766447, -33.86594353537522], [150.78397476876367, -33.86594353537522], [150.78397476876367, -33.86599429647442], [150.78402552986287, -33.86599429647442], [150.78402552986287, -33.86604505757362], [150.78412705206128, -33.86604505757362], [150.78412705206128, -33.86609581867282], [150.78417781316048, -33.86609581867282], [150.78417781316048, -33.86614657977202], [150.78422857425969, -33.86614657977202], [150.78422857425969, -33.86619734087122], [150.78433009645806, -33.86619734087122], [150.78433009645806, -33.86624810197042], [150.78438085755727, -33.86624810197042], [150.78438085755727, -33.866298863069616], [150.78443161865647, -33.866298863069616], [150.78443161865647, -33.86634962416881], [150.78448237975567, -33.86634962416881], [150.78448237975567, -33.866400385268015], [150.78458390195408, -33.866400385268015], [150.78458390195408, -33.86645114636721], [150.78463466305325, -33.86645114636721], [150.78463466305325, -33.866501907466414], [150.78468542415246, -33.866501907466414], [150.78468542415246, -33.86655266856561], [150.78473618525166, -33.86655266856561], [150.78473618525166, -33.86660342966481], [150.78483770745007, -33.86660342966481], [150.78483770745007, -33.86665419076401], [150.78488846854927, -33.86665419076401], [150.78488846854927, -33.86670495186321], [150.78498999074768, -33.86670495186321], [150.78498999074768, -33.86675571296241], [150.78504075184685, -33.86675571296241], [150.78504075184685, -33.86680647406161], [150.78509151294605, -33.86680647406161], [150.78509151294605, -33.86685723516081], [150.78519303514446, -33.86685723516081], [150.78519303514446, -33.86690799626001], [150.78529455734287, -33.86690799626001], [150.78529455734287, -33.86695875735921], [150.78534531844207, -33.86695875735921], [150.78534531844207, -33.86700951845841], [150.78544684064045, -33.86700951845841], [150.78544684064045, -33.867060279557606], [150.78549760173965, -33.867060279557606], [150.78549760173965, -33.8671110406568], [150.78554836283885, -33.8671110406568], [150.78554836283885, -33.867161801756005], [150.78564988503726, -33.867161801756005], [150.78564988503726, -33.8672125628552], [150.78570064613646, -33.8672125628552], [150.78570064613646, -33.867263323954404], [150.78575140723567, -33.867263323954404], [150.78575140723567, -33.8673140850536], [150.78585292943404, -33.8673140850536], [150.78585292943404, -33.8673648461528], [150.78595445163245, -33.8673648461528], [150.78595445163245, -33.867415607252], [150.78600521273165, -33.867415607252], [150.78600521273165, -33.8674663683512], [150.78605597383086, -33.8674663683512], [150.78605597383086, -33.8675171294504], [150.78610673493006, -33.8675171294504], [150.78610673493006, -33.8675678905496], [150.78615749602923, -33.8675678905496], [150.78615749602923, -33.8676186516488], [150.78620825712844, -33.8676186516488], [150.78620825712844, -33.867669412748], [150.78636054042605, -33.867669412748], [150.78636054042605, -33.8676186516488], [150.78656358482283, -33.8676186516488], [150.78656358482283, -33.8675678905496], [150.78661434592203, -33.8675678905496], [150.78661434592203, -33.8676186516488], [150.78666510702124, -33.8676186516488], [150.78666510702124, -33.867669412748], [150.78671586812044, -33.867669412748], [150.78671586812044, -33.8677709349464], [150.78676662921964, -33.8677709349464], [150.78676662921964, -33.867923218243995], [150.78666510702124, -33.867923218243995], [150.78666510702124, -33.86797397934319], [150.78671586812044, -33.86797397934319], [150.78671586812044, -33.868024740442394], [150.78696967361643, -33.868024740442394], [150.78696967361643, -33.86807550154159], [150.78702043471563, -33.86807550154159], [150.78702043471563, -33.86812626264079], [150.78712195691404, -33.86812626264079], [150.78712195691404, -33.86817702373999], [150.78717271801324, -33.86817702373999], [150.78717271801324, -33.86827854593839], [150.78722347911244, -33.86827854593839], [150.78722347911244, -33.86832930703759], [150.78727424021164, -33.86832930703759], [150.78727424021164, -33.86843082923599], [150.78732500131082, -33.86843082923599], [150.78732500131082, -33.868481590335186], [150.78737576241002, -33.868481590335186], [150.78737576241002, -33.868583112533585], [150.78742652350923, -33.868583112533585], [150.78742652350923, -33.86863387363279], [150.78747728460843, -33.86863387363279], [150.78747728460843, -33.868684634731984], [150.78752804570763, -33.868684634731984], [150.78752804570763, -33.86878615693038], [150.78757880680683, -33.86878615693038], [150.78757880680683, -33.86883691802958], [150.78762956790604, -33.86883691802958], [150.78762956790604, -33.86888767912878], [150.78768032900524, -33.86888767912878], [150.78768032900524, -33.86893844022798], [150.78773109010442, -33.86893844022798], [150.78773109010442, -33.86898920132718], [150.78778185120362, -33.86898920132718], [150.78778185120362, -33.86909072352558], [150.78783261230282, -33.86909072352558], [150.78783261230282, -33.86914148462478], [150.78788337340202, -33.86914148462478], [150.78788337340202, -33.86919224572398], [150.78793413450123, -33.86919224572398], [150.78793413450123, -33.869243006823176], [150.78798489560043, -33.869243006823176], [150.78798489560043, -33.86929376792238], [150.78803565669963, -33.86929376792238], [150.78803565669963, -33.869344529021575], [150.7880864177988, -33.869344529021575], [150.7880864177988, -33.869446051219974], [150.788137178898, -33.869446051219974], [150.788137178898, -33.86954757341837], [150.78818793999721, -33.86954757341837], [150.78818793999721, -33.86959833451757], [150.78823870109642, -33.86959833451757], [150.78823870109642, -33.86964909561677], [150.78828946219562, -33.86964909561677], [150.78828946219562, -33.86975061781517], [150.78834022329482, -33.86975061781517], [150.78834022329482, -33.86980137891437], [150.78839098439403, -33.86980137891437], [150.78839098439403, -33.86985214001357], [150.78844174549323, -33.86985214001357], [150.78844174549323, -33.869902901112766], [150.7884925065924, -33.869902901112766], [150.7884925065924, -33.86995366221197], [150.7885432676916, -33.86995366221197], [150.7885432676916, -33.870004423311165], [150.7885940287908, -33.870004423311165], [150.7885940287908, -33.87005518441037], [150.78864478989001, -33.87005518441037], [150.78864478989001, -33.870105945509565], [150.78869555098922, -33.870105945509565], [150.78869555098922, -33.870207467707964], [150.78874631208842, -33.870207467707964], [150.78874631208842, -33.87025822880717], [150.78879707318762, -33.87025822880717], [150.78879707318762, -33.87030898990636], [150.7888478342868, -33.87030898990636], [150.7888478342868, -33.870359751005566], [150.788898595386, -33.870359751005566], [150.788898595386, -33.87046127320396], [150.7889493564852, -33.87046127320396], [150.7889493564852, -33.87051203430316], [150.7890001175844, -33.87051203430316], [150.7890001175844, -33.87061355650156], [150.7890508786836, -33.87061355650156], [150.7890508786836, -33.87071507869996], [150.7891016397828, -33.87071507869996], [150.7891016397828, -33.870765839799155], [150.78915240088202, -33.870765839799155], [150.78915240088202, -33.87081660089836], [150.78920316198122, -33.87081660089836], [150.78920316198122, -33.87091812309676], [150.7892539230804, -33.87091812309676], [150.7892539230804, -33.87096888419595], [150.789406206378, -33.87096888419595], [150.789406206378, -33.871019645295156], [150.7893046841796, -33.871019645295156], [150.7893046841796, -33.87117192859275], [150.789406206378, -33.87117192859275], [150.789406206378, -33.87127345079115], [150.7894569674772, -33.87127345079115], [150.7894569674772, -33.87132421189035], [150.7895077285764, -33.87132421189035], [150.7895077285764, -33.87137497298955], [150.7895584896756, -33.87137497298955], [150.7895584896756, -33.87147649518795], [150.789660011874, -33.87147649518795], [150.789660011874, -33.871527256287145], [150.7897107729732, -33.871527256287145], [150.7897107729732, -33.87157801738635], [150.7897615340724, -33.87157801738635], [150.7897615340724, -33.87167953958475], [150.7898122951716, -33.87167953958475], [150.7898122951716, -33.87173030068394], [150.7898630562708, -33.87173030068394], [150.7898630562708, -33.871781061783146], [150.7900661006676, -33.871781061783146], [150.7900661006676, -33.87183182288234], [150.79001533956838, -33.87183182288234], [150.79001533956838, -33.871984106179944], [150.7900661006676, -33.871984106179944], [150.7900661006676, -33.87203486727914], [150.7901168617668, -33.87203486727914], [150.7901168617668, -33.872085628378336], [150.790167622866, -33.872085628378336], [150.790167622866, -33.872187150576735], [150.7902183839652, -33.872187150576735], [150.7902183839652, -33.87223791167594], [150.7902691450644, -33.87223791167594], [150.7902691450644, -33.872288672775134], [150.7903199061636, -33.872288672775134], [150.7903199061636, -33.87233943387434], [150.79037066726278, -33.87233943387434], [150.79037066726278, -33.87244095607274], [150.79042142836198, -33.87244095607274], [150.79042142836198, -33.872542478271136], [150.79047218946118, -33.872542478271136], [150.79047218946118, -33.87259323937033], [150.7905229505604, -33.87259323937033], [150.7905229505604, -33.872644000469535], [150.7905737116596, -33.872644000469535], [150.7905737116596, -33.87269476156873], [150.79087827825478, -33.87269476156873], [150.79087827825478, -33.872745522667934], [150.790675233858, -33.872745522667934], [150.790675233858, -33.872847044866326], [150.7907259949572, -33.872847044866326], [150.7907259949572, -33.87289780596553], [150.79077675605637, -33.87289780596553], [150.79077675605637, -33.87299932816393], [150.79082751715558, -33.87299932816393], [150.79082751715558, -33.873050089263124], [150.79087827825478, -33.873050089263124], [150.79087827825478, -33.87310085036233], [150.79092903935398, -33.87310085036233], [150.79092903935398, -33.87315161146152], [150.7909798004532, -33.87315161146152], [150.7909798004532, -33.873202372560726], [150.7910305615524, -33.873202372560726], [150.7910305615524, -33.873303894759125], [150.7910813226516, -33.873303894759125], [150.7910813226516, -33.87335465585832], [150.79113208375077, -33.87335465585832], [150.79113208375077, -33.873405416957524], [150.79118284484997, -33.873405416957524], [150.79118284484997, -33.87345617805672], [150.79123360594917, -33.87345617805672], [150.79123360594917, -33.87355770025512], [150.79128436704838, -33.87355770025512], [150.79128436704838, -33.87360846135432], [150.79133512814758, -33.87360846135432], [150.79133512814758, -33.873709983552715], [150.79138588924678, -33.873709983552715], [150.79138588924678, -33.87376074465192], [150.791436650346, -33.87376074465192], [150.791436650346, -33.873811505751114], [150.7914874114452, -33.873811505751114], [150.7914874114452, -33.87386226685032], [150.79153817254436, -33.87386226685032], [150.79153817254436, -33.87391302794951], [150.79158893364357, -33.87391302794951], [150.79158893364357, -33.87401455014791], [150.79163969474277, -33.87401455014791], [150.79163969474277, -33.874065311247115], [150.79169045584197, -33.874065311247115], [150.79169045584197, -33.874166833445514], [150.79174121694118, -33.874166833445514], [150.79174121694118, -33.87421759454471], [150.79179197804038, -33.87421759454471], [150.79179197804038, -33.87426835564391], [150.79184273913958, -33.87426835564391], [150.79184273913958, -33.87431911674311], [150.79189350023876, -33.87431911674311], [150.79189350023876, -33.87436987784231], [150.79194426133796, -33.87436987784231], [150.79194426133796, -33.87447140004071], [150.79199502243716, -33.87447140004071], [150.79199502243716, -33.87452216113991], [150.79204578353637, -33.87452216113991], [150.79204578353637, -33.8745729222391], [150.79209654463557, -33.8745729222391], [150.79209654463557, -33.87462368333831], [150.79214730573477, -33.87462368333831], [150.79214730573477, -33.8746744444375], [150.79219806683398, -33.8746744444375], [150.79219806683398, -33.874725205536706], [150.79224882793318, -33.874725205536706], [150.79224882793318, -33.874826727735105], [150.79229958903235, -33.874826727735105], [150.79229958903235, -33.8748774888343], [150.79235035013156, -33.8748774888343], [150.79235035013156, -33.874928249933504], [150.79240111123076, -33.874928249933504], [150.79240111123076, -33.8750297721319], [150.79250263342917, -33.8750297721319], [150.79250263342917, -33.8750805332311], [150.79255339452837, -33.8750805332311], [150.79255339452837, -33.8751312943303], [150.79265491672675, -33.8751312943303], [150.79265491672675, -33.8751820554295], [150.79301024442117, -33.8751820554295], [150.79301024442117, -33.8752328165287], [150.79275643892515, -33.8752328165287], [150.79275643892515, -33.8752835776279], [150.79280720002436, -33.8752835776279], [150.79280720002436, -33.87533433872709], [150.79285796112356, -33.87533433872709], [150.79285796112356, -33.875385099826296], [150.79290872222276, -33.875385099826296], [150.79290872222276, -33.87543586092549], [150.79295948332197, -33.87543586092549], [150.79295948332197, -33.875486622024695], [150.79306100552034, -33.875486622024695], [150.79306100552034, -33.87553738312389], [150.79316252771875, -33.87553738312389], [150.79316252771875, -33.875588144223094], [150.79321328881795, -33.875588144223094], [150.79321328881795, -33.87563890532229], [150.79326404991716, -33.87563890532229], [150.79326404991716, -33.87568966642149], [150.79331481101636, -33.87568966642149], [150.79331481101636, -33.87574042752069], [150.79336557211556, -33.87574042752069], [150.79336557211556, -33.87579118861989], [150.79341633321476, -33.87579118861989], [150.79341633321476, -33.87584194971909], [150.79346709431394, -33.87584194971909], [150.79346709431394, -33.87589271081829], [150.79351785541314, -33.87589271081829], [150.79351785541314, -33.87594347191749], [150.79367013871075, -33.87594347191749], [150.79367013871075, -33.87604499411589], [150.79372089980995, -33.87604499411589], [150.79372089980995, -33.87609575521509], [150.79377166090916, -33.87609575521509], [150.79377166090916, -33.876146516314286], [150.79382242200833, -33.876146516314286], [150.79382242200833, -33.87619727741348], [150.79387318310754, -33.87619727741348], [150.79387318310754, -33.876248038512685], [150.79397470530594, -33.876248038512685], [150.79397470530594, -33.87629879961188], [150.79402546640515, -33.87629879961188], [150.79402546640515, -33.876349560711084], [150.79407622750435, -33.876349560711084], [150.79407622750435, -33.87640032181028], [150.79417774970275, -33.87640032181028], [150.79417774970275, -33.87645108290948], [150.79422851080193, -33.87645108290948], [150.79422851080193, -33.87650184400868], [150.79427927190113, -33.87650184400868], [150.79427927190113, -33.87655260510788], [150.79433003300034, -33.87655260510788], [150.79433003300034, -33.87660336620708], [150.79438079409954, -33.87660336620708], [150.79438079409954, -33.87665412730628], [150.79443155519874, -33.87665412730628], [150.79443155519874, -33.87670488840548], [150.79453307739715, -33.87670488840548], [150.79453307739715, -33.87675564950468], [150.79458383849632, -33.87675564950468], [150.79458383849632, -33.876806410603876], [150.79463459959553, -33.876806410603876], [150.79463459959553, -33.87685717170308], [150.79473612179393, -33.87685717170308], [150.79473612179393, -33.876907932802276], [150.79478688289313, -33.876907932802276], [150.79478688289313, -33.87695869390147], [150.79483764399234, -33.87695869390147], [150.79483764399234, -33.877009455000675], [150.79488840509154, -33.877009455000675], [150.79488840509154, -33.87706021609987], [150.79498992728992, -33.87706021609987], [150.79498992728992, -33.877110977199074], [150.79504068838912, -33.877110977199074], [150.79504068838912, -33.87716173829827], [150.79509144948832, -33.87716173829827], [150.79509144948832, -33.87721249939747], [150.79519297168673, -33.87721249939747], [150.79519297168673, -33.87726326049667], [150.79539601608352, -33.87726326049667], [150.79539601608352, -33.87731402159587], [150.79549753828192, -33.87731402159587], [150.79549753828192, -33.87736478269507], [150.79564982157953, -33.87736478269507], [150.79564982157953, -33.87741554379427], [150.7957513437779, -33.87741554379427], [150.7957513437779, -33.87746630489347], [150.79585286597631, -33.87746630489347], [150.79585286597631, -33.87751706599267], [150.79595438817472, -33.87751706599267], [150.79595438817472, -33.877567827091866], [150.79605591037313, -33.877567827091866], [150.79605591037313, -33.87761858819107], [150.7961574325715, -33.87761858819107], [150.7961574325715, -33.877669349290265], [150.7963097158691, -33.877669349290265], [150.7963097158691, -33.87772011038947], [150.79636047696832, -33.87772011038947], [150.79636047696832, -33.877770871488664], [150.7965127602659, -33.877770871488664], [150.7965127602659, -33.87782163258786], [150.7966142824643, -33.87782163258786], [150.7966142824643, -33.87787239368706], [150.7967665657619, -33.87787239368706], [150.7967665657619, -33.87792315478626], [150.7968680879603, -33.87792315478626], [150.7968680879603, -33.87797391588546], [150.7970203712579, -33.87797391588546], [150.7970203712579, -33.87802467698466], [150.7971218934563, -33.87802467698466], [150.7971218934563, -33.87807543808386], [150.7972741767539, -33.87807543808386], [150.7972741767539, -33.87812619918306], [150.7973756989523, -33.87812619918306], [150.7973756989523, -33.87817696028226], [150.7974772211507, -33.87817696028226], [150.7974772211507, -33.87822772138146], [150.7975787433491, -33.87822772138146], [150.7975787433491, -33.87827848248066], [150.79768026554748, -33.87827848248066], [150.79768026554748, -33.878329243579856], [150.7977817877459, -33.878329243579856], [150.7977817877459, -33.87838000467906], [150.7978833099443, -33.87838000467906], [150.7978833099443, -33.878430765778255], [150.7979848321427, -33.878430765778255], [150.7979848321427, -33.87848152687746], [150.79813711544028, -33.87848152687746], [150.79813711544028, -33.878532287976654], [150.79925385962267, -33.878532287976654], [150.79925385962267, -33.87858304907586], [150.79930462072187, -33.87858304907586], [150.79930462072187, -33.878532287976654], [150.79935538182107, -33.878532287976654], [150.79935538182107, -33.87863381017505], [150.79945690401948, -33.87863381017505], [150.79945690401948, -33.87868457127425], [150.79955842621786, -33.87868457127425], [150.79955842621786, -33.87873533237345], [150.79965994841626, -33.87873533237345], [150.79965994841626, -33.87878609347265], [150.79976147061467, -33.87878609347265], [150.79976147061467, -33.87883685457185], [150.79991375391228, -33.87883685457185], [150.79991375391228, -33.87848152687746], [150.79986299281308, -33.87848152687746], [150.79986299281308, -33.87838000467906], [150.79981223171387, -33.87838000467906], [150.79981223171387, -33.878329243579856], [150.79976147061467, -33.878329243579856], [150.79976147061467, -33.87827848248066], [150.79986299281308, -33.87827848248066], [150.79986299281308, -33.87822772138146], [150.79991375391228, -33.87822772138146], [150.79991375391228, -33.87812619918306], [150.79996451501145, -33.87812619918306], [150.79996451501145, -33.87802467698466], [150.79991375391228, -33.87802467698466], [150.79991375391228, -33.87797391588546], [150.79971070951547, -33.87797391588546], [150.79971070951547, -33.87792315478626], [150.79955842621786, -33.87792315478626], [150.79955842621786, -33.87787239368706], [150.79930462072187, -33.87787239368706], [150.79930462072187, -33.87792315478626], [150.79925385962267, -33.87792315478626], [150.79925385962267, -33.87782163258786], [150.7991523374243, -33.87782163258786], [150.7991523374243, -33.877770871488664], [150.79894929302748, -33.877770871488664], [150.79894929302748, -33.87772011038947], [150.79879700972987, -33.87772011038947], [150.79879700972987, -33.877669349290265], [150.79854320423388, -33.877669349290265], [150.79854320423388, -33.87761858819107], [150.7982893987379, -33.87761858819107], [150.7982893987379, -33.877567827091866], [150.7982386376387, -33.877567827091866], [150.7982386376387, -33.87751706599267], [150.79808635434108, -33.87751706599267], [150.79808635434108, -33.87746630489347], [150.7979340710435, -33.87746630489347], [150.7979340710435, -33.87741554379427], [150.7977310266467, -33.87741554379427], [150.7977310266467, -33.87736478269507], [150.7975787433491, -33.87736478269507], [150.7975787433491, -33.87731402159587], [150.7974772211507, -33.87731402159587], [150.7974772211507, -33.87726326049667], [150.7974264600515, -33.87726326049667], [150.7974264600515, -33.87721249939747], [150.7973756989523, -33.87721249939747], [150.7973756989523, -33.87716173829827], [150.7972741767539, -33.87716173829827], [150.7972741767539, -33.877110977199074], [150.7972234156547, -33.877110977199074], [150.7972234156547, -33.87706021609987], [150.7971218934563, -33.87706021609987], [150.7971218934563, -33.877009455000675], [150.7970711323571, -33.877009455000675], [150.7970711323571, -33.87695869390147], [150.7970203712579, -33.87695869390147], [150.7970203712579, -33.876907932802276], [150.7969696101587, -33.876907932802276], [150.7969696101587, -33.87685717170308], [150.79681732686112, -33.87685717170308], [150.79681732686112, -33.876806410603876], [150.7967665657619, -33.876806410603876], [150.7967665657619, -33.87675564950468], [150.7966650435635, -33.87675564950468], [150.7966650435635, -33.87670488840548], [150.7966142824643, -33.87670488840548], [150.7966142824643, -33.87665412730628], [150.7965635213651, -33.87665412730628], [150.7965635213651, -33.87660336620708], [150.79646199916672, -33.87660336620708], [150.79646199916672, -33.87655260510788], [150.79641123806752, -33.87655260510788], [150.79641123806752, -33.87650184400868], [150.79636047696832, -33.87650184400868], [150.79636047696832, -33.87645108290948], [150.7962589547699, -33.87645108290948], [150.7962589547699, -33.87640032181028], [150.7962081936707, -33.87640032181028], [150.7962081936707, -33.876349560711084], [150.7961066714723, -33.876349560711084], [150.7961066714723, -33.87629879961188], [150.79600514927392, -33.87629879961188], [150.79600514927392, -33.876248038512685], [150.79595438817472, -33.876248038512685], [150.79595438817472, -33.87619727741348], [150.79590362707552, -33.87619727741348], [150.79590362707552, -33.876146516314286], [150.7958021048771, -33.876146516314286], [150.7958021048771, -33.87609575521509], [150.7957513437779, -33.87609575521509], [150.7957513437779, -33.87604499411589], [150.79564982157953, -33.87604499411589], [150.79564982157953, -33.87599423301669], [150.79559906048033, -33.87599423301669], [150.79559906048033, -33.87594347191749], [150.79554829938112, -33.87594347191749], [150.79554829938112, -33.87589271081829], [150.79544677718272, -33.87589271081829], [150.79544677718272, -33.87584194971909], [150.79529449388514, -33.87584194971909], [150.79529449388514, -33.87579118861989], [150.79524373278593, -33.87579118861989], [150.79524373278593, -33.87599423301669], [150.79519297168673, -33.87599423301669], [150.79519297168673, -33.87574042752069], [150.79488840509154, -33.87574042752069], [150.79488840509154, -33.87568966642149], [150.79458383849632, -33.87568966642149], [150.79458383849632, -33.87563890532229], [150.79448231629794, -33.87563890532229], [150.79448231629794, -33.875588144223094], [150.79443155519874, -33.875588144223094], [150.79443155519874, -33.87553738312389], [150.79433003300034, -33.87553738312389], [150.79433003300034, -33.875486622024695], [150.79427927190113, -33.875486622024695], [150.79427927190113, -33.87543586092549], [150.79417774970275, -33.87543586092549], [150.79417774970275, -33.875385099826296], [150.79412698860355, -33.875385099826296], [150.79412698860355, -33.87533433872709], [150.79397470530594, -33.87533433872709], [150.79397470530594, -33.8752835776279], [150.79392394420674, -33.8752835776279], [150.79392394420674, -33.8752328165287], [150.79382242200833, -33.8752328165287], [150.79382242200833, -33.8751820554295], [150.79372089980995, -33.8751820554295], [150.79372089980995, -33.8750805332311], [150.79367013871075, -33.8750805332311], [150.79367013871075, -33.8750297721319], [150.79361937761155, -33.8750297721319], [150.79361937761155, -33.8749790110327], [150.79356861651235, -33.8749790110327], [150.79356861651235, -33.874928249933504], [150.79351785541314, -33.874928249933504], [150.79351785541314, -33.8748774888343], [150.79341633321476, -33.8748774888343], [150.79341633321476, -33.874826727735105], [150.79336557211556, -33.874826727735105], [150.79336557211556, -33.8747759666359], [150.79331481101636, -33.8747759666359], [150.79331481101636, -33.874725205536706], [150.79326404991716, -33.874725205536706], [150.79326404991716, -33.8746744444375], [150.79321328881795, -33.8746744444375], [150.79321328881795, -33.87462368333831], [150.79316252771875, -33.87462368333831], [150.79316252771875, -33.8745729222391], [150.79311176661955, -33.8745729222391], [150.79311176661955, -33.87452216113991], [150.79306100552034, -33.87452216113991], [150.79306100552034, -33.87447140004071], [150.79295948332197, -33.87447140004071], [150.79295948332197, -33.87442063894151], [150.79290872222276, -33.87442063894151], [150.79290872222276, -33.87436987784231], [150.79285796112356, -33.87436987784231], [150.79285796112356, -33.87431911674311], [150.79280720002436, -33.87431911674311], [150.79280720002436, -33.87426835564391], [150.79275643892515, -33.87426835564391], [150.79275643892515, -33.87421759454471], [150.79265491672675, -33.87421759454471], [150.79265491672675, -33.874166833445514], [150.79260415562757, -33.874166833445514], [150.79260415562757, -33.87411607234631], [150.79255339452837, -33.87411607234631], [150.79255339452837, -33.87401455014791], [150.79250263342917, -33.87401455014791], [150.79250263342917, -33.873963789048716], [150.79245187232996, -33.873963789048716], [150.79245187232996, -33.87391302794951], [150.79240111123076, -33.87391302794951], [150.79240111123076, -33.87386226685032], [150.79235035013156, -33.87386226685032], [150.79235035013156, -33.873811505751114], [150.79229958903235, -33.873811505751114], [150.79229958903235, -33.873709983552715], [150.79224882793318, -33.873709983552715], [150.79224882793318, -33.87365922245352], [150.79219806683398, -33.87365922245352], [150.79219806683398, -33.87360846135432], [150.79214730573477, -33.87360846135432], [150.79214730573477, -33.87355770025512], [150.79209654463557, -33.87355770025512], [150.79209654463557, -33.873506939155924], [150.79204578353637, -33.873506939155924], [150.79204578353637, -33.87345617805672], [150.79199502243716, -33.87345617805672], [150.79199502243716, -33.873405416957524], [150.79194426133796, -33.873405416957524], [150.79194426133796, -33.873303894759125], [150.79189350023876, -33.873303894759125], [150.79189350023876, -33.87325313365992], [150.79184273913958, -33.87325313365992], [150.79184273913958, -33.873202372560726], [150.79179197804038, -33.873202372560726], [150.79179197804038, -33.87315161146152], [150.79174121694118, -33.87315161146152], [150.79174121694118, -33.87310085036233], [150.79169045584197, -33.87310085036233], [150.79169045584197, -33.873050089263124], [150.79163969474277, -33.873050089263124], [150.79163969474277, -33.872948567064725], [150.79158893364357, -33.872948567064725], [150.79158893364357, -33.87289780596553], [150.79153817254436, -33.87289780596553], [150.79153817254436, -33.872847044866326], [150.7914874114452, -33.872847044866326], [150.7914874114452, -33.87279628376713], [150.791436650346, -33.87279628376713], [150.791436650346, -33.872745522667934], [150.79138588924678, -33.872745522667934], [150.79138588924678, -33.87259323937033], [150.79133512814758, -33.87259323937033], [150.79133512814758, -33.872542478271136], [150.79128436704838, -33.872542478271136], [150.79128436704838, -33.87244095607274], [150.79123360594917, -33.87244095607274], [150.79123360594917, -33.87239019497353], [150.79118284484997, -33.87239019497353], [150.79118284484997, -33.872288672775134], [150.79113208375077, -33.872288672775134], [150.79113208375077, -33.87223791167594], [150.7910813226516, -33.87223791167594], [150.7910813226516, -33.87213638947754], [150.7910305615524, -33.87213638947754], [150.7910305615524, -33.87203486727914], [150.7909798004532, -33.87203486727914], [150.7909798004532, -33.871984106179944], [150.79092903935398, -33.871984106179944], [150.79092903935398, -33.87193334508074], [150.79087827825478, -33.87193334508074], [150.79087827825478, -33.87183182288234], [150.79082751715558, -33.87183182288234], [150.79082751715558, -33.87173030068394], [150.79077675605637, -33.87173030068394], [150.79077675605637, -33.87167953958475], [150.7906244727588, -33.87167953958475], [150.7906244727588, -33.871628778485544], [150.790675233858, -33.871628778485544], [150.790675233858, -33.87157801738635], [150.7906244727588, -33.87157801738635], [150.7906244727588, -33.87147649518795], [150.7905737116596, -33.87147649518795], [150.7905737116596, -33.87137497298955], [150.7905229505604, -33.87137497298955], [150.7905229505604, -33.87127345079115], [150.79042142836198, -33.87127345079115], [150.79042142836198, -33.87117192859275], [150.79037066726278, -33.87117192859275], [150.79037066726278, -33.87107040639435], [150.7903199061636, -33.87107040639435], [150.7903199061636, -33.871019645295156], [150.7902691450644, -33.871019645295156], [150.7902691450644, -33.87091812309676], [150.7902183839652, -33.87091812309676], [150.7902183839652, -33.870867361997554], [150.790167622866, -33.870867361997554], [150.790167622866, -33.87081660089836], [150.7901168617668, -33.87081660089836], [150.7901168617668, -33.870765839799155], [150.7899645784692, -33.870765839799155], [150.7899645784692, -33.87071507869996], [150.79001533956838, -33.87071507869996], [150.79001533956838, -33.87056279540236], [150.7899645784692, -33.87056279540236], [150.7899645784692, -33.87051203430316], [150.78991381737, -33.87051203430316], [150.78991381737, -33.87046127320396], [150.7898630562708, -33.87046127320396], [150.7898630562708, -33.87041051210476], [150.7898122951716, -33.87041051210476], [150.7898122951716, -33.87030898990636], [150.7897615340724, -33.87030898990636], [150.7897615340724, -33.870207467707964], [150.7897107729732, -33.870207467707964], [150.7897107729732, -33.87015670660877], [150.789660011874, -33.87015670660877], [150.789660011874, -33.870105945509565], [150.7896092507748, -33.870105945509565], [150.7896092507748, -33.870004423311165], [150.7895584896756, -33.870004423311165], [150.7895584896756, -33.86995366221197], [150.7895077285764, -33.86995366221197], [150.7895077285764, -33.86985214001357], [150.7894569674772, -33.86985214001357], [150.7894569674772, -33.86980137891437], [150.789406206378, -33.86980137891437], [150.789406206378, -33.86975061781517], [150.7893554452788, -33.86975061781517], [150.7893554452788, -33.86969985671597], [150.7893046841796, -33.86969985671597], [150.7893046841796, -33.86954757341837], [150.78920316198122, -33.86954757341837], [150.78920316198122, -33.869446051219974], [150.78915240088202, -33.869446051219974], [150.78915240088202, -33.869344529021575], [150.7890508786836, -33.869344529021575], [150.7890508786836, -33.86929376792238], [150.7890001175844, -33.86929376792238], [150.7890001175844, -33.86919224572398], [150.7889493564852, -33.86919224572398], [150.7889493564852, -33.86914148462478], [150.788898595386, -33.86914148462478], [150.788898595386, -33.86909072352558], [150.7888478342868, -33.86909072352558], [150.7888478342868, -33.86903996242638], [150.78879707318762, -33.86903996242638], [150.78879707318762, -33.86898920132718], [150.78874631208842, -33.86898920132718], [150.78874631208842, -33.86893844022798], [150.78869555098922, -33.86893844022798], [150.78869555098922, -33.86888767912878], [150.78864478989001, -33.86888767912878], [150.78864478989001, -33.86883691802958], [150.7885940287908, -33.86883691802958], [150.7885940287908, -33.86878615693038], [150.7885432676916, -33.86878615693038], [150.7885432676916, -33.86873539583118], [150.7884925065924, -33.86873539583118], [150.7884925065924, -33.86863387363279], [150.78844174549323, -33.86863387363279], [150.78844174549323, -33.868583112533585], [150.78839098439403, -33.868583112533585], [150.78839098439403, -33.86853235143439], [150.78828946219562, -33.86853235143439], [150.78828946219562, -33.86843082923599], [150.78823870109642, -33.86843082923599], [150.78823870109642, -33.86838006813679], [150.78818793999721, -33.86838006813679], [150.78818793999721, -33.86832930703759], [150.788137178898, -33.86832930703759], [150.788137178898, -33.86827854593839], [150.7880864177988, -33.86827854593839], [150.7880864177988, -33.86822778483919], [150.78803565669963, -33.86822778483919], [150.78803565669963, -33.86817702373999], [150.78793413450123, -33.86817702373999], [150.78793413450123, -33.86812626264079], [150.78788337340202, -33.86812626264079], [150.78788337340202, -33.868024740442394], [150.78783261230282, -33.868024740442394], [150.78783261230282, -33.86797397934319], [150.78778185120362, -33.86797397934319], [150.78778185120362, -33.867923218243995], [150.78773109010442, -33.867923218243995], [150.78773109010442, -33.8678724571448], [150.78762956790604, -33.8678724571448], [150.78762956790604, -33.867821696045596], [150.78757880680683, -33.867821696045596], [150.78757880680683, -33.8677709349464], [150.78752804570763, -33.8677709349464], [150.78752804570763, -33.8677201738472], [150.78747728460843, -33.8677201738472], [150.78747728460843, -33.867669412748], [150.78742652350923, -33.867669412748], [150.78742652350923, -33.8676186516488], [150.78737576241002, -33.8676186516488], [150.78737576241002, -33.8675678905496], [150.78732500131082, -33.8675678905496], [150.78732500131082, -33.8675171294504], [150.78727424021164, -33.8675171294504], [150.78727424021164, -33.8674663683512], [150.78717271801324, -33.8674663683512], [150.78717271801324, -33.867415607252], [150.78707119581483, -33.867415607252], [150.78707119581483, -33.8673648461528], [150.78702043471563, -33.8673648461528], [150.78702043471563, -33.8673140850536], [150.78696967361643, -33.8673140850536], [150.78696967361643, -33.867263323954404], [150.78691891251722, -33.867263323954404], [150.78691891251722, -33.8672125628552], [150.78686815141805, -33.8672125628552], [150.78686815141805, -33.867161801756005], [150.78681739031884, -33.867161801756005], [150.78681739031884, -33.8671110406568], [150.78671586812044, -33.8671110406568], [150.78671586812044, -33.867060279557606], [150.78666510702124, -33.867060279557606], [150.78666510702124, -33.86700951845841], [150.78661434592203, -33.86700951845841], [150.78661434592203, -33.86695875735921], [150.78656358482283, -33.86695875735921], [150.78656358482283, -33.86690799626001], [150.78651282372365, -33.86690799626001], [150.78651282372365, -33.86680647406161], [150.78646206262445, -33.86680647406161], [150.78646206262445, -33.86670495186321], [150.78641130152525, -33.86670495186321], [150.78641130152525, -33.86660342966481], [150.78636054042605, -33.86660342966481], [150.78636054042605, -33.866501907466414], [150.78630977932684, -33.866501907466414], [150.78630977932684, -33.866400385268015], [150.78625901822764, -33.866400385268015], [150.78625901822764, -33.866298863069616], [150.78620825712844, -33.866298863069616], [150.78620825712844, -33.86599429647442], [150.78615749602923, -33.86599429647442], [150.78615749602923, -33.86579125207762], [150.78610673493006, -33.86579125207762], [150.78610673493006, -33.865740490978425], [150.78605597383086, -33.865740490978425], [150.78605597383086, -33.86568972987922], [150.78600521273165, -33.86568972987922], [150.78600521273165, -33.865638968780026], [150.78595445163245, -33.865638968780026], [150.78595445163245, -33.86558820768082], [150.78580216833484, -33.86558820768082], [150.78580216833484, -33.86553744658163], [150.78575140723567, -33.86553744658163], [150.78575140723567, -33.86548668548242], [150.78564988503726, -33.86548668548242], [150.78564988503726, -33.86543592438323], [150.78559912393806, -33.86543592438323], [150.78559912393806, -33.86538516328403], [150.78554836283885, -33.86538516328403], [150.78554836283885, -33.86543592438323], [150.78549760173965, -33.86543592438323], [150.78549760173965, -33.86548668548242], [150.78544684064045, -33.86548668548242], [150.78544684064045, -33.86553744658163], [150.78539607954124, -33.86553744658163], [150.78539607954124, -33.86558820768082], [150.78534531844207, -33.86558820768082], [150.78534531844207, -33.865638968780026], [150.78524379624366, -33.865638968780026], [150.78524379624366, -33.86568972987922], [150.78519303514446, -33.86568972987922], [150.78519303514446, -33.865638968780026], [150.78509151294605, -33.865638968780026], [150.78509151294605, -33.86558820768082], [150.78493922964847, -33.86558820768082], [150.78493922964847, -33.86553744658163], [150.78488846854927, -33.86553744658163], [150.78488846854927, -33.86548668548242], [150.78478694635086, -33.86548668548242], [150.78478694635086, -33.86543592438323], [150.78473618525166, -33.86543592438323], [150.78473618525166, -33.86538516328403], [150.78463466305325, -33.86538516328403], [150.78463466305325, -33.86533440218483], [150.78458390195408, -33.86533440218483], [150.78458390195408, -33.86528364108563], [150.78453314085488, -33.86528364108563], [150.78453314085488, -33.86523287998643], [150.78443161865647, -33.86523287998643], [150.78443161865647, -33.86518211888723], [150.78427933535886, -33.86518211888723], [150.78427933535886, -33.86513135778803], [150.78422857425969, -33.86513135778803], [150.78422857425969, -33.865080596688834], [150.78407629096208, -33.865080596688834], [150.78407629096208, -33.86502983558963], [150.78402552986287, -33.86502983558963], [150.78402552986287, -33.864979074490435], [150.78397476876367, -33.864979074490435], [150.78397476876367, -33.86492831339123], [150.78392400766447, -33.86492831339123], [150.78392400766447, -33.864877552292036], [150.7838224854661, -33.864877552292036], [150.7838224854661, -33.86482679119283], [150.78372096326768, -33.86482679119283], [150.78372096326768, -33.86477603009364], [150.78361944106928, -33.86477603009364], [150.78361944106928, -33.864725268994434], [150.78351791887087, -33.864725268994434], [150.78351791887087, -33.86467450789524], [150.7834163966725, -33.86467450789524], [150.7834163966725, -33.86462374679604], [150.7833656355733, -33.86462374679604], [150.7833656355733, -33.86457298569684], [150.78326411337488, -33.86457298569684], [150.78326411337488, -33.86452222459764], [150.78321335227568, -33.86452222459764], [150.78321335227568, -33.86447146349844], [150.7830610689781, -33.86447146349844], [150.7830610689781, -33.864420702399244], [150.7829595467797, -33.864420702399244], [150.7829595467797, -33.86436994130004], [150.7828580245813, -33.86436994130004], [150.7828580245813, -33.864319180200845], [150.78280726348208, -33.864319180200845], [150.78280726348208, -33.86426841910164], [150.7827057412837, -33.86426841910164], [150.7827057412837, -33.864217658002445], [150.7826549801845, -33.864217658002445], [150.7826549801845, -33.86416689690324], [150.7825534579861, -33.86416689690324], [150.7825534579861, -33.864116135804046], [150.7825026968869, -33.864116135804046], [150.7825026968869, -33.86406537470484], [150.7822488913909, -33.86406537470484], [150.7822488913909, -33.86401461360565], [150.7821981302917, -33.86401461360565], [150.7821981302917, -33.863963852506444], [150.7820966080933, -33.863963852506444], [150.7820966080933, -33.86391309140725], [150.7819950858949, -33.86391309140725], [150.7819950858949, -33.863862330308045], [150.7818935636965, -33.863862330308045], [150.7818935636965, -33.86381156920885], [150.7817920414981, -33.86381156920885], [150.7817920414981, -33.86376080810965], [150.7816905192997, -33.86376080810965], [150.7816905192997, -33.86371004701045], [150.78153823600212, -33.86371004701045], [150.78153823600212, -33.863659285911254], [150.7813351916053, -33.863659285911254], [150.7813351916053, -33.86360852481205], [150.7812336694069, -33.86360852481205], [150.7812336694069, -33.863557763712855], [150.78113214720852, -33.863557763712855], [150.78113214720852, -33.86350700261365], [150.78103062501012, -33.86350700261365], [150.78103062501012, -33.863456241514456], [150.7809291028117, -33.863456241514456], [150.7809291028117, -33.86340548041525], [150.7808275806133, -33.86340548041525], [150.7808275806133, -33.86335471931606], [150.78062453621652, -33.86335471931606], [150.78062453621652, -33.863303958216854], [150.78052301401812, -33.863303958216854], [150.78052301401812, -33.86325319711766], [150.7804214918197, -33.86325319711766], [150.7804214918197, -33.863202436018454], [150.78031996962133, -33.863202436018454], [150.78031996962133, -33.86315167491926], [150.78021844742293, -33.86315167491926], [150.78021844742293, -33.863100913820055], [150.78011692522452, -33.863100913820055], [150.78011692522452, -33.86305015272086], [150.77996464192694, -33.86305015272086], [150.77996464192694, -33.862999391621656], [150.77981235862933, -33.862999391621656], [150.77981235862933, -33.86294863052246], [150.77966007533172, -33.86294863052246], [150.77966007533172, -33.862897869423264], [150.77950779203414, -33.862897869423264], [150.77950779203414, -33.86284710832406], [150.77925398653815, -33.86284710832406], [150.77925398653815, -33.862796347224865], [150.77900018104214, -33.862796347224865], [150.77900018104214, -33.86274558612566], [150.77874637554615, -33.86274558612566], [150.77874637554615, -33.862694825026466], [150.77849257005016, -33.862694825026466], [150.77849257005016, -33.86264406392726], [150.77818800345494, -33.86264406392726], [150.77818800345494, -33.86259330282807], [150.77773115356217, -33.86259330282807], [150.77773115356217, -33.862542541728864], [150.77742658696695, -33.862542541728864], [150.77742658696695, -33.86249178062967], [150.77727430366937, -33.86249178062967], [150.77727430366937, -33.862441019530465], [150.77717278147097, -33.862441019530465], [150.77717278147097, -33.86239025843127], [150.77707125927256, -33.86239025843127], [150.77707125927256, -33.862339497332066], [150.77696973707418, -33.862339497332066], [150.77696973707418, -33.86228873623287], [150.77681745377657, -33.86228873623287], [150.77681745377657, -33.86223797513367], [150.77661440937976, -33.86223797513367], [150.77661440937976, -33.86218721403447], [150.77646212608218, -33.86218721403447], [150.77646212608218, -33.862136452935275], [150.77630984278457, -33.862136452935275], [150.77630984278457, -33.86208569183607], [150.776157559487, -33.86208569183607], [150.776157559487, -33.862034930736876], [150.77595451509018, -33.862034930736876], [150.77595451509018, -33.86198416963767], [150.7758022317926, -33.86198416963767], [150.7758022317926, -33.861933408538476], [150.7757007095942, -33.861933408538476], [150.7757007095942, -33.86188264743927], [150.7752946208006, -33.86188264743927], [150.7752946208006, -33.86183188634008], [150.7749392931062, -33.86183188634008], [150.7749392931062, -33.861781125240874], [150.774634726511, -33.861781125240874], [150.774634726511, -33.86173036414168], [150.7741778766182, -33.86173036414168], [150.7741778766182, -33.861679603042475], [150.77382254892382, -33.861679603042475], [150.77382254892382, -33.86162884194328], [150.77341646013022, -33.86162884194328], [150.77341646013022, -33.861578080844076], [150.77311189353503, -33.861578080844076], [150.77311189353503, -33.86152731974488], [150.77224895484864, -33.86152731974488], [150.77224895484864, -33.86147655864568], [150.77189362715424, -33.86147655864568], [150.77189362715424, -33.86142579754648], [150.77148753836065, -33.86142579754648], [150.77148753836065, -33.86137503644728], [150.77118297176546, -33.86137503644728], [150.77118297176546, -33.86142579754648], [150.77108144956705, -33.86142579754648], [150.77108144956705, -33.86147655864568], [150.77062459967425, -33.86147655864568], [150.77062459967425, -33.86142579754648], [150.77016774978145, -33.86142579754648], [150.77016774978145, -33.86137503644728], [150.76976166098785, -33.86137503644728], [150.76976166098785, -33.86132427534808], [150.76950785549187, -33.86132427534808], [150.76950785549187, -33.861273514248886], [150.76915252779747, -33.861273514248886], [150.76915252779747, -33.86122275314968], [150.76894948340066, -33.86122275314968], [150.76894948340066, -33.86117199205049], [150.76859415570627, -33.86117199205049], [150.76859415570627, -33.861121230951284], [150.76818806691267, -33.861121230951284], [150.76818806691267, -33.86107046985209], [150.7681373058135, -33.86107046985209], [150.7681373058135, -33.861019708752885], [150.7680865447143, -33.861019708752885], [150.7680865447143, -33.860918186554485], [150.7680357836151, -33.860918186554485], [150.7680357836151, -33.86086742545529], [150.76793426141668, -33.86086742545529], [150.76793426141668, -33.860816664356086], [150.7675789337223, -33.860816664356086], [150.7675789337223, -33.86076590325689], [150.7669698005319, -33.86076590325689], [150.7669698005319, -33.86071514215769], [150.7665637117383, -33.86071514215769], [150.7665637117383, -33.86066438105849], [150.7664114284407, -33.86066438105849], [150.7664114284407, -33.86061361995929], [150.7663606673415, -33.86061361995929], [150.7663606673415, -33.86056285886009], [150.7663099062423, -33.86056285886009], [150.7663099062423, -33.8603090533641], [150.76620838404392, -33.8603090533641], [150.76620838404392, -33.860258292264895], [150.76585305634953, -33.860258292264895], [150.76585305634953, -33.8602075311657], [150.76544696755593, -33.8602075311657], [150.76544696755593, -33.860156770066496], [150.76529468425832, -33.860156770066496], [150.76529468425832, -33.8602075311657], [150.76524392315912, -33.8602075311657], [150.76524392315912, -33.860258292264895], [150.76519316205992, -33.860258292264895], [150.76519316205992, -33.860359814463294], [150.7651424009607, -33.860359814463294], [150.7651424009607, -33.8604105755625], [150.76504087876233, -33.8604105755625], [150.76504087876233, -33.86046133666169], [150.76483783436552, -33.86046133666169], [150.76483783436552, -33.8604105755625], [150.76412717897674, -33.8604105755625], [150.76412717897674, -33.860359814463294], [150.76382261238155, -33.860359814463294], [150.76382261238155, -33.8603090533641], [150.76331500138954, -33.8603090533641], [150.76331500138954, -33.860258292264895], [150.76301043479435, -33.860258292264895], [150.76301043479435, -33.8602075311657], [150.76295967369515, -33.8602075311657], [150.76295967369515, -33.860156770066496], [150.76290891259595, -33.860156770066496], [150.76290891259595, -33.8601060089673], [150.76280739039757, -33.8601060089673], [150.76280739039757, -33.8600552478681], [150.76260434600076, -33.8600552478681], [150.76260434600076, -33.8601060089673], [150.76240130160397, -33.8601060089673], [150.76240130160397, -33.860156770066496], [150.76209673500875, -33.860156770066496], [150.76209673500875, -33.8601060089673], [150.76179216841356, -33.8601060089673], [150.76179216841356, -33.8600552478681], [150.76113227412398, -33.8600552478681], [150.76113227412398, -33.8600044867689], [150.7607769464296, -33.8600044867689], [150.7607769464296, -33.8599537256697], [150.7604723798344, -33.8599537256697], [150.7604723798344, -33.8599029645705], [150.76011705214, -33.8599029645705], [150.76011705214, -33.8598522034713], [150.759863246644, -33.8598522034713], [150.759863246644, -33.8598014423721], [150.7594571578504, -33.8598014423721], [150.7594571578504, -33.8597506812729], [150.7591525912552, -33.8597506812729], [150.7591525912552, -33.8596999201737], [150.7587972635608, -33.8596999201737], [150.7587972635608, -33.85964915907451], [150.75844193586641, -33.85964915907451], [150.75844193586641, -33.859598397975304], [150.75783280267603, -33.859598397975304], [150.75783280267603, -33.85964915907451], [150.75773128047763, -33.85964915907451], [150.75773128047763, -33.85954763687611], [150.75641149189843, -33.85954763687611], [150.75641149189843, -33.859496875776905], [150.75585311980726, -33.859496875776905], [150.75585311980726, -33.85954763687611], [150.75575159760885, -33.85954763687611], [150.75575159760885, -33.859496875776905], [150.75565007541044, -33.859496875776905], [150.75565007541044, -33.85944611467771], [150.75559931431124, -33.85944611467771], [150.75559931431124, -33.859395353578506], [150.75554855321207, -33.859395353578506], [150.75554855321207, -33.85934459247931], [150.75549779211286, -33.85934459247931], [150.75549779211286, -33.85929383138011], [150.75544703101366, -33.85929383138011], [150.75544703101366, -33.85924307028091], [150.75504094222006, -33.85924307028091], [150.75504094222006, -33.85929383138011], [150.75463485342647, -33.85929383138011], [150.75463485342647, -33.85934459247931], [150.75458409232726, -33.85934459247931], [150.75458409232726, -33.859395353578506], [150.75453333122806, -33.859395353578506], [150.75453333122806, -33.85944611467771], [150.75443180902965, -33.85944611467771], [150.75443180902965, -33.859496875776905], [150.75417800353367, -33.859496875776905], [150.75417800353367, -33.85954763687611], [150.7517922318713, -33.85954763687611], [150.7517922318713, -33.859598397975304], [150.7510815764825, -33.859598397975304], [150.7510815764825, -33.85954763687611], [150.75087853208572, -33.85954763687611], [150.75087853208572, -33.859598397975304], [150.75032015999452, -33.859598397975304], [150.75032015999452, -33.85964915907451], [150.74996483230012, -33.85964915907451], [150.74996483230012, -33.8596999201737], [150.74950798240732, -33.8596999201737], [150.74950798240732, -33.8597506812729], [150.74945722130812, -33.8597506812729], [150.74945722130812, -33.8596999201737], [150.74879732701854, -33.8596999201737], [150.74879732701854, -33.8597506812729], [150.74849276042335, -33.8597506812729], [150.74849276042335, -33.8596999201737], [150.74813743272895, -33.8596999201737], [150.74813743272895, -33.85964915907451], [150.74788362723297, -33.85964915907451], [150.74788362723297, -33.859598397975304], [150.74747753843937, -33.859598397975304], [150.74747753843937, -33.85954763687611], [150.74727449404256, -33.85954763687611], [150.74727449404256, -33.859496875776905], [150.74686840524896, -33.859496875776905], [150.74686840524896, -33.85944611467771], [150.74671612195138, -33.85944611467771], [150.74671612195138, -33.859395353578506], [150.74625927205858, -33.859395353578506], [150.74625927205858, -33.85934459247931], [150.74605622766177, -33.85934459247931], [150.74605622766177, -33.85929383138011], [150.74600546656256, -33.85929383138011], [150.74600546656256, -33.85934459247931], [150.7449902445786, -33.85934459247931], [150.7449902445786, -33.859395353578506], [150.744330350289, -33.859395353578506], [150.744330350289, -33.85934459247931], [150.74402578369381, -33.85934459247931], [150.74402578369381, -33.859395353578506], [150.74199533972583, -33.859395353578506], [150.74199533972583, -33.85944611467771], [150.74123392323784, -33.85944611467771], [150.74123392323784, -33.859395353578506], [150.74092935664265, -33.859395353578506], [150.74092935664265, -33.85944611467771], [150.74052326784906, -33.85944611467771], [150.74052326784906, -33.859496875776905], [150.73986337355947, -33.859496875776905], [150.73986337355947, -33.85954763687611], [150.73960956806346, -33.85954763687611], [150.73960956806346, -33.859598397975304], [150.73920347926986, -33.859598397975304], [150.73920347926986, -33.85964915907451], [150.73915271817066, -33.85964915907451], [150.73915271817066, -33.859598397975304], [150.73889891267467, -33.859598397975304], [150.73889891267467, -33.85964915907451], [150.73864510717868, -33.85964915907451], [150.73864510717868, -33.8596999201737], [150.7382897794843, -33.8596999201737], [150.7382897794843, -33.8597506812729], [150.73818825728588, -33.8597506812729], [150.73818825728588, -33.8596999201737], [150.7379344517899, -33.8596999201737], [150.7379344517899, -33.8597506812729], [150.73768064629388, -33.8597506812729], [150.73768064629388, -33.8598014423721], [150.7373760796987, -33.8598014423721], [150.7373760796987, -33.8598522034713], [150.73727455750029, -33.8598522034713], [150.73727455750029, -33.8598014423721], [150.7369699909051, -33.8598014423721], [150.7369699909051, -33.8598522034713], [150.7366146632107, -33.8598522034713], [150.7366146632107, -33.8599029645705], [150.7357009634251, -33.8599029645705], [150.7357009634251, -33.8598522034713], [150.73519335243313, -33.8598522034713], [150.73519335243313, -33.8598014423721], [150.73473650254033, -33.8598014423721], [150.73473650254033, -33.8597506812729], [150.73463498034192, -33.8597506812729], [150.73463498034192, -33.8596999201737], [150.73448269704434, -33.8596999201737], [150.73448269704434, -33.85964915907451], [150.73438117484594, -33.85964915907451], [150.73438117484594, -33.859598397975304], [150.73427965264753, -33.859598397975304], [150.73427965264753, -33.85954763687611], [150.73412736934995, -33.85954763687611], [150.73412736934995, -33.859496875776905], [150.73397508605234, -33.859496875776905], [150.73397508605234, -33.85944611467771], [150.73387356385393, -33.85944611467771], [150.73387356385393, -33.859395353578506], [150.73377204165553, -33.859395353578506], [150.73377204165553, -33.85934459247931], [150.73361975835795, -33.85934459247931], [150.73361975835795, -33.85929383138011], [150.73341671396113, -33.85929383138011], [150.73341671396113, -33.85924307028091], [150.73316290846515, -33.85924307028091], [150.73316290846515, -33.85919230918171], [150.73285834186996, -33.85919230918171], [150.73285834186996, -33.85914154808251], [150.73255377527477, -33.85914154808251], [150.73255377527477, -33.85909078698331], [150.73214768648117, -33.85909078698331], [150.73214768648117, -33.85904002588411], [150.73189388098515, -33.85904002588411], [150.73189388098515, -33.85909078698331], [150.73184311988598, -33.85909078698331], [150.73184311988598, -33.85898926478491], [150.73164007548917, -33.85898926478491], [150.73164007548917, -33.858938503685714], [150.73148779219156, -33.858938503685714], [150.73148779219156, -33.85888774258651], [150.73128474779477, -33.85888774258651], [150.73128474779477, -33.858836981487315], [150.73118322559637, -33.858836981487315], [150.73118322559637, -33.85878622038812], [150.73092942010038, -33.85878622038812], [150.73092942010038, -33.858735459288916], [150.73087865900118, -33.858735459288916], [150.73087865900118, -33.85868469818972], [150.7306756146044, -33.85868469818972], [150.7306756146044, -33.85863393709052], [150.7306248535052, -33.85863393709052], [150.7306248535052, -33.85853241489212], [150.730574092406, -33.85853241489212], [150.730574092406, -33.85848165379292], [150.7302695258108, -33.85848165379292], [150.7302695258108, -33.85843089269372], [150.72996495921558, -33.85843089269372], [150.72996495921558, -33.85848165379292], [150.7299141981164, -33.85848165379292], [150.7299141981164, -33.85853241489212], [150.7298634370172, -33.85853241489212], [150.7298634370172, -33.85848165379292], [150.7297619148188, -33.85848165379292], [150.7297619148188, -33.85843089269372], [150.7296603926204, -33.85843089269372], [150.7296603926204, -33.85838013159452], [150.7293558260252, -33.85838013159452], [150.7293558260252, -33.85832937049532], [150.7292035427276, -33.85832937049532], [150.7292035427276, -33.85827860939612], [150.7289497372316, -33.85827860939612], [150.7289497372316, -33.85822784829692], [150.728797453934, -33.85822784829692], [150.728797453934, -33.858177087197724], [150.7284928873388, -33.858177087197724], [150.7284928873388, -33.85812632609852], [150.72834060404122, -33.85812632609852], [150.72834060404122, -33.858075564999325], [150.7280867985452, -33.858075564999325], [150.7280867985452, -33.85802480390013], [150.72788375414842, -33.85802480390013], [150.72788375414842, -33.857974042800926], [150.7276807097516, -33.857974042800926], [150.7276807097516, -33.85792328170173], [150.72747766535483, -33.85792328170173], [150.72747766535483, -33.85787252060253], [150.72671624886684, -33.85787252060253], [150.72671624886684, -33.85782175950333], [150.72656396556923, -33.85782175950333], [150.72656396556923, -33.85777099840413], [150.72636092117244, -33.85777099840413], [150.72636092117244, -33.85772023730493], [150.72620863787483, -33.85772023730493], [150.72620863787483, -33.85766947620573], [150.72610711567646, -33.85766947620573], [150.72610711567646, -33.85761871510653], [150.72600559347805, -33.85761871510653], [150.72600559347805, -33.85756795400733], [150.72585331018044, -33.85756795400733], [150.72585331018044, -33.85751719290813], [150.72570102688286, -33.85751719290813], [150.72570102688286, -33.85746643180893], [150.72554874358525, -33.85746643180893], [150.72554874358525, -33.857415670709734], [150.72544722138684, -33.857415670709734], [150.72544722138684, -33.85736490961053], [150.72524417699006, -33.85736490961053], [150.72524417699006, -33.857314148511335], [150.72514265479165, -33.857314148511335], [150.72514265479165, -33.85726338741213], [150.72499037149404, -33.85726338741213], [150.72499037149404, -33.857212626312936], [150.72483808819646, -33.857212626312936], [150.72483808819646, -33.85716186521374], [150.72448276050207, -33.85716186521374], [150.72448276050207, -33.85711110411454], [150.72402591060927, -33.85711110411454], [150.72402591060927, -33.85706034301534], [150.72351829961727, -33.85706034301534], [150.72351829961727, -33.85700958191614], [150.7233660163197, -33.85700958191614], [150.7233660163197, -33.85695882081694], [150.7230106886253, -33.85695882081694], [150.7230106886253, -33.85690805971774], [150.7226553609309, -33.85690805971774], [150.7226553609309, -33.85685729861854], [150.72235079433568, -33.85685729861854], [150.72235079433568, -33.85680653751934], [150.7220969888397, -33.85680653751934], [150.7220969888397, -33.856755776420144], [150.7218939444429, -33.856755776420144], [150.7218939444429, -33.85670501532094], [150.7217924222445, -33.85670501532094], [150.7217924222445, -33.856654254221745], [150.7216909000461, -33.856654254221745], [150.7216909000461, -33.85660349312254], [150.7215893778477, -33.85660349312254], [150.7215893778477, -33.856552732023346], [150.72148785564931, -33.856552732023346], [150.72148785564931, -33.85650197092414], [150.7214370945501, -33.85650197092414], [150.7214370945501, -33.85645120982495], [150.7212340501533, -33.85645120982495], [150.7212340501533, -33.85640044872575], [150.72113252795492, -33.85640044872575], [150.72113252795492, -33.85634968762655], [150.72103100575652, -33.85634968762655], [150.72103100575652, -33.85629892652735], [150.7209294835581, -33.85629892652735], [150.7209294835581, -33.85624816542815], [150.7207772002605, -33.85624816542815], [150.7207772002605, -33.85619740432895], [150.72072643916133, -33.85619740432895], [150.72072643916133, -33.85614664322975], [150.72067567806212, -33.85614664322975], [150.72067567806212, -33.85609588213055], [150.72062491696292, -33.85609588213055], [150.72062491696292, -33.85604512103135], [150.72057415586372, -33.85604512103135], [150.72057415586372, -33.855994359932154], [150.7204726336653, -33.855994359932154], [150.7204726336653, -33.85594359883295], [150.72032035036773, -33.85594359883295], [150.72032035036773, -33.855892837733755], [150.7200157837725, -33.855892837733755], [150.7200157837725, -33.85584207663455], [150.7196096949789, -33.85584207663455], [150.7196096949789, -33.855791315535356], [150.71930512838372, -33.855791315535356], [150.71930512838372, -33.85574055443615], [150.71894980068933, -33.85574055443615], [150.71894980068933, -33.85568979333696], [150.71864523409414, -33.85568979333696], [150.71864523409414, -33.855639032237754], [150.71828990639975, -33.855639032237754], [150.71828990639975, -33.85558827113856], [150.71798533980456, -33.85558827113856], [150.71798533980456, -33.85553751003936], [150.71757925101096, -33.85553751003936], [150.71757925101096, -33.85548674894016], [150.71737620661415, -33.85548674894016], [150.71737620661415, -33.85543598784096], [150.71712240111816, -33.85543598784096], [150.71712240111816, -33.85538522674176], [150.71707164001896, -33.85538522674176], [150.71707164001896, -33.855334465642564], [150.71656402902696, -33.855334465642564], [150.71656402902696, -33.85528370454336], [150.71641174572937, -33.85528370454336], [150.71641174572937, -33.855232943444165], [150.71590413473737, -33.855232943444165], [150.71590413473737, -33.85518218234496], [150.71559956814218, -33.85518218234496], [150.71559956814218, -33.855131421245765], [150.7152442404478, -33.855131421245765], [150.7152442404478, -33.85508066014656], [150.7144320628606, -33.85508066014656], [150.7144320628606, -33.855029899047366], [150.71260466328943, -33.855029899047366], [150.71260466328943, -33.85497913794816], [150.71250314109102, -33.85497913794816], [150.71250314109102, -33.85492837684897], [150.71219857449583, -33.85492837684897], [150.71219857449583, -33.85497913794816], [150.71098030811504, -33.85497913794816], [150.71098030811504, -33.85492837684897], [150.71082802481743, -33.85492837684897], [150.71082802481743, -33.85497913794816], [150.71077726371826, -33.85497913794816], [150.71077726371826, -33.855232943444165], [150.71072650261905, -33.855232943444165], [150.71072650261905, -33.85492837684897], [150.70905138634546, -33.85492837684897], [150.70905138634546, -33.854877615749764], [150.7077315977663, -33.854877615749764], [150.7077315977663, -33.85492837684897], [150.7076300755679, -33.85492837684897], [150.7076300755679, -33.854877615749764], [150.7073255089727, -33.854877615749764], [150.7073255089727, -33.85482685465057], [150.7068686590799, -33.85482685465057]], [[150.71067574151985, -33.85528370454336], [150.71072650261905, -33.85528370454336], [150.71072650261905, -33.85553751003936], [150.71067574151985, -33.85553751003936], [150.71067574151985, -33.85528370454336]], [[150.71062498042065, -33.85558827113856], [150.71067574151985, -33.85558827113856], [150.71067574151985, -33.855639032237754], [150.71062498042065, -33.855639032237754], [150.71062498042065, -33.85558827113856]], [[150.72072643916133, -33.85624816542815], [150.7207772002605, -33.85624816542815], [150.7207772002605, -33.85660349312254], [150.72072643916133, -33.85660349312254], [150.72072643916133, -33.85624816542815]], [[150.72067567806212, -33.85660349312254], [150.72072643916133, -33.85660349312254], [150.72072643916133, -33.85685729861854], [150.7211832890541, -33.85685729861854], [150.7211832890541, -33.85690805971774], [150.72067567806212, -33.85690805971774], [150.72067567806212, -33.85660349312254]], [[150.7212848112525, -33.85690805971774], [150.7218431833437, -33.85690805971774], [150.7218431833437, -33.85695882081694], [150.7212848112525, -33.85695882081694], [150.7212848112525, -33.85690805971774]], [[150.72026958926853, -33.85695882081694], [150.7207772002605, -33.85695882081694], [150.7207772002605, -33.85700958191614], [150.72026958926853, -33.85700958191614], [150.72026958926853, -33.85695882081694]], [[150.72194470554209, -33.85695882081694], [150.7220969888397, -33.85695882081694], [150.7220969888397, -33.85700958191614], [150.72194470554209, -33.85700958191614], [150.72194470554209, -33.85695882081694]], [[150.7208279613597, -33.85700958191614], [150.7211832890541, -33.85700958191614], [150.7211832890541, -33.85706034301534], [150.7208279613597, -33.85706034301534], [150.7208279613597, -33.85700958191614]], [[150.7221985110381, -33.85700958191614], [150.72235079433568, -33.85700958191614], [150.72235079433568, -33.85706034301534], [150.7221985110381, -33.85706034301534], [150.7221985110381, -33.85700958191614]], [[150.7224523165341, -33.85706034301534], [150.7225030776333, -33.85706034301534], [150.7225030776333, -33.85711110411454], [150.7224523165341, -33.85711110411454], [150.7224523165341, -33.85706034301534]], [[150.6970717669344, -33.85711110411454], [150.69737633352963, -33.85711110411454], [150.69737633352963, -33.85716186521374], [150.6970717669344, -33.85716186521374], [150.6970717669344, -33.85711110411454]], [[150.7215386167485, -33.85711110411454], [150.7218939444429, -33.85711110411454], [150.7218939444429, -33.85716186521374], [150.7215386167485, -33.85716186521374], [150.7215386167485, -33.85711110411454]], [[150.7226045998317, -33.85711110411454], [150.72270612203008, -33.85711110411454], [150.72270612203008, -33.85716186521374], [150.7226045998317, -33.85716186521374], [150.7226045998317, -33.85711110411454]], [[150.69615806714884, -33.85716186521374], [150.69620882824805, -33.85716186521374], [150.69620882824805, -33.857212626312936], [150.69615806714884, -33.857212626312936], [150.69615806714884, -33.85716186521374]], [[150.697477855728, -33.85716186521374], [150.69778242232323, -33.85716186521374], [150.69778242232323, -33.857212626312936], [150.697477855728, -33.857212626312936], [150.697477855728, -33.85716186521374]], [[150.72280764422848, -33.85716186521374], [150.7229091664269, -33.85716186521374], [150.7229091664269, -33.857212626312936], [150.72280764422848, -33.857212626312936], [150.72280764422848, -33.85716186521374]], [[150.69620882824805, -33.857212626312936], [150.69625958934725, -33.857212626312936], [150.69625958934725, -33.85726338741213], [150.69620882824805, -33.85726338741213], [150.69620882824805, -33.857212626312936]], [[150.6978331834224, -33.857212626312936], [150.69813775001762, -33.857212626312936], [150.69813775001762, -33.85726338741213], [150.6978331834224, -33.85726338741213], [150.6978331834224, -33.857212626312936]], [[150.7221985110381, -33.857212626312936], [150.72230003323648, -33.857212626312936], [150.72230003323648, -33.85726338741213], [150.7221985110381, -33.85726338741213], [150.7221985110381, -33.857212626312936]], [[150.7229599275261, -33.857212626312936], [150.72311221082367, -33.857212626312936], [150.72311221082367, -33.85726338741213], [150.7229599275261, -33.85726338741213], [150.7229599275261, -33.857212626312936]], [[150.72240155543489, -33.85726338741213], [150.7225538387325, -33.85726338741213], [150.7225538387325, -33.857314148511335], [150.72240155543489, -33.857314148511335], [150.72240155543489, -33.85726338741213]], [[150.72316297192287, -33.85726338741213], [150.72331525522048, -33.85726338741213], [150.72331525522048, -33.857314148511335], [150.72316297192287, -33.857314148511335], [150.72316297192287, -33.85726338741213]], [[150.69625958934725, -33.857314148511335], [150.69631035044642, -33.857314148511335], [150.69631035044642, -33.85736490961053], [150.69625958934725, -33.85736490961053], [150.69625958934725, -33.857314148511335]], [[150.7226045998317, -33.857314148511335], [150.72270612203008, -33.857314148511335], [150.72270612203008, -33.85736490961053], [150.7226045998317, -33.85736490961053], [150.7226045998317, -33.857314148511335]], [[150.7233660163197, -33.857314148511335], [150.72351829961727, -33.857314148511335], [150.72351829961727, -33.85736490961053], [150.7233660163197, -33.85736490961053], [150.7233660163197, -33.857314148511335]], [[150.72280764422848, -33.85736490961053], [150.7229091664269, -33.85736490961053], [150.7229091664269, -33.857415670709734], [150.72280764422848, -33.857415670709734], [150.72280764422848, -33.85736490961053]], [[150.72356906071647, -33.85736490961053], [150.72372134401408, -33.85736490961053], [150.72372134401408, -33.857415670709734], [150.72356906071647, -33.857415670709734], [150.72356906071647, -33.85736490961053]], [[150.7230106886253, -33.857415670709734], [150.72311221082367, -33.857415670709734], [150.72311221082367, -33.85746643180893], [150.7230106886253, -33.85746643180893], [150.7230106886253, -33.857415670709734]], [[150.72377210511328, -33.857415670709734], [150.72392438841086, -33.857415670709734], [150.72392438841086, -33.85746643180893], [150.72377210511328, -33.85746643180893], [150.72377210511328, -33.857415670709734]], [[150.72321373302208, -33.85746643180893], [150.7233660163197, -33.85746643180893], [150.7233660163197, -33.85751719290813], [150.72321373302208, -33.85751719290813], [150.72321373302208, -33.85746643180893]], [[150.72397514951007, -33.85746643180893], [150.72407667170847, -33.85746643180893], [150.72407667170847, -33.85751719290813], [150.72397514951007, -33.85751719290813], [150.72397514951007, -33.85746643180893]], [[150.69641187264483, -33.85751719290813], [150.69646263374403, -33.85751719290813], [150.69646263374403, -33.85756795400733], [150.69641187264483, -33.85756795400733], [150.69641187264483, -33.85751719290813]], [[150.7234167774189, -33.85751719290813], [150.72351829961727, -33.85751719290813], [150.72351829961727, -33.85756795400733], [150.7234167774189, -33.85756795400733], [150.7234167774189, -33.85751719290813]], [[150.72417819390688, -33.85751719290813], [150.72427971610526, -33.85751719290813], [150.72427971610526, -33.85756795400733], [150.72417819390688, -33.85756795400733], [150.72417819390688, -33.85751719290813]], [[150.69646263374403, -33.85756795400733], [150.69651339484324, -33.85756795400733], [150.69651339484324, -33.85761871510653], [150.69646263374403, -33.85761871510653], [150.69646263374403, -33.85756795400733]], [[150.72361982181567, -33.85756795400733], [150.72372134401408, -33.85756795400733], [150.72372134401408, -33.85761871510653], [150.72361982181567, -33.85761871510653], [150.72361982181567, -33.85756795400733]], [[150.72438123830366, -33.85756795400733], [150.72448276050207, -33.85756795400733], [150.72448276050207, -33.85761871510653], [150.72438123830366, -33.85761871510653], [150.72438123830366, -33.85756795400733]], [[150.72382286621246, -33.85761871510653], [150.72392438841086, -33.85761871510653], [150.72392438841086, -33.85766947620573], [150.72382286621246, -33.85766947620573], [150.72382286621246, -33.85761871510653]], [[150.72458428270045, -33.85761871510653], [150.72463504379965, -33.85761871510653], [150.72463504379965, -33.85766947620573], [150.72458428270045, -33.85766947620573], [150.72458428270045, -33.85761871510653]], [[150.69651339484324, -33.85766947620573], [150.69656415594244, -33.85766947620573], [150.69656415594244, -33.85772023730493], [150.69651339484324, -33.85772023730493], [150.69651339484324, -33.85766947620573]], [[150.72397514951007, -33.85766947620573], [150.72417819390688, -33.85766947620573], [150.72417819390688, -33.85772023730493], [150.72397514951007, -33.85772023730493], [150.72397514951007, -33.85766947620573]], [[150.72473656599806, -33.85766947620573], [150.72483808819646, -33.85766947620573], [150.72483808819646, -33.85772023730493], [150.72473656599806, -33.85772023730493], [150.72473656599806, -33.85766947620573]], [[150.72417819390688, -33.85772023730493], [150.72438123830366, -33.85772023730493], [150.72438123830366, -33.85777099840413], [150.72417819390688, -33.85777099840413], [150.72417819390688, -33.85772023730493]], [[150.72493961039487, -33.85772023730493], [150.72504113259325, -33.85772023730493], [150.72504113259325, -33.85777099840413], [150.72493961039487, -33.85777099840413], [150.72493961039487, -33.85772023730493]], [[150.72438123830366, -33.85777099840413], [150.72453352160127, -33.85777099840413], [150.72453352160127, -33.85782175950333], [150.72438123830366, -33.85782175950333], [150.72438123830366, -33.85777099840413]], [[150.72514265479165, -33.85777099840413], [150.72519341589086, -33.85777099840413], [150.72519341589086, -33.85782175950333], [150.72514265479165, -33.85782175950333], [150.72514265479165, -33.85777099840413]], [[150.72458428270045, -33.85782175950333], [150.72473656599806, -33.85782175950333], [150.72473656599806, -33.85787252060253], [150.72458428270045, -33.85787252060253], [150.72458428270045, -33.85782175950333]], [[150.72534569918844, -33.85782175950333], [150.72539646028764, -33.85782175950333], [150.72539646028764, -33.85787252060253], [150.72534569918844, -33.85787252060253], [150.72534569918844, -33.85782175950333]], [[150.72478732709726, -33.85787252060253], [150.72493961039487, -33.85787252060253], [150.72493961039487, -33.85792328170173], [150.72478732709726, -33.85792328170173], [150.72478732709726, -33.85787252060253]], [[150.72554874358525, -33.85787252060253], [150.72559950468445, -33.85787252060253], [150.72559950468445, -33.85792328170173], [150.72554874358525, -33.85792328170173], [150.72554874358525, -33.85787252060253]], [[150.72499037149404, -33.85792328170173], [150.72514265479165, -33.85792328170173], [150.72514265479165, -33.857974042800926], [150.72499037149404, -33.857974042800926], [150.72499037149404, -33.85792328170173]], [[150.72524417699006, -33.857974042800926], [150.72534569918844, -33.857974042800926], [150.72534569918844, -33.85802480390013], [150.72524417699006, -33.85802480390013], [150.72524417699006, -33.857974042800926]], [[150.72590407127964, -33.857974042800926], [150.72595483237885, -33.857974042800926], [150.72595483237885, -33.85802480390013], [150.72590407127964, -33.85802480390013], [150.72590407127964, -33.857974042800926]], [[150.72539646028764, -33.85802480390013], [150.72554874358525, -33.85802480390013], [150.72554874358525, -33.858075564999325], [150.72539646028764, -33.858075564999325], [150.72539646028764, -33.85802480390013]], [[150.72610711567646, -33.85802480390013], [150.72615787677563, -33.85802480390013], [150.72615787677563, -33.858075564999325], [150.72610711567646, -33.858075564999325], [150.72610711567646, -33.85802480390013]], [[150.72559950468445, -33.858075564999325], [150.72575178798203, -33.858075564999325], [150.72575178798203, -33.85812632609852], [150.72559950468445, -33.85812632609852], [150.72559950468445, -33.858075564999325]], [[150.72580254908124, -33.85812632609852], [150.72595483237885, -33.85812632609852], [150.72595483237885, -33.858177087197724], [150.72580254908124, -33.858177087197724], [150.72580254908124, -33.85812632609852]], [[150.72600559347805, -33.858177087197724], [150.72615787677563, -33.858177087197724], [150.72615787677563, -33.85822784829692], [150.72600559347805, -33.85822784829692], [150.72600559347805, -33.858177087197724]], [[150.72620863787483, -33.85822784829692], [150.72641168227165, -33.85822784829692], [150.72641168227165, -33.85827860939612], [150.72620863787483, -33.85827860939612], [150.72620863787483, -33.85822784829692]], [[150.729812675918, -33.85853241489212], [150.7298634370172, -33.85853241489212], [150.7298634370172, -33.85868469818972], [150.729812675918, -33.85868469818972], [150.729812675918, -33.85853241489212]], [[150.7297619148188, -33.858735459288916], [150.729812675918, -33.858735459288916], [150.729812675918, -33.85878622038812], [150.7297619148188, -33.85878622038812], [150.7297619148188, -33.858735459288916]], [[150.729812675918, -33.85878622038812], [150.72996495921558, -33.85878622038812], [150.72996495921558, -33.858836981487315], [150.729812675918, -33.858836981487315], [150.729812675918, -33.85878622038812]], [[150.73001572031478, -33.858836981487315], [150.7302187647116, -33.858836981487315], [150.7302187647116, -33.85888774258651], [150.73001572031478, -33.85888774258651], [150.73001572031478, -33.858836981487315]], [[150.7302695258108, -33.85888774258651], [150.73042180910838, -33.85888774258651], [150.73042180910838, -33.858938503685714], [150.7302695258108, -33.858938503685714], [150.7302695258108, -33.85888774258651]], [[150.73047257020758, -33.858938503685714], [150.7306248535052, -33.858938503685714], [150.7306248535052, -33.85898926478491], [150.73047257020758, -33.85898926478491], [150.73047257020758, -33.858938503685714]], [[150.73077713680277, -33.85898926478491], [150.73082789790197, -33.85898926478491], [150.73082789790197, -33.85904002588411], [150.73077713680277, -33.85904002588411], [150.73077713680277, -33.85898926478491]], [[150.73133550889398, -33.85914154808251], [150.73143703109238, -33.85914154808251], [150.73143703109238, -33.85919230918171], [150.73133550889398, -33.85919230918171], [150.73133550889398, -33.85914154808251]], [[150.73153855329076, -33.85919230918171], [150.73174159768757, -33.85919230918171], [150.73174159768757, -33.85929383138011], [150.73164007548917, -33.85929383138011], [150.73164007548917, -33.85924307028091], [150.73153855329076, -33.85924307028091], [150.73153855329076, -33.85919230918171]], [[150.75768051937843, -33.8597506812729], [150.75773128047763, -33.8597506812729], [150.75773128047763, -33.8598014423721], [150.75768051937843, -33.8598014423721], [150.75768051937843, -33.8597506812729]], [[150.75762975827922, -33.8598014423721], [150.75768051937843, -33.8598014423721], [150.75768051937843, -33.8598522034713], [150.75762975827922, -33.8598522034713], [150.75762975827922, -33.8598014423721]], [[150.75651301409684, -33.8600044867689], [150.75656377519604, -33.8600044867689], [150.75656377519604, -33.8600552478681], [150.75651301409684, -33.8600552478681], [150.75651301409684, -33.8600044867689]], [[150.74702068854657, -33.860156770066496], [150.74707144964577, -33.860156770066496], [150.74707144964577, -33.860258292264895], [150.74696992744737, -33.860258292264895], [150.74696992744737, -33.8602075311657], [150.74702068854657, -33.8602075311657], [150.74702068854657, -33.860156770066496]], [[150.74712221074498, -33.860156770066496], [150.74752829953854, -33.860156770066496], [150.74752829953854, -33.8602075311657], [150.74712221074498, -33.8602075311657], [150.74712221074498, -33.860156770066496]], [[150.74783286613376, -33.8602075311657], [150.74981254900254, -33.8602075311657], [150.74981254900254, -33.860258292264895], [150.74783286613376, -33.860258292264895], [150.74783286613376, -33.8602075311657]], [[150.75032015999452, -33.860258292264895], [150.75133538197852, -33.860258292264895], [150.75133538197852, -33.8603090533641], [150.75128462087932, -33.8603090533641], [150.75128462087932, -33.860359814463294], [150.75092929318492, -33.860359814463294], [150.75092929318492, -33.8603090533641], [150.75032015999452, -33.8603090533641], [150.75032015999452, -33.860258292264895]], [[150.7513861430777, -33.860258292264895], [150.7516399485737, -33.860258292264895], [150.7516399485737, -33.8603090533641], [150.7513861430777, -33.8603090533641], [150.7513861430777, -33.860258292264895]], [[150.7516907096729, -33.860258292264895], [150.7517922318713, -33.860258292264895], [150.7517922318713, -33.8603090533641], [150.7516907096729, -33.8603090533641], [150.7516907096729, -33.860258292264895]], [[150.74691916634816, -33.8603090533641], [150.74696992744737, -33.8603090533641], [150.74696992744737, -33.860512097760896], [150.74691916634816, -33.860512097760896], [150.74691916634816, -33.8603090533641]], [[150.7514369041769, -33.860359814463294], [150.7515384263753, -33.860359814463294], [150.7515384263753, -33.8604105755625], [150.7514369041769, -33.8604105755625], [150.7514369041769, -33.860359814463294]], [[150.7515891874745, -33.860359814463294], [150.7516399485737, -33.860359814463294], [150.7516399485737, -33.8604105755625], [150.7515891874745, -33.8604105755625], [150.7515891874745, -33.860359814463294]], [[150.7517414707721, -33.8604105755625], [150.7520967984665, -33.8604105755625], [150.7520967984665, -33.86046133666169], [150.7517414707721, -33.86046133666169], [150.7517414707721, -33.8604105755625]], [[150.74686840524896, -33.86056285886009], [150.74691916634816, -33.86056285886009], [150.74691916634816, -33.860816664356086], [150.74686840524896, -33.860816664356086], [150.74686840524896, -33.86056285886009]], [[150.77133525506304, -33.861933408538476], [150.77138601616224, -33.861933408538476], [150.77138601616224, -33.86198416963767], [150.77133525506304, -33.86198416963767], [150.77133525506304, -33.861933408538476]], [[150.77514233750298, -33.86223797513367], [150.7751930986022, -33.86223797513367], [150.7751930986022, -33.86228873623287], [150.77514233750298, -33.86228873623287], [150.77514233750298, -33.86223797513367]], [[150.77509157640378, -33.86228873623287], [150.77514233750298, -33.86228873623287], [150.77514233750298, -33.862339497332066], [150.77509157640378, -33.862339497332066], [150.77509157640378, -33.86228873623287]], [[150.7750408153046, -33.862339497332066], [150.77509157640378, -33.862339497332066], [150.77509157640378, -33.86239025843127], [150.7750408153046, -33.86239025843127], [150.7750408153046, -33.862339497332066]], [[150.7749900542054, -33.86239025843127], [150.7750408153046, -33.86239025843127], [150.7750408153046, -33.862441019530465], [150.7749900542054, -33.862441019530465], [150.7749900542054, -33.86239025843127]], [[150.77702049817336, -33.86249178062967], [150.77712202037176, -33.86249178062967], [150.77712202037176, -33.862542541728864], [150.77702049817336, -33.862542541728864], [150.77702049817336, -33.86249178062967]], [[150.77691897597498, -33.862542541728864], [150.77696973707418, -33.862542541728864], [150.77696973707418, -33.86259330282807], [150.77691897597498, -33.86259330282807], [150.77691897597498, -33.862542541728864]], [[150.77686821487578, -33.86264406392726], [150.77691897597498, -33.86264406392726], [150.77691897597498, -33.862694825026466], [150.77686821487578, -33.862694825026466], [150.77686821487578, -33.86264406392726]], [[150.77681745377657, -33.862694825026466], [150.77686821487578, -33.862694825026466], [150.77686821487578, -33.86274558612566], [150.77681745377657, -33.86274558612566], [150.77681745377657, -33.862694825026466]], [[150.7821473691925, -33.86406537470484], [150.7821981302917, -33.86406537470484], [150.7821981302917, -33.864116135804046], [150.7821473691925, -33.864116135804046], [150.7821473691925, -33.86406537470484]], [[150.7820966080933, -33.864116135804046], [150.7821473691925, -33.864116135804046], [150.7821473691925, -33.86416689690324], [150.7820966080933, -33.86416689690324], [150.7820966080933, -33.864116135804046]], [[150.7820458469941, -33.86416689690324], [150.7820966080933, -33.86416689690324], [150.7820966080933, -33.864217658002445], [150.7820458469941, -33.864217658002445], [150.7820458469941, -33.86416689690324]], [[150.7819950858949, -33.864217658002445], [150.7820458469941, -33.864217658002445], [150.7820458469941, -33.86426841910164], [150.7819950858949, -33.86426841910164], [150.7819950858949, -33.864217658002445]], [[150.78194432479572, -33.86426841910164], [150.7819950858949, -33.86426841910164], [150.7819950858949, -33.864319180200845], [150.78194432479572, -33.864319180200845], [150.78194432479572, -33.86426841910164]], [[150.7818935636965, -33.864319180200845], [150.78194432479572, -33.864319180200845], [150.78194432479572, -33.86436994130004], [150.7818935636965, -33.86436994130004], [150.7818935636965, -33.864319180200845]], [[150.7817920414981, -33.86436994130004], [150.7818428025973, -33.86436994130004], [150.7818428025973, -33.864420702399244], [150.7817920414981, -33.864420702399244], [150.7817920414981, -33.86436994130004]], [[150.7817412803989, -33.864420702399244], [150.7817920414981, -33.864420702399244], [150.7817920414981, -33.86447146349844], [150.7817412803989, -33.86447146349844], [150.7817412803989, -33.864420702399244]], [[150.78402552986287, -33.865080596688834], [150.78407629096208, -33.865080596688834], [150.78407629096208, -33.86528364108563], [150.78402552986287, -33.86528364108563], [150.78402552986287, -33.865080596688834]], [[150.74316284500742, -33.86589277427602], [150.7434166505034, -33.86589277427602], [150.7434166505034, -33.86594353537522], [150.74316284500742, -33.86594353537522], [150.74316284500742, -33.86589277427602]], [[150.7435181727018, -33.86594353537522], [150.7439242614954, -33.86594353537522], [150.7439242614954, -33.86599429647442], [150.7435181727018, -33.86599429647442], [150.7435181727018, -33.86594353537522]], [[150.78671586812044, -33.8673648461528], [150.78676662921964, -33.8673648461528], [150.78676662921964, -33.867415607252], [150.78671586812044, -33.867415607252], [150.78671586812044, -33.8673648461528]], [[150.78686815141805, -33.8673648461528], [150.78696967361643, -33.8673648461528], [150.78696967361643, -33.867415607252], [150.78686815141805, -33.867415607252], [150.78686815141805, -33.8673648461528]], [[150.78656358482283, -33.867415607252], [150.78671586812044, -33.867415607252], [150.78671586812044, -33.8674663683512], [150.78656358482283, -33.8674663683512], [150.78656358482283, -33.867415607252]], [[150.78651282372365, -33.8674663683512], [150.78656358482283, -33.8674663683512], [150.78656358482283, -33.8675171294504], [150.78651282372365, -33.8675171294504], [150.78651282372365, -33.8674663683512]], [[150.7898630562708, -33.870765839799155], [150.7899645784692, -33.870765839799155], [150.7899645784692, -33.87081660089836], [150.7898630562708, -33.87081660089836], [150.7898630562708, -33.870765839799155]], [[150.789660011874, -33.87081660089836], [150.7897615340724, -33.87081660089836], [150.7897615340724, -33.870867361997554], [150.789660011874, -33.870867361997554], [150.789660011874, -33.87081660089836]], [[150.7895584896756, -33.870867361997554], [150.7896092507748, -33.870867361997554], [150.7896092507748, -33.87091812309676], [150.7895584896756, -33.87091812309676], [150.7895584896756, -33.870867361997554]], [[150.789406206378, -33.87091812309676], [150.7895077285764, -33.87091812309676], [150.7895077285764, -33.87096888419595], [150.789406206378, -33.87096888419595], [150.789406206378, -33.87091812309676]], [[150.79042142836198, -33.87167953958475], [150.7905737116596, -33.87167953958475], [150.7905737116596, -33.87173030068394], [150.79042142836198, -33.87173030068394], [150.79042142836198, -33.87167953958475]], [[150.7901168617668, -33.87173030068394], [150.7903199061636, -33.87173030068394], [150.7903199061636, -33.871781061783146], [150.7901168617668, -33.871781061783146], [150.7901168617668, -33.87173030068394]], [[150.75433028683128, -33.87391302794951], [150.75438104793048, -33.87391302794951], [150.75438104793048, -33.873963789048716], [150.75433028683128, -33.873963789048716], [150.75433028683128, -33.87391302794951]], [[150.79331481101636, -33.8750805332311], [150.79336557211556, -33.8750805332311], [150.79336557211556, -33.8751312943303], [150.79331481101636, -33.8751312943303], [150.79331481101636, -33.8750805332311]], [[150.79341633321476, -33.8750805332311], [150.79361937761155, -33.8750805332311], [150.79361937761155, -33.8751312943303], [150.79341633321476, -33.8751312943303], [150.79341633321476, -33.8750805332311]], [[150.79306100552034, -33.8752328165287], [150.79311176661955, -33.8752328165287], [150.79311176661955, -33.8752835776279], [150.79306100552034, -33.8752835776279], [150.79306100552034, -33.8752328165287]], [[150.79392394420674, -33.87599423301669], [150.79407622750435, -33.87599423301669], [150.79407622750435, -33.87604499411589], [150.79392394420674, -33.87604499411589], [150.79392394420674, -33.87599423301669]], [[150.79433003300034, -33.87604499411589], [150.79448231629794, -33.87604499411589], [150.79448231629794, -33.87609575521509], [150.79433003300034, -33.87609575521509], [150.79433003300034, -33.87604499411589]], [[150.79473612179393, -33.87609575521509], [150.79488840509154, -33.87609575521509], [150.79488840509154, -33.876146516314286], [150.79473612179393, -33.876146516314286], [150.79473612179393, -33.87609575521509]], [[150.79509144948832, -33.87609575521509], [150.79519297168673, -33.87609575521509], [150.79519297168673, -33.87629879961188], [150.79514221058753, -33.87629879961188], [150.79514221058753, -33.876349560711084], [150.79509144948832, -33.876349560711084], [150.79509144948832, -33.87609575521509]], [[150.79427927190113, -33.87640032181028], [150.79433003300034, -33.87640032181028], [150.79433003300034, -33.87645108290948], [150.79427927190113, -33.87645108290948], [150.79427927190113, -33.87640032181028]], [[150.79504068838912, -33.87640032181028], [150.79509144948832, -33.87640032181028], [150.79509144948832, -33.87670488840548], [150.79504068838912, -33.87670488840548], [150.79504068838912, -33.87640032181028]], [[150.79463459959553, -33.87645108290948], [150.79473612179393, -33.87645108290948], [150.79473612179393, -33.87650184400868], [150.79463459959553, -33.87650184400868], [150.79463459959553, -33.87645108290948]], [[150.79498992728992, -33.87670488840548], [150.79504068838912, -33.87670488840548], [150.79504068838912, -33.877009455000675], [150.79498992728992, -33.877009455000675], [150.79498992728992, -33.87670488840548]], [[150.7991523374243, -33.87792315478626], [150.79920309852346, -33.87792315478626], [150.79920309852346, -33.87797391588546], [150.7991523374243, -33.87797391588546], [150.7991523374243, -33.87792315478626]], [[150.79900005412668, -33.87797391588546], [150.79905081522588, -33.87797391588546], [150.79905081522588, -33.87802467698466], [150.79900005412668, -33.87802467698466], [150.79900005412668, -33.87797391588546]], [[150.79894929302748, -33.87802467698466], [150.79900005412668, -33.87802467698466], [150.79900005412668, -33.87807543808386], [150.79894929302748, -33.87807543808386], [150.79894929302748, -33.87802467698466]], [[150.79884777082907, -33.87807543808386], [150.79889853192827, -33.87807543808386], [150.79889853192827, -33.87812619918306], [150.79884777082907, -33.87812619918306], [150.79884777082907, -33.87807543808386]], [[150.79879700972987, -33.87812619918306], [150.79884777082907, -33.87812619918306], [150.79884777082907, -33.87817696028226], [150.79879700972987, -33.87817696028226], [150.79879700972987, -33.87812619918306]], [[150.7986954875315, -33.87817696028226], [150.7987462486307, -33.87817696028226], [150.7987462486307, -33.87822772138146], [150.7986954875315, -33.87822772138146], [150.7986954875315, -33.87817696028226]], [[150.79859396533308, -33.87822772138146], [150.7986447264323, -33.87822772138146], [150.7986447264323, -33.87827848248066], [150.79859396533308, -33.87827848248066], [150.79859396533308, -33.87822772138146]], [[150.79839092093627, -33.878329243579856], [150.79844168203547, -33.878329243579856], [150.79844168203547, -33.87838000467906], [150.79839092093627, -33.87838000467906], [150.79839092093627, -33.878329243579856]], [[150.7982893987379, -33.87838000467906], [150.79839092093627, -33.87838000467906], [150.79839092093627, -33.878430765778255], [150.7982893987379, -33.878430765778255], [150.7982893987379, -33.87838000467906]], [[150.79960918731706, -33.87838000467906], [150.79965994841626, -33.87838000467906], [150.79965994841626, -33.878430765778255], [150.79960918731706, -33.878430765778255], [150.79960918731706, -33.87838000467906]], [[150.79945690401948, -33.878430765778255], [150.79950766511868, -33.878430765778255], [150.79950766511868, -33.87848152687746], [150.79945690401948, -33.87848152687746], [150.79945690401948, -33.878430765778255]], [[150.79940614292028, -33.87848152687746], [150.79945690401948, -33.87848152687746], [150.79945690401948, -33.878532287976654], [150.79940614292028, -33.878532287976654], [150.79940614292028, -33.87848152687746]]]}}, {"type": "Feature", "properties": {"LABEL": "Outer Sydney Orbital (Under Consideration)", "source": "SEPP_WPC_AER_TRC_001_20250501 (traced from in-force PDF; georeferenced, indicative)"}, "geometry": {"type": "MultiPolygon", "coordinates": [[[[150.68661498049937, -33.94233898967021], [150.68686878599536, -33.94233898967021], [150.68686878599536, -33.94228822857101], [150.68691954709456, -33.94228822857101], [150.68691954709456, -33.94223746747181], [150.68697030819376, -33.94223746747181], [150.68697030819376, -33.94218670637261], [150.68727487478895, -33.94218670637261], [150.68727487478895, -33.94223746747181], [150.68722411368975, -33.94223746747181], [150.68722411368975, -33.94228822857101], [150.68717335259055, -33.94228822857101], [150.68717335259055, -33.94233898967021], [150.68707183039217, -33.94233898967021], [150.68707183039217, -33.94238975076941], [150.68697030819376, -33.94238975076941], [150.68697030819376, -33.94244051186861], [150.68686878599536, -33.94244051186861], [150.68686878599536, -33.94249127296781], [150.68676726379695, -33.94249127296781], [150.68676726379695, -33.94254203406701], [150.68661498049937, -33.94254203406701], [150.68661498049937, -33.942592795166206], [150.68651345830096, -33.942592795166206], [150.68651345830096, -33.9426435562654], [150.68646269720176, -33.9426435562654], [150.68646269720176, -33.942694317364605], [150.68636117500336, -33.942694317364605], [150.68636117500336, -33.9427450784638], [150.68631041390418, -33.9427450784638], [150.68631041390418, -33.942694317364605], [150.68625965280498, -33.942694317364605], [150.68625965280498, -33.94238975076941], [150.68631041390418, -33.94238975076941], [150.68631041390418, -33.94218670637261], [150.68661498049937, -33.94218670637261], [150.68661498049937, -33.94233898967021]]], [[[150.74707144964577, -33.86137503644728], [150.74707144964577, -33.86142579754648], [150.74702068854657, -33.86142579754648], [150.74702068854657, -33.86152731974488], [150.74696992744737, -33.86152731974488], [150.74696992744737, -33.86173036414168], [150.74691916634816, -33.86173036414168], [150.74691916634816, -33.86198416963767], [150.74686840524896, -33.86198416963767], [150.74686840524896, -33.86218721403447], [150.74681764414976, -33.86218721403447], [150.74681764414976, -33.86249178062967], [150.74676688305055, -33.86249178062967], [150.74676688305055, -33.862796347224865], [150.74671612195138, -33.862796347224865], [150.74671612195138, -33.862999391621656], [150.74666536085218, -33.862999391621656], [150.74666536085218, -33.86325319711766], [150.74661459975297, -33.86325319711766], [150.74661459975297, -33.863456241514456], [150.74656383865377, -33.863456241514456], [150.74656383865377, -33.86381156920885], [150.74651307755457, -33.86381156920885], [150.74651307755457, -33.86401461360565], [150.74646231645536, -33.86401461360565], [150.74646231645536, -33.86426841910164], [150.74641155535616, -33.86426841910164], [150.74641155535616, -33.86452222459764], [150.746360794257, -33.86452222459764], [150.746360794257, -33.864725268994434], [150.74631003315778, -33.864725268994434], [150.74631003315778, -33.864979074490435], [150.74625927205858, -33.864979074490435], [150.74625927205858, -33.86538516328403], [150.74620851095938, -33.86538516328403], [150.74620851095938, -33.86553744658163], [150.74615774986017, -33.86553744658163], [150.74615774986017, -33.86579125207762], [150.74610698876097, -33.86579125207762], [150.74610698876097, -33.86604505757362], [150.74605622766177, -33.86604505757362], [150.74605622766177, -33.86619734087122], [150.74600546656256, -33.86619734087122], [150.74600546656256, -33.86634962416881], [150.74605622766177, -33.86634962416881], [150.74605622766177, -33.866400385268015], [150.74600546656256, -33.866400385268015], [150.74600546656256, -33.866501907466414], [150.7459547054634, -33.866501907466414], [150.7459547054634, -33.86685723516081], [150.7459039443642, -33.86685723516081], [150.7459039443642, -33.867060279557606], [150.74585318326498, -33.867060279557606], [150.74585318326498, -33.8673648461528], [150.74580242216578, -33.8673648461528], [150.74580242216578, -33.8675171294504], [150.74575166106658, -33.8675171294504], [150.74575166106658, -33.867821696045596], [150.74570089996737, -33.867821696045596], [150.74570089996737, -33.86807550154159], [150.74565013886817, -33.86807550154159], [150.74565013886817, -33.86832930703759], [150.745599377769, -33.86832930703759], [150.745599377769, -33.868583112533585], [150.7455486166698, -33.868583112533585], [150.7455486166698, -33.86888767912878], [150.7454978555706, -33.86888767912878], [150.7454978555706, -33.86903996242638], [150.7454470944714, -33.86903996242638], [150.7454470944714, -33.86939529012078], [150.74539633337218, -33.86939529012078], [150.74539633337218, -33.86949681231918], [150.74534557227298, -33.86949681231918], [150.74534557227298, -33.86919224572398], [150.74529481117378, -33.86919224572398], [150.74529481117378, -33.86893844022798], [150.74524405007458, -33.86893844022798], [150.74524405007458, -33.86853235143439], [150.7451932889754, -33.86853235143439], [150.7451932889754, -33.86822778483919], [150.7451425278762, -33.86822778483919], [150.7451425278762, -33.867923218243995], [150.745091766777, -33.867923218243995], [150.745091766777, -33.8676186516488], [150.7450410056778, -33.8676186516488], [150.7450410056778, -33.8673648461528], [150.7449902445786, -33.8673648461528], [150.7449902445786, -33.8672125628552], [150.74493948347938, -33.8672125628552], [150.74493948347938, -33.867060279557606], [150.74488872238018, -33.867060279557606], [150.74488872238018, -33.86690799626001], [150.744837961281, -33.86690799626001], [150.744837961281, -33.86670495186321], [150.7447872001818, -33.86670495186321], [150.7447872001818, -33.866501907466414], [150.7447364390826, -33.866501907466414], [150.7447364390826, -33.866400385268015], [150.7446856779834, -33.866400385268015], [150.7446856779834, -33.86619734087122], [150.7446349168842, -33.86619734087122], [150.7446349168842, -33.86599429647442], [150.744584155785, -33.86599429647442], [150.744584155785, -33.865842013176824], [150.7445333946858, -33.865842013176824], [150.7445333946858, -33.86568972987922], [150.74448263358659, -33.86568972987922], [150.74448263358659, -33.86548668548242], [150.7444318724874, -33.86548668548242], [150.7444318724874, -33.86528364108563], [150.7443811113882, -33.86528364108563], [150.7443811113882, -33.86457298569684], [150.744330350289, -33.86457298569684], [150.744330350289, -33.86315167491926], [150.7443811113882, -33.86315167491926], [150.7443811113882, -33.862999391621656], [150.7444318724874, -33.862999391621656], [150.7444318724874, -33.862897869423264], [150.74448263358659, -33.862897869423264], [150.74448263358659, -33.86284710832406], [150.7445333946858, -33.86284710832406], [150.7445333946858, -33.862796347224865], [150.744584155785, -33.862796347224865], [150.744584155785, -33.862694825026466], [150.7446349168842, -33.862694825026466], [150.7446349168842, -33.86259330282807], [150.7446856779834, -33.86259330282807], [150.7446856779834, -33.862542541728864], [150.7447364390826, -33.862542541728864], [150.7447364390826, -33.86249178062967], [150.7447872001818, -33.86249178062967], [150.7447872001818, -33.862441019530465], [150.744837961281, -33.862441019530465], [150.744837961281, -33.86239025843127], [150.74488872238018, -33.86239025843127], [150.74488872238018, -33.862339497332066], [150.74493948347938, -33.862339497332066], [150.74493948347938, -33.86228873623287], [150.7449902445786, -33.86228873623287], [150.7449902445786, -33.86223797513367], [150.745091766777, -33.86223797513367], [150.745091766777, -33.86218721403447], [150.7451425278762, -33.86218721403447], [150.7451425278762, -33.862136452935275], [150.7451932889754, -33.862136452935275], [150.7451932889754, -33.86208569183607], [150.74524405007458, -33.86208569183607], [150.74524405007458, -33.862034930736876], [150.74529481117378, -33.862034930736876], [150.74529481117378, -33.86198416963767], [150.74539633337218, -33.86198416963767], [150.74539633337218, -33.861933408538476], [150.7454978555706, -33.861933408538476], [150.7454978555706, -33.86188264743927], [150.745599377769, -33.86188264743927], [150.745599377769, -33.86183188634008], [150.74565013886817, -33.86183188634008], [150.74565013886817, -33.861781125240874], [150.74570089996737, -33.861781125240874], [150.74570089996737, -33.86173036414168], [150.74585318326498, -33.86173036414168], [150.74585318326498, -33.861679603042475], [150.7459039443642, -33.861679603042475], [150.7459039443642, -33.86162884194328], [150.74600546656256, -33.86162884194328], [150.74600546656256, -33.861578080844076], [150.74610698876097, -33.861578080844076], [150.74610698876097, -33.86152731974488], [150.74620851095938, -33.86152731974488], [150.74620851095938, -33.86147655864568], [150.74631003315778, -33.86147655864568], [150.74631003315778, -33.86142579754648], [150.74641155535616, -33.86142579754648], [150.74641155535616, -33.86147655864568], [150.74646231645536, -33.86147655864568], [150.74646231645536, -33.86142579754648], [150.74666536085218, -33.86142579754648], [150.74666536085218, -33.86147655864568], [150.74676688305055, -33.86147655864568], [150.74676688305055, -33.86137503644728], [150.74686840524896, -33.86137503644728], [150.74686840524896, -33.86132427534808], [150.74702068854657, -33.86132427534808], [150.74702068854657, -33.86137503644728], [150.74707144964577, -33.86137503644728]]], [[[150.75382267583927, -33.86061361995929], [150.75382267583927, -33.86066438105849], [150.75336582594647, -33.86066438105849], [150.75336582594647, -33.86071514215769], [150.7532135426489, -33.86071514215769], [150.7532135426489, -33.86076590325689], [150.7531120204505, -33.86076590325689], [150.7531120204505, -33.860816664356086], [150.75290897605367, -33.860816664356086], [150.75290897605367, -33.86086742545529], [150.7528074538553, -33.86086742545529], [150.7528074538553, -33.860918186554485], [150.7526551705577, -33.860918186554485], [150.7526551705577, -33.86096894765369], [150.75260440945848, -33.86096894765369], [150.75260440945848, -33.861019708752885], [150.7524521261609, -33.861019708752885], [150.7524521261609, -33.86096894765369], [150.7524013650617, -33.86096894765369], [150.7524013650617, -33.861019708752885], [150.7522490817641, -33.861019708752885], [150.7522490817641, -33.86107046985209], [150.75214755956569, -33.86107046985209], [150.75214755956569, -33.861121230951284], [150.7519952762681, -33.861121230951284], [150.7519952762681, -33.86117199205049], [150.7519445151689, -33.86117199205049], [150.7519445151689, -33.86122275314968], [150.7517414707721, -33.86122275314968], [150.7517414707721, -33.861273514248886], [150.7516907096729, -33.861273514248886], [150.7516907096729, -33.86132427534808], [150.7514369041769, -33.86132427534808], [150.7514369041769, -33.86137503644728], [150.7513861430777, -33.86137503644728], [150.7513861430777, -33.86142579754648], [150.75123385978011, -33.86142579754648], [150.75123385978011, -33.86147655864568], [150.7511830986809, -33.86147655864568], [150.7511830986809, -33.86152731974488], [150.7510308153833, -33.86152731974488], [150.7510308153833, -33.861578080844076], [150.7509800542841, -33.861578080844076], [150.7509800542841, -33.86162884194328], [150.75077700988732, -33.86162884194328], [150.75077700988732, -33.861679603042475], [150.7506754876889, -33.861679603042475], [150.7506754876889, -33.86173036414168], [150.75057396549053, -33.86173036414168], [150.75057396549053, -33.861781125240874], [150.75047244329213, -33.861781125240874], [150.75047244329213, -33.86183188634008], [150.7502186377961, -33.86183188634008], [150.7502186377961, -33.86188264743927], [150.75016787669693, -33.86188264743927], [150.75016787669693, -33.861933408538476], [150.75006635449853, -33.861933408538476], [150.75006635449853, -33.86198416963767], [150.75001559339933, -33.86198416963767], [150.75001559339933, -33.862034930736876], [150.74991407120092, -33.862034930736876], [150.74991407120092, -33.86208569183607], [150.74986331010172, -33.86208569183607], [150.74986331010172, -33.862136452935275], [150.74971102680414, -33.862136452935275], [150.74971102680414, -33.86218721403447], [150.74966026570493, -33.86218721403447], [150.74966026570493, -33.86223797513367], [150.74960950460573, -33.86223797513367], [150.74960950460573, -33.86228873623287], [150.74955874350653, -33.86228873623287], [150.74955874350653, -33.862339497332066], [150.74950798240732, -33.862339497332066], [150.74950798240732, -33.86239025843127], [150.74945722130812, -33.86239025843127], [150.74945722130812, -33.862441019530465], [150.74930493801054, -33.862441019530465], [150.74930493801054, -33.86249178062967], [150.74925417691134, -33.86249178062967], [150.74925417691134, -33.862542541728864], [150.74920341581213, -33.862542541728864], [150.74920341581213, -33.86259330282807], [150.74915265471293, -33.86259330282807], [150.74915265471293, -33.86264406392726], [150.74910189361373, -33.86264406392726], [150.74910189361373, -33.862694825026466], [150.74905113251455, -33.862694825026466], [150.74905113251455, -33.86274558612566], [150.74900037141535, -33.86274558612566], [150.74900037141535, -33.862796347224865], [150.74894961031615, -33.862796347224865], [150.74894961031615, -33.86284710832406], [150.74889884921694, -33.86284710832406], [150.74889884921694, -33.862897869423264], [150.74884808811774, -33.862897869423264], [150.74884808811774, -33.86294863052246], [150.74879732701854, -33.86294863052246], [150.74879732701854, -33.862999391621656], [150.74874656591933, -33.862999391621656], [150.74874656591933, -33.86305015272086], [150.74864504372096, -33.86305015272086], [150.74864504372096, -33.863100913820055], [150.74859428262175, -33.863100913820055], [150.74859428262175, -33.86315167491926], [150.74849276042335, -33.86315167491926], [150.74849276042335, -33.86325319711766], [150.74839123822494, -33.86325319711766], [150.74839123822494, -33.86335471931606], [150.74828971602656, -33.86335471931606], [150.74828971602656, -33.86340548041525], [150.74823895492736, -33.86340548041525], [150.74823895492736, -33.863456241514456], [150.74818819382816, -33.863456241514456], [150.74818819382816, -33.86350700261365], [150.74813743272895, -33.86350700261365], [150.74813743272895, -33.863557763712855], [150.74808667162975, -33.863557763712855], [150.74808667162975, -33.86360852481205], [150.74803591053055, -33.86360852481205], [150.74803591053055, -33.863659285911254], [150.74798514943134, -33.863659285911254], [150.74798514943134, -33.86371004701045], [150.74793438833214, -33.86371004701045], [150.74793438833214, -33.86376080810965], [150.74788362723297, -33.86376080810965], [150.74788362723297, -33.863862330308045], [150.74783286613376, -33.863862330308045], [150.74783286613376, -33.86391309140725], [150.74778210503456, -33.86391309140725], [150.74778210503456, -33.863963852506444], [150.74768058283615, -33.863963852506444], [150.74768058283615, -33.86406537470484], [150.74757906063775, -33.86406537470484], [150.74757906063775, -33.86416689690324], [150.74752829953854, -33.86416689690324], [150.74752829953854, -33.864217658002445], [150.74742677734017, -33.864217658002445], [150.74742677734017, -33.864319180200845], [150.74737601624096, -33.864319180200845], [150.74737601624096, -33.864420702399244], [150.74727449404256, -33.864420702399244], [150.74727449404256, -33.864217658002445], [150.74732525514176, -33.864217658002445], [150.74732525514176, -33.86401461360565], [150.74737601624096, -33.86401461360565], [150.74737601624096, -33.86371004701045], [150.74742677734017, -33.86371004701045], [150.74742677734017, -33.86350700261365], [150.74747753843937, -33.86350700261365], [150.74747753843937, -33.863303958216854], [150.74752829953854, -33.863303958216854], [150.74752829953854, -33.86325319711766], [150.74747753843937, -33.86325319711766], [150.74747753843937, -33.863202436018454], [150.74752829953854, -33.863202436018454], [150.74752829953854, -33.86305015272086], [150.74757906063775, -33.86305015272086], [150.74757906063775, -33.862694825026466], [150.74762982173695, -33.862694825026466], [150.74762982173695, -33.86249178062967], [150.74768058283615, -33.86249178062967], [150.74768058283615, -33.86223797513367], [150.74773134393536, -33.86223797513367], [150.74773134393536, -33.862034930736876], [150.74778210503456, -33.862034930736876], [150.74778210503456, -33.861781125240874], [150.74783286613376, -33.861781125240874], [150.74783286613376, -33.86152731974488], [150.74788362723297, -33.86152731974488], [150.74788362723297, -33.86122275314968], [150.74793438833214, -33.86122275314968], [150.74793438833214, -33.86117199205049], [150.74798514943134, -33.86117199205049], [150.74798514943134, -33.861121230951284], [150.74803591053055, -33.861121230951284], [150.74803591053055, -33.86107046985209], [150.74813743272895, -33.86107046985209], [150.74813743272895, -33.861019708752885], [150.74834047712574, -33.861019708752885], [150.74834047712574, -33.86107046985209], [150.74854352152255, -33.86107046985209], [150.74854352152255, -33.861019708752885], [150.74884808811774, -33.861019708752885], [150.74884808811774, -33.86096894765369], [150.74905113251455, -33.86096894765369], [150.74905113251455, -33.860918186554485], [150.74940646020895, -33.860918186554485], [150.74940646020895, -33.86086742545529], [150.74950798240732, -33.86086742545529], [150.74950798240732, -33.860816664356086], [150.74981254900254, -33.860816664356086], [150.74981254900254, -33.86086742545529], [150.74996483230012, -33.86086742545529], [150.74996483230012, -33.860816664356086], [150.75011711559773, -33.860816664356086], [150.75011711559773, -33.86086742545529], [150.7502186377961, -33.86086742545529], [150.7502186377961, -33.860918186554485], [150.75032015999452, -33.860918186554485], [150.75032015999452, -33.861019708752885], [150.75042168219292, -33.861019708752885], [150.75042168219292, -33.86107046985209], [150.75052320439133, -33.86107046985209], [150.75052320439133, -33.861121230951284], [150.7506247265897, -33.861121230951284], [150.7506247265897, -33.86117199205049], [150.75082777098652, -33.86117199205049], [150.75082777098652, -33.861121230951284], [150.75123385978011, -33.861121230951284], [150.75123385978011, -33.86107046985209], [150.75133538197852, -33.86107046985209], [150.75133538197852, -33.861019708752885], [150.7518429929705, -33.861019708752885], [150.7518429929705, -33.86096894765369], [150.7519445151689, -33.86096894765369], [150.7519445151689, -33.860918186554485], [150.7520460373673, -33.860918186554485], [150.7520460373673, -33.86086742545529], [150.7520967984665, -33.86086742545529], [150.7520967984665, -33.860816664356086], [150.7521983206649, -33.860816664356086], [150.7521983206649, -33.86076590325689], [150.7522490817641, -33.86076590325689], [150.7522490817641, -33.86071514215769], [150.7524521261609, -33.86071514215769], [150.7524521261609, -33.86066438105849], [150.75255364835928, -33.86066438105849], [150.75255364835928, -33.86061361995929], [150.7526551705577, -33.86061361995929], [150.7526551705577, -33.86056285886009], [150.75392419803768, -33.86056285886009], [150.75392419803768, -33.860512097760896], [150.75412724243446, -33.860512097760896], [150.75412724243446, -33.86061361995929], [150.75382267583927, -33.86061361995929]]], [[[150.743822739297, -33.852644127385], [150.743822739297, -33.852694888484194], [150.7438735003962, -33.852694888484194], [150.7438735003962, -33.8528471717818], [150.7439242614954, -33.8528471717818], [150.7439242614954, -33.85289793288099], [150.7439750225946, -33.85289793288099], [150.7439750225946, -33.852948693980196], [150.74402578369381, -33.852948693980196], [150.74402578369381, -33.853050216178595], [150.74407654479302, -33.853050216178595], [150.74407654479302, -33.85315173837699], [150.7441780669914, -33.85315173837699], [150.7441780669914, -33.853253260575386], [150.7442288280906, -33.853253260575386], [150.7442288280906, -33.85330402167459], [150.7442795891898, -33.85330402167459], [150.7442795891898, -33.85340554387299], [150.744330350289, -33.85340554387299], [150.744330350289, -33.853456304972184], [150.7443811113882, -33.853456304972184], [150.7443811113882, -33.85355782717058], [150.74448263358659, -33.85355782717058], [150.74448263358659, -33.85365934936898], [150.7445333946858, -33.85365934936898], [150.7445333946858, -33.85376087156738], [150.744584155785, -33.85376087156738], [150.744584155785, -33.853811632666584], [150.7446349168842, -33.853811632666584], [150.7446349168842, -33.85386239376578], [150.7446856779834, -33.85386239376578], [150.7446856779834, -33.85396391596418], [150.7447364390826, -33.85396391596418], [150.7447364390826, -33.854014677063375], [150.7447872001818, -33.854014677063375], [150.7447872001818, -33.854116199261775], [150.744837961281, -33.854116199261775], [150.744837961281, -33.85416696036098], [150.74488872238018, -33.85416696036098], [150.74488872238018, -33.85426848255938], [150.74493948347938, -33.85426848255938], [150.74493948347938, -33.85431924365857], [150.7449902445786, -33.85431924365857], [150.7449902445786, -33.854370004757776], [150.7450410056778, -33.854370004757776], [150.7450410056778, -33.85442076585697], [150.745091766777, -33.85442076585697], [150.745091766777, -33.85452228805537], [150.7451425278762, -33.85452228805537], [150.7451425278762, -33.854573049154574], [150.7451932889754, -33.854573049154574], [150.7451932889754, -33.85467457135297], [150.74524405007458, -33.85467457135297], [150.74524405007458, -33.85472533245217], [150.74529481117378, -33.85472533245217], [150.74529481117378, -33.854776093551365], [150.74534557227298, -33.854776093551365], [150.74534557227298, -33.85482685465057], [150.74539633337218, -33.85482685465057], [150.74539633337218, -33.85492837684897], [150.7454470944714, -33.85492837684897], [150.7454470944714, -33.85497913794816], [150.7454978555706, -33.85497913794816], [150.7454978555706, -33.85508066014656], [150.7455486166698, -33.85508066014656], [150.7455486166698, -33.85518218234496], [150.745599377769, -33.85518218234496], [150.745599377769, -33.85528370454336], [150.74565013886817, -33.85528370454336], [150.74565013886817, -33.855334465642564], [150.74575166106658, -33.855334465642564], [150.74575166106658, -33.85538522674176], [150.74580242216578, -33.85538522674176], [150.74580242216578, -33.85548674894016], [150.74585318326498, -33.85548674894016], [150.74585318326498, -33.85553751003936], [150.7459039443642, -33.85553751003936], [150.7459039443642, -33.855639032237754], [150.7459547054634, -33.855639032237754], [150.7459547054634, -33.85568979333696], [150.74600546656256, -33.85568979333696], [150.74600546656256, -33.855791315535356], [150.74605622766177, -33.855791315535356], [150.74605622766177, -33.855892837733755], [150.74610698876097, -33.855892837733755], [150.74610698876097, -33.85594359883295], [150.74615774986017, -33.85594359883295], [150.74615774986017, -33.855994359932154], [150.74620851095938, -33.855994359932154], [150.74620851095938, -33.85609588213055], [150.74625927205858, -33.85609588213055], [150.74625927205858, -33.85629892652735], [150.74631003315778, -33.85629892652735], [150.74631003315778, -33.85634968762655], [150.746360794257, -33.85634968762655], [150.746360794257, -33.85645120982495], [150.74641155535616, -33.85645120982495], [150.74641155535616, -33.85660349312254], [150.74646231645536, -33.85660349312254], [150.74646231645536, -33.856552732023346], [150.74651307755457, -33.856552732023346], [150.74651307755457, -33.85680653751934], [150.74656383865377, -33.85680653751934], [150.74656383865377, -33.85690805971774], [150.74661459975297, -33.85690805971774], [150.74661459975297, -33.85706034301534], [150.74666536085218, -33.85706034301534], [150.74666536085218, -33.85711110411454], [150.74671612195138, -33.85711110411454], [150.74671612195138, -33.857314148511335], [150.74681764414976, -33.857314148511335], [150.74681764414976, -33.85756795400733], [150.74691916634816, -33.85756795400733], [150.74691916634816, -33.85777099840413], [150.74686840524896, -33.85777099840413], [150.74686840524896, -33.85787252060253], [150.74691916634816, -33.85787252060253], [150.74691916634816, -33.857974042800926], [150.74696992744737, -33.857974042800926], [150.74696992744737, -33.85802480390013], [150.74702068854657, -33.85802480390013], [150.74702068854657, -33.858177087197724], [150.74707144964577, -33.858177087197724], [150.74707144964577, -33.85827860939612], [150.74702068854657, -33.85827860939612], [150.74702068854657, -33.85848165379292], [150.74707144964577, -33.85848165379292], [150.74707144964577, -33.85832937049532], [150.74712221074498, -33.85832937049532], [150.74712221074498, -33.85898926478491], [150.74717297184415, -33.85898926478491], [150.74717297184415, -33.85904002588411], [150.74722373294335, -33.85904002588411], [150.74722373294335, -33.85934459247931], [150.74717297184415, -33.85934459247931], [150.74717297184415, -33.859395353578506], [150.74702068854657, -33.859395353578506], [150.74702068854657, -33.85934459247931], [150.74686840524896, -33.85934459247931], [150.74686840524896, -33.85929383138011], [150.74661459975297, -33.85929383138011], [150.74661459975297, -33.85924307028091], [150.74651307755457, -33.85924307028091], [150.74651307755457, -33.85929383138011], [150.74641155535616, -33.85929383138011], [150.74641155535616, -33.85924307028091], [150.74625927205858, -33.85924307028091], [150.74625927205858, -33.85919230918171], [150.74585318326498, -33.85919230918171], [150.74585318326498, -33.85914154808251], [150.7451932889754, -33.85914154808251], [150.7451932889754, -33.85919230918171], [150.743061322809, -33.85919230918171], [150.743061322809, -33.85924307028091], [150.74275675621382, -33.85924307028091], [150.74275675621382, -33.85929383138011], [150.74240142851943, -33.85929383138011], [150.74240142851943, -33.85924307028091], [150.74229990632102, -33.85924307028091], [150.74229990632102, -33.85919230918171], [150.74209686192424, -33.85919230918171], [150.74209686192424, -33.85924307028091], [150.74148772873383, -33.85924307028091], [150.74148772873383, -33.85929383138011], [150.74082783444425, -33.85929383138011], [150.74082783444425, -33.85924307028091], [150.74052326784906, -33.85924307028091], [150.74052326784906, -33.85929383138011], [150.74021870125387, -33.85929383138011], [150.74021870125387, -33.85934459247931], [150.74006641795626, -33.85934459247931], [150.74006641795626, -33.859395353578506], [150.73981261246027, -33.859395353578506], [150.73981261246027, -33.85934459247931], [150.73960956806346, -33.85934459247931], [150.73960956806346, -33.859395353578506], [150.73925424036906, -33.859395353578506], [150.73925424036906, -33.85944611467771], [150.73910195707148, -33.85944611467771], [150.73910195707148, -33.859496875776905], [150.73884815157547, -33.859496875776905], [150.73884815157547, -33.85944611467771], [150.7386958682779, -33.85944611467771], [150.7386958682779, -33.859496875776905], [150.7383405405835, -33.859496875776905], [150.7383405405835, -33.85954763687611], [150.73813749618668, -33.85954763687611], [150.73813749618668, -33.859598397975304], [150.7378329295915, -33.859598397975304], [150.7378329295915, -33.85954763687611], [150.73773140739308, -33.85954763687611], [150.73773140739308, -33.859598397975304], [150.7373760796987, -33.859598397975304], [150.7373760796987, -33.85964915907451], [150.73722379640108, -33.85964915907451], [150.73722379640108, -33.8596999201737], [150.7369192298059, -33.8596999201737], [150.7369192298059, -33.85964915907451], [150.7366654243099, -33.85964915907451], [150.7366654243099, -33.8596999201737], [150.7362085744171, -33.8596999201737], [150.7362085744171, -33.8597506812729], [150.7360562911195, -33.8597506812729], [150.7360562911195, -33.8598014423721], [150.73595476892112, -33.8598014423721], [150.73595476892112, -33.8597506812729], [150.73590400782192, -33.8597506812729], [150.73590400782192, -33.8596999201737], [150.73565020232593, -33.8596999201737], [150.73565020232593, -33.85964915907451], [150.73514259133393, -33.85964915907451], [150.73514259133393, -33.859598397975304], [150.73473650254033, -33.859598397975304], [150.73473650254033, -33.85954763687611], [150.73463498034192, -33.85954763687611], [150.73463498034192, -33.859496875776905], [150.73448269704434, -33.859496875776905], [150.73448269704434, -33.85944611467771], [150.73438117484594, -33.85944611467771], [150.73438117484594, -33.859395353578506], [150.73422889154833, -33.859395353578506], [150.73422889154833, -33.85934459247931], [150.73412736934995, -33.85934459247931], [150.73412736934995, -33.85929383138011], [150.73397508605234, -33.85929383138011], [150.73397508605234, -33.85924307028091], [150.73392432495314, -33.85924307028091], [150.73392432495314, -33.85919230918171], [150.73377204165553, -33.85919230918171], [150.73377204165553, -33.85914154808251], [150.73367051945715, -33.85914154808251], [150.73367051945715, -33.85909078698331], [150.73341671396113, -33.85909078698331], [150.73341671396113, -33.85904002588411], [150.73316290846515, -33.85904002588411], [150.73316290846515, -33.85898926478491], [150.73280758077075, -33.85898926478491], [150.73280758077075, -33.858938503685714], [150.73255377527477, -33.858938503685714], [150.73255377527477, -33.85888774258651], [150.73214768648117, -33.85888774258651], [150.73214768648117, -33.858836981487315], [150.73184311988598, -33.858836981487315], [150.73184311988598, -33.85878622038812], [150.73158931438996, -33.85878622038812], [150.73158931438996, -33.858735459288916], [150.73143703109238, -33.858735459288916], [150.73143703109238, -33.85868469818972], [150.73113246449716, -33.85868469818972], [150.73113246449716, -33.85863393709052], [150.7310309422988, -33.85863393709052], [150.7310309422988, -33.85858317599132], [150.73087865900118, -33.85858317599132], [150.73087865900118, -33.85853241489212], [150.73082789790197, -33.85853241489212], [150.73082789790197, -33.85848165379292], [150.73077713680277, -33.85848165379292], [150.73077713680277, -33.85838013159452], [150.7306756146044, -33.85838013159452], [150.7306756146044, -33.85832937049532], [150.73052333130678, -33.85832937049532], [150.73052333130678, -33.85827860939612], [150.7302695258108, -33.85827860939612], [150.7302695258108, -33.85822784829692], [150.73006648141399, -33.85822784829692], [150.73006648141399, -33.858177087197724], [150.7299141981164, -33.858177087197724], [150.7299141981164, -33.85822784829692], [150.7298634370172, -33.85822784829692], [150.7298634370172, -33.85827860939612], [150.7294573482236, -33.85827860939612], [150.7294573482236, -33.85822784829692], [150.7293558260252, -33.85822784829692], [150.7293558260252, -33.858177087197724], [150.72905125943, -33.858177087197724], [150.72905125943, -33.85812632609852], [150.7289497372316, -33.85812632609852], [150.7289497372316, -33.858075564999325], [150.7285944095372, -33.858075564999325], [150.7285944095372, -33.85802480390013], [150.728543648438, -33.85802480390013], [150.728543648438, -33.857974042800926], [150.7281883207436, -33.857974042800926], [150.7281883207436, -33.85787252060253], [150.72793451524763, -33.85787252060253], [150.72793451524763, -33.85782175950333], [150.72783299304922, -33.85782175950333], [150.72783299304922, -33.85777099840413], [150.72752842645403, -33.85777099840413], [150.72752842645403, -33.85766947620573], [150.72757918755323, -33.85766947620573], [150.72757918755323, -33.85761871510653], [150.72762994865244, -33.85761871510653], [150.72762994865244, -33.85756795400733], [150.7276807097516, -33.85756795400733], [150.7276807097516, -33.85751719290813], [150.7277314708508, -33.85751719290813], [150.7277314708508, -33.85746643180893], [150.72778223195002, -33.85746643180893], [150.72778223195002, -33.857415670709734], [150.72783299304922, -33.857415670709734], [150.72783299304922, -33.85736490961053], [150.72788375414842, -33.85736490961053], [150.72788375414842, -33.857314148511335], [150.72793451524763, -33.857314148511335], [150.72793451524763, -33.85726338741213], [150.72798527634683, -33.85726338741213], [150.72798527634683, -33.857212626312936], [150.728036037446, -33.857212626312936], [150.728036037446, -33.85716186521374], [150.7280867985452, -33.85716186521374], [150.7280867985452, -33.85711110411454], [150.7281375596444, -33.85711110411454], [150.7281375596444, -33.85706034301534], [150.7281883207436, -33.85706034301534], [150.7281883207436, -33.85700958191614], [150.72823908184282, -33.85700958191614], [150.72823908184282, -33.85695882081694], [150.72828984294202, -33.85695882081694], [150.72828984294202, -33.85690805971774], [150.72834060404122, -33.85690805971774], [150.72834060404122, -33.85685729861854], [150.72839136514042, -33.85685729861854], [150.72839136514042, -33.85680653751934], [150.7284421262396, -33.85680653751934], [150.7284421262396, -33.856755776420144], [150.728543648438, -33.856755776420144], [150.728543648438, -33.85670501532094], [150.7285944095372, -33.85670501532094], [150.7285944095372, -33.856755776420144], [150.7288989761324, -33.856755776420144], [150.7288989761324, -33.85680653751934], [150.7291020205292, -33.85680653751934], [150.7291020205292, -33.85685729861854], [150.729305064926, -33.85685729861854], [150.729305064926, -33.85690805971774], [150.7295081093228, -33.85690805971774], [150.7295081093228, -33.85695882081694], [150.7296603926204, -33.85695882081694], [150.7296603926204, -33.85700958191614], [150.7297111537196, -33.85700958191614], [150.7297111537196, -33.85695882081694], [150.729812675918, -33.85695882081694], [150.729812675918, -33.85700958191614], [150.7301172425132, -33.85700958191614], [150.7301172425132, -33.85706034301534], [150.7306756146044, -33.85706034301534], [150.7306756146044, -33.85711110411454], [150.73098018119958, -33.85711110411454], [150.73098018119958, -33.85716186521374], [150.73133550889398, -33.85716186521374], [150.73133550889398, -33.857212626312936], [150.73184311988598, -33.857212626312936], [150.73184311988598, -33.85726338741213], [150.73229996977875, -33.85726338741213], [150.73229996977875, -33.857212626312936], [150.73275681967155, -33.857212626312936], [150.73275681967155, -33.85726338741213], [150.73321366956435, -33.85726338741213], [150.73321366956435, -33.857212626312936], [150.73351823615954, -33.857212626312936], [150.73351823615954, -33.85716186521374], [150.73377204165553, -33.85716186521374], [150.73377204165553, -33.857212626312936], [150.73417813044912, -33.857212626312936], [150.73417813044912, -33.85716186521374], [150.73458421924272, -33.85716186521374], [150.73458421924272, -33.85711110411454], [150.73504106913552, -33.85711110411454], [150.73504106913552, -33.85706034301534], [150.7353456357307, -33.85706034301534], [150.7353456357307, -33.85700958191614], [150.73549791902832, -33.85700958191614], [150.73549791902832, -33.85695882081694], [150.73559944122673, -33.85695882081694], [150.73559944122673, -33.85700958191614], [150.7357009634251, -33.85700958191614], [150.7357009634251, -33.85695882081694], [150.73590400782192, -33.85695882081694], [150.73590400782192, -33.85690805971774], [150.73600553002032, -33.85690805971774], [150.73600553002032, -33.85685729861854], [150.7362085744171, -33.85685729861854], [150.7362085744171, -33.85680653751934], [150.7365639021115, -33.85680653751934], [150.7365639021115, -33.856755776420144], [150.7367161854091, -33.856755776420144], [150.7367161854091, -33.85670501532094], [150.73681770760749, -33.85670501532094], [150.73681770760749, -33.856654254221745], [150.7371222742027, -33.856654254221745], [150.7371222742027, -33.85660349312254], [150.73727455750029, -33.85660349312254], [150.73727455750029, -33.856552732023346], [150.7374268407979, -33.856552732023346], [150.7374268407979, -33.85650197092414], [150.7375283629963, -33.85650197092414], [150.7375283629963, -33.85645120982495], [150.7377821684923, -33.85645120982495], [150.7377821684923, -33.85640044872575], [150.7378836906907, -33.85640044872575], [150.7378836906907, -33.85634968762655], [150.73803597398827, -33.85634968762655], [150.73803597398827, -33.85629892652735], [150.73808673508748, -33.85629892652735], [150.73808673508748, -33.85624816542815], [150.7382390183851, -33.85624816542815], [150.7382390183851, -33.85619740432895], [150.7383405405835, -33.85619740432895], [150.7383405405835, -33.85614664322975], [150.73849282388107, -33.85614664322975], [150.73849282388107, -33.85609588213055], [150.73859434607948, -33.85609588213055], [150.73859434607948, -33.85604512103135], [150.73879739047626, -33.85604512103135], [150.73879739047626, -33.855994359932154], [150.73894967377387, -33.855994359932154], [150.73894967377387, -33.85594359883295], [150.73905119597228, -33.85594359883295], [150.73905119597228, -33.855892837733755], [150.73910195707148, -33.855892837733755], [150.73910195707148, -33.85584207663455], [150.73920347926986, -33.85584207663455], [150.73920347926986, -33.855791315535356], [150.73935576256747, -33.855791315535356], [150.73935576256747, -33.85574055443615], [150.73945728476588, -33.85574055443615], [150.73945728476588, -33.85568979333696], [150.73955880696425, -33.85568979333696], [150.73955880696425, -33.855639032237754], [150.73966032916266, -33.855639032237754], [150.73966032916266, -33.85558827113856], [150.73971109026186, -33.85558827113856], [150.73971109026186, -33.85553751003936], [150.73986337355947, -33.85553751003936], [150.73986337355947, -33.85548674894016], [150.73996489575785, -33.85548674894016], [150.73996489575785, -33.85543598784096], [150.74001565685705, -33.85543598784096], [150.74001565685705, -33.85538522674176], [150.74011717905546, -33.85538522674176], [150.74011717905546, -33.855334465642564], [150.74016794015466, -33.855334465642564], [150.74016794015466, -33.85528370454336], [150.74032022345224, -33.85528370454336], [150.74032022345224, -33.855232943444165], [150.74042174565065, -33.855232943444165], [150.74042174565065, -33.85518218234496], [150.74047250674985, -33.85518218234496], [150.74047250674985, -33.855131421245765], [150.74057402894826, -33.855131421245765], [150.74057402894826, -33.85508066014656], [150.74062479004746, -33.85508066014656], [150.74062479004746, -33.855029899047366], [150.74077707334504, -33.855029899047366], [150.74077707334504, -33.85497913794816], [150.74082783444425, -33.85497913794816], [150.74082783444425, -33.85492837684897], [150.74092935664265, -33.85492837684897], [150.74092935664265, -33.854877615749764], [150.74098011774186, -33.854877615749764], [150.74098011774186, -33.85482685465057], [150.74108163994023, -33.85482685465057], [150.74108163994023, -33.854776093551365], [150.74113240103944, -33.854776093551365], [150.74113240103944, -33.85472533245217], [150.74123392323784, -33.85472533245217], [150.74123392323784, -33.85467457135297], [150.74133544543625, -33.85467457135297], [150.74133544543625, -33.854573049154574], [150.74138620653545, -33.854573049154574], [150.74138620653545, -33.85452228805537], [150.74148772873383, -33.85452228805537], [150.74148772873383, -33.854471526956175], [150.74153848983303, -33.854471526956175], [150.74153848983303, -33.85442076585697], [150.74164001203144, -33.85442076585697], [150.74164001203144, -33.854370004757776], [150.74169077313064, -33.854370004757776], [150.74169077313064, -33.85431924365857], [150.74179229532902, -33.85431924365857], [150.74179229532902, -33.85426848255938], [150.74184305642822, -33.85426848255938], [150.74184305642822, -33.854217721460174], [150.74189381752743, -33.854217721460174], [150.74189381752743, -33.85416696036098], [150.74199533972583, -33.85416696036098], [150.74199533972583, -33.854116199261775], [150.74204610082504, -33.854116199261775], [150.74204610082504, -33.85406543816258], [150.74209686192424, -33.85406543816258], [150.74209686192424, -33.854014677063375], [150.74219838412262, -33.854014677063375], [150.74219838412262, -33.85391315486498], [150.74229990632102, -33.85391315486498], [150.74229990632102, -33.85386239376578], [150.74235066742023, -33.85386239376578], [150.74235066742023, -33.853811632666584], [150.74245218961863, -33.853811632666584], [150.74245218961863, -33.85376087156738], [150.74250295071784, -33.85376087156738], [150.74250295071784, -33.853710110468185], [150.74255371181704, -33.853710110468185], [150.74255371181704, -33.85365934936898], [150.7426044729162, -33.85365934936898], [150.7426044729162, -33.853608588269786], [150.74265523401542, -33.853608588269786], [150.74265523401542, -33.85355782717058], [150.74275675621382, -33.85355782717058], [150.74275675621382, -33.85350706607139], [150.74280751731303, -33.85350706607139], [150.74280751731303, -33.853456304972184], [150.74285827841223, -33.853456304972184], [150.74285827841223, -33.85340554387299], [150.74290903951143, -33.85340554387299], [150.74290903951143, -33.853354782773785], [150.7429598006106, -33.853354782773785], [150.7429598006106, -33.85330402167459], [150.7430105617098, -33.85330402167459], [150.7430105617098, -33.853253260575386], [150.743061322809, -33.853253260575386], [150.743061322809, -33.85320249947619], [150.74311208390822, -33.85320249947619], [150.74311208390822, -33.85315173837699], [150.74316284500742, -33.85315173837699], [150.74316284500742, -33.85310097727779], [150.74321360610662, -33.85310097727779], [150.74321360610662, -33.853050216178595], [150.74326436720582, -33.853050216178595], [150.74326436720582, -33.85299945507939], [150.74331512830503, -33.85299945507939], [150.74331512830503, -33.852948693980196], [150.7433658894042, -33.852948693980196], [150.7433658894042, -33.85289793288099], [150.7434166505034, -33.85289793288099], [150.7434166505034, -33.8528471717818], [150.7434674116026, -33.8528471717818], [150.7434674116026, -33.85279641068259], [150.7435181727018, -33.85279641068259], [150.7435181727018, -33.8527456495834], [150.74356893380101, -33.8527456495834], [150.74356893380101, -33.852694888484194], [150.74361969490022, -33.852694888484194], [150.74361969490022, -33.852644127385], [150.7437212170986, -33.852644127385], [150.7437212170986, -33.852593366285795], [150.7437719781978, -33.852593366285795], [150.7437719781978, -33.852644127385], [150.743822739297, -33.852644127385]]], [[[150.70884834194868, -33.85386239376578], [150.70884834194868, -33.854014677063375], [150.70889910304786, -33.854014677063375], [150.70889910304786, -33.854116199261775], [150.70905138634546, -33.854116199261775], [150.70905138634546, -33.85386239376578], [150.70915290854387, -33.85386239376578], [150.70915290854387, -33.853811632666584], [150.71032041382546, -33.853811632666584], [150.71032041382546, -33.85386239376578], [150.71204629119822, -33.85386239376578], [150.71204629119822, -33.85391315486498], [150.7136706463726, -33.85391315486498], [150.7136706463726, -33.85396391596418], [150.7140767351662, -33.85396391596418], [150.7140767351662, -33.854014677063375], [150.7143305406622, -33.854014677063375], [150.7143305406622, -33.85406543816258], [150.71473662945579, -33.85406543816258], [150.71473662945579, -33.854116199261775], [150.7153457626462, -33.854116199261775], [150.7153457626462, -33.85416696036098], [150.71565032924138, -33.85416696036098], [150.71565032924138, -33.854217721460174], [150.71631022353097, -33.854217721460174], [150.71631022353097, -33.85426848255938], [150.71661479012616, -33.85426848255938], [150.71661479012616, -33.85431924365857], [150.71691935672138, -33.85431924365857], [150.71691935672138, -33.854370004757776], [150.71717316221736, -33.854370004757776], [150.71717316221736, -33.85442076585697], [150.71757925101096, -33.85442076585697], [150.71757925101096, -33.854471526956175], [150.71788381760615, -33.854471526956175], [150.71788381760615, -33.85452228805537], [150.71828990639975, -33.85452228805537], [150.71828990639975, -33.854573049154574], [150.71854371189573, -33.854573049154574], [150.71854371189573, -33.85462381025377], [150.71894980068933, -33.85462381025377], [150.71894980068933, -33.85467457135297], [150.71915284508614, -33.85467457135297], [150.71915284508614, -33.85472533245217], [150.71950817278054, -33.85472533245217], [150.71950817278054, -33.854776093551365], [150.71971121717732, -33.854776093551365], [150.71971121717732, -33.85482685465057], [150.7200665448717, -33.85482685465057], [150.7200665448717, -33.854877615749764], [150.72026958926853, -33.854877615749764], [150.72026958926853, -33.85492837684897], [150.72057415586372, -33.85492837684897], [150.72057415586372, -33.85497913794816], [150.72072643916133, -33.85497913794816], [150.72072643916133, -33.855029899047366], [150.7209802446573, -33.855029899047366], [150.7209802446573, -33.85508066014656], [150.7211832890541, -33.85508066014656], [150.7211832890541, -33.855131421245765], [150.7215386167485, -33.855131421245765], [150.7215386167485, -33.85518218234496], [150.7216401389469, -33.85518218234496], [150.7216401389469, -33.855232943444165], [150.7217924222445, -33.855232943444165], [150.7217924222445, -33.85528370454336], [150.7219954666413, -33.85528370454336], [150.7219954666413, -33.855334465642564], [150.7222492721373, -33.855334465642564], [150.7222492721373, -33.85538522674176], [150.7224523165341, -33.85538522674176], [150.7224523165341, -33.85543598784096], [150.72270612203008, -33.85543598784096], [150.72270612203008, -33.85548674894016], [150.7229599275261, -33.85548674894016], [150.7229599275261, -33.85553751003936], [150.72321373302208, -33.85553751003936], [150.72321373302208, -33.85558827113856], [150.7234167774189, -33.85558827113856], [150.7234167774189, -33.855639032237754], [150.72377210511328, -33.855639032237754], [150.72377210511328, -33.85568979333696], [150.72392438841086, -33.85568979333696], [150.72392438841086, -33.85574055443615], [150.72422895500605, -33.85574055443615], [150.72422895500605, -33.855791315535356], [150.72443199940287, -33.855791315535356], [150.72443199940287, -33.85584207663455], [150.72473656599806, -33.85584207663455], [150.72473656599806, -33.855892837733755], [150.72488884929567, -33.855892837733755], [150.72488884929567, -33.85594359883295], [150.72504113259325, -33.85594359883295], [150.72504113259325, -33.855994359932154], [150.72539646028764, -33.855994359932154], [150.72539646028764, -33.85604512103135], [150.72570102688286, -33.85604512103135], [150.72570102688286, -33.85609588213055], [150.72590407127964, -33.85609588213055], [150.72590407127964, -33.85614664322975], [150.72620863787483, -33.85614664322975], [150.72620863787483, -33.85619740432895], [150.72636092117244, -33.85619740432895], [150.72636092117244, -33.85624816542815], [150.72671624886684, -33.85624816542815], [150.72671624886684, -33.85629892652735], [150.72686853216445, -33.85629892652735], [150.72686853216445, -33.85634968762655], [150.72717309875964, -33.85634968762655], [150.72717309875964, -33.85640044872575], [150.72737614315642, -33.85640044872575], [150.72737614315642, -33.85645120982495], [150.72752842645403, -33.85645120982495], [150.72752842645403, -33.85650197092414], [150.72757918755323, -33.85650197092414], [150.72757918755323, -33.856552732023346], [150.72752842645403, -33.856552732023346], [150.72752842645403, -33.85660349312254], [150.72747766535483, -33.85660349312254], [150.72747766535483, -33.856654254221745], [150.72742690425562, -33.856654254221745], [150.72742690425562, -33.85670501532094], [150.72737614315642, -33.85670501532094], [150.72737614315642, -33.856755776420144], [150.72732538205722, -33.856755776420144], [150.72732538205722, -33.85680653751934], [150.727274620958, -33.85680653751934], [150.727274620958, -33.85685729861854], [150.72722385985884, -33.85685729861854], [150.72722385985884, -33.85690805971774], [150.72717309875964, -33.85690805971774], [150.72717309875964, -33.85695882081694], [150.72712233766043, -33.85695882081694], [150.72712233766043, -33.85700958191614], [150.72707157656123, -33.85700958191614], [150.72707157656123, -33.85706034301534], [150.72702081546203, -33.85706034301534], [150.72702081546203, -33.85711110411454], [150.72697005436282, -33.85711110411454], [150.72697005436282, -33.85716186521374], [150.72691929326362, -33.85716186521374], [150.72691929326362, -33.857212626312936], [150.72686853216445, -33.857212626312936], [150.72686853216445, -33.85726338741213], [150.72681777106524, -33.85726338741213], [150.72681777106524, -33.857314148511335], [150.72676700996604, -33.857314148511335], [150.72676700996604, -33.85736490961053], [150.72671624886684, -33.85736490961053], [150.72671624886684, -33.857415670709734], [150.72666548776763, -33.857415670709734], [150.72666548776763, -33.85746643180893], [150.72661472666843, -33.85746643180893], [150.72661472666843, -33.85751719290813], [150.72651320447002, -33.85751719290813], [150.72651320447002, -33.85756795400733], [150.72631016007324, -33.85756795400733], [150.72631016007324, -33.85751719290813], [150.72625939897404, -33.85751719290813], [150.72625939897404, -33.85746643180893], [150.72610711567646, -33.85746643180893], [150.72610711567646, -33.857415670709734], [150.72600559347805, -33.857415670709734], [150.72600559347805, -33.857314148511335], [150.72575178798203, -33.857314148511335], [150.72575178798203, -33.857212626312936], [150.72544722138684, -33.857212626312936], [150.72544722138684, -33.85711110411454], [150.72514265479165, -33.85711110411454], [150.72514265479165, -33.85700958191614], [150.72483808819646, -33.85700958191614], [150.72483808819646, -33.85690805971774], [150.72397514951007, -33.85690805971774], [150.72397514951007, -33.85685729861854], [150.72316297192287, -33.85685729861854], [150.72316297192287, -33.85680653751934], [150.7230106886253, -33.85680653751934], [150.7230106886253, -33.856755776420144], [150.7225538387325, -33.856755776420144], [150.7225538387325, -33.85670501532094], [150.7225030776333, -33.85670501532094], [150.7225030776333, -33.856654254221745], [150.7222492721373, -33.856654254221745], [150.7222492721373, -33.85660349312254], [150.7220969888397, -33.85660349312254], [150.7220969888397, -33.856552732023346], [150.7218431833437, -33.856552732023346], [150.7218431833437, -33.85650197092414], [150.7217416611453, -33.85650197092414], [150.7217416611453, -33.85645120982495], [150.7215893778477, -33.85645120982495], [150.7215893778477, -33.85640044872575], [150.7215386167485, -33.85640044872575], [150.7215386167485, -33.85634968762655], [150.7214370945501, -33.85634968762655], [150.7214370945501, -33.85629892652735], [150.7213355723517, -33.85629892652735], [150.7213355723517, -33.85624816542815], [150.7212340501533, -33.85624816542815], [150.7212340501533, -33.85619740432895], [150.72113252795492, -33.85619740432895], [150.72113252795492, -33.85614664322975], [150.72103100575652, -33.85614664322975], [150.72103100575652, -33.85609588213055], [150.7209802446573, -33.85609588213055], [150.7209802446573, -33.85604512103135], [150.7209294835581, -33.85604512103135], [150.7209294835581, -33.855994359932154], [150.7208279613597, -33.855994359932154], [150.7208279613597, -33.85594359883295], [150.7207772002605, -33.85594359883295], [150.7207772002605, -33.855892837733755], [150.72067567806212, -33.855892837733755], [150.72067567806212, -33.85584207663455], [150.7204726336653, -33.85584207663455], [150.7204726336653, -33.855791315535356], [150.72037111146693, -33.855791315535356], [150.72037111146693, -33.85574055443615], [150.71996502267334, -33.85574055443615], [150.71996502267334, -33.85568979333696], [150.71986350047493, -33.85568979333696], [150.71986350047493, -33.855639032237754], [150.7196096949789, -33.855639032237754], [150.7196096949789, -33.85558827113856], [150.71930512838372, -33.85558827113856], [150.71930512838372, -33.85553751003936], [150.71889903959013, -33.85553751003936], [150.71889903959013, -33.85548674894016], [150.71864523409414, -33.85548674894016], [150.71864523409414, -33.85543598784096], [150.71818838420134, -33.85543598784096], [150.71818838420134, -33.85538522674176], [150.71793457870535, -33.85538522674176], [150.71793457870535, -33.855334465642564], [150.71752848991176, -33.855334465642564], [150.71752848991176, -33.85528370454336], [150.71727468441577, -33.85528370454336], [150.71727468441577, -33.855232943444165], [150.71671631232456, -33.855232943444165], [150.71671631232456, -33.85518218234496], [150.71661479012616, -33.85518218234496], [150.71661479012616, -33.855131421245765], [150.71610717913418, -33.855131421245765], [150.71610717913418, -33.85508066014656], [150.71605641803498, -33.85508066014656], [150.71605641803498, -33.855029899047366], [150.71580261253897, -33.855029899047366], [150.71580261253897, -33.85497913794816], [150.71554880704298, -33.85497913794816], [150.71554880704298, -33.85492837684897], [150.71519347934859, -33.85492837684897], [150.71519347934859, -33.854877615749764], [150.7144320628606, -33.854877615749764], [150.7144320628606, -33.85492837684897], [150.7138736907694, -33.85492837684897], [150.7138736907694, -33.85482685465057], [150.71209705229742, -33.85482685465057], [150.71209705229742, -33.854776093551365], [150.71077726371826, -33.854776093551365], [150.71077726371826, -33.85482685465057], [150.71042193602386, -33.85482685465057], [150.71042193602386, -33.85472533245217], [150.70844225315508, -33.85472533245217], [150.70844225315508, -33.85467457135297], [150.70828996985747, -33.85467457135297], [150.70828996985747, -33.85472533245217], [150.70823920875827, -33.85472533245217], [150.70823920875827, -33.85467457135297], [150.70818844765907, -33.85467457135297], [150.70818844765907, -33.85472533245217], [150.7066656146831, -33.85472533245217], [150.7066656146831, -33.85467457135297], [150.7058534370959, -33.85467457135297], [150.7058534370959, -33.85472533245217], [150.7055996315999, -33.85472533245217], [150.7055996315999, -33.854776093551365], [150.7055488705007, -33.854776093551365], [150.7055488705007, -33.85482685465057], [150.70534582610392, -33.85482685465057], [150.70534582610392, -33.854776093551365], [150.70524430390552, -33.854776093551365], [150.70524430390552, -33.85482685465057], [150.70504125950873, -33.85482685465057], [150.70504125950873, -33.854877615749764], [150.70488897621112, -33.854877615749764], [150.70488897621112, -33.85492837684897], [150.70443212631832, -33.85492837684897], [150.70443212631832, -33.85497913794816], [150.70427984302074, -33.85497913794816], [150.70427984302074, -33.855029899047366], [150.70402603752473, -33.855029899047366], [150.70402603752473, -33.85508066014656], [150.70392451532635, -33.85508066014656], [150.70392451532635, -33.855131421245765], [150.70346766543355, -33.855131421245765], [150.70346766543355, -33.85518218234496], [150.70331538213594, -33.85518218234496], [150.70331538213594, -33.855232943444165], [150.70306157663995, -33.855232943444165], [150.70306157663995, -33.85528370454336], [150.70301081554075, -33.85528370454336], [150.70301081554075, -33.855334465642564], [150.70275701004476, -33.855334465642564], [150.70275701004476, -33.85528370454336], [150.70270624894556, -33.85528370454336], [150.70270624894556, -33.855334465642564], [150.70250320454875, -33.855334465642564], [150.70250320454875, -33.85538522674176], [150.70235092125117, -33.85538522674176], [150.70235092125117, -33.85543598784096], [150.70209711575515, -33.85543598784096], [150.70209711575515, -33.85548674894016], [150.70199559355677, -33.85548674894016], [150.70199559355677, -33.85553751003936], [150.70184331025916, -33.85553751003936], [150.70184331025916, -33.85548674894016], [150.70174178806076, -33.85548674894016], [150.70174178806076, -33.85553751003936], [150.70153874366397, -33.85553751003936], [150.70153874366397, -33.85558827113856], [150.70143722146557, -33.85558827113856], [150.70143722146557, -33.855639032237754], [150.70118341596958, -33.855639032237754], [150.70118341596958, -33.85568979333696], [150.70108189377117, -33.85568979333696], [150.70108189377117, -33.85574055443615], [150.70092961047357, -33.85574055443615], [150.70092961047357, -33.85568979333696], [150.7008280882752, -33.85568979333696], [150.7008280882752, -33.85574055443615], [150.70062504387838, -33.85574055443615], [150.70062504387838, -33.855791315535356], [150.7004727605808, -33.855791315535356], [150.7004727605808, -33.85584207663455], [150.70026971618398, -33.85584207663455], [150.70026971618398, -33.855892837733755], [150.70016819398558, -33.855892837733755], [150.70016819398558, -33.85594359883295], [150.7000666717872, -33.85594359883295], [150.7000666717872, -33.855892837733755], [150.700015910688, -33.855892837733755], [150.700015910688, -33.85594359883295], [150.69976210519198, -33.85594359883295], [150.69976210519198, -33.855994359932154], [150.6996098218944, -33.855994359932154], [150.6996098218944, -33.85604512103135], [150.6994575385968, -33.85604512103135], [150.6994575385968, -33.85609588213055], [150.69935601639838, -33.85609588213055], [150.69935601639838, -33.85614664322975], [150.6992037331008, -33.85614664322975], [150.6992037331008, -33.85609588213055], [150.6991529720016, -33.85609588213055], [150.6991529720016, -33.85614664322975], [150.69894992760482, -33.85614664322975], [150.69894992760482, -33.85619740432895], [150.6987976443072, -33.85619740432895], [150.6987976443072, -33.85624816542815], [150.6986453610096, -33.85624816542815], [150.6986453610096, -33.85629892652735], [150.69854383881122, -33.85629892652735], [150.69854383881122, -33.85634968762655], [150.6982900333152, -33.85634968762655], [150.6982900333152, -33.85640044872575], [150.69818851111683, -33.85640044872575], [150.69818851111683, -33.85645120982495], [150.69803622781922, -33.85645120982495], [150.69803622781922, -33.85650197092414], [150.6979347056208, -33.85650197092414], [150.6979347056208, -33.856552732023346], [150.69773166122403, -33.856552732023346], [150.69773166122403, -33.85660349312254], [150.69757937792642, -33.85660349312254], [150.69757937792642, -33.856654254221745], [150.697477855728, -33.856654254221745], [150.697477855728, -33.85670501532094], [150.69737633352963, -33.85670501532094], [150.69737633352963, -33.856755776420144], [150.69722405023202, -33.856755776420144], [150.69722405023202, -33.85680653751934], [150.69717328913282, -33.85680653751934], [150.69717328913282, -33.85685729861854], [150.6970717669344, -33.85685729861854], [150.6970717669344, -33.85680653751934], [150.69702100583524, -33.85680653751934], [150.69702100583524, -33.85685729861854], [150.69686872253763, -33.85685729861854], [150.69686872253763, -33.85690805971774], [150.69676720033922, -33.85690805971774], [150.69676720033922, -33.85695882081694], [150.69636111154563, -33.85695882081694], [150.69636111154563, -33.85690805971774], [150.69625958934725, -33.85690805971774], [150.69625958934725, -33.85685729861854], [150.69620882824805, -33.85685729861854], [150.69620882824805, -33.856755776420144], [150.69615806714884, -33.856755776420144], [150.69615806714884, -33.85670501532094], [150.69610730604964, -33.85670501532094], [150.69610730604964, -33.856654254221745], [150.69605654495044, -33.856654254221745], [150.69605654495044, -33.85660349312254], [150.69600578385123, -33.85660349312254], [150.69600578385123, -33.85650197092414], [150.69595502275203, -33.85650197092414], [150.69595502275203, -33.85645120982495], [150.69590426165283, -33.85645120982495], [150.69590426165283, -33.85634968762655], [150.69585350055365, -33.85634968762655], [150.69585350055365, -33.85629892652735], [150.69580273945445, -33.85629892652735], [150.69580273945445, -33.85624816542815], [150.69575197835525, -33.85624816542815], [150.69575197835525, -33.85619740432895], [150.69570121725604, -33.85619740432895], [150.69570121725604, -33.85609588213055], [150.69565045615684, -33.85609588213055], [150.69565045615684, -33.85604512103135], [150.69559969505764, -33.85604512103135], [150.69559969505764, -33.85594359883295], [150.69554893395843, -33.85594359883295], [150.69554893395843, -33.855892837733755], [150.69565045615684, -33.855892837733755], [150.69565045615684, -33.85584207663455], [150.69580273945445, -33.85584207663455], [150.69580273945445, -33.855791315535356], [150.69590426165283, -33.855791315535356], [150.69590426165283, -33.85574055443615], [150.69620882824805, -33.85574055443615], [150.69620882824805, -33.85568979333696], [150.69636111154563, -33.85568979333696], [150.69636111154563, -33.855639032237754], [150.69651339484324, -33.855639032237754], [150.69651339484324, -33.85558827113856], [150.69666567814082, -33.85558827113856], [150.69666567814082, -33.85553751003936], [150.69697024473604, -33.85553751003936], [150.69697024473604, -33.85548674894016], [150.69712252803362, -33.85548674894016], [150.69712252803362, -33.85543598784096], [150.69732557243043, -33.85543598784096], [150.69732557243043, -33.85538522674176], [150.6974270946288, -33.85538522674176], [150.6974270946288, -33.855334465642564], [150.69763013902562, -33.855334465642564], [150.69763013902562, -33.85528370454336], [150.6979347056208, -33.85528370454336], [150.6979347056208, -33.855232943444165], [150.69813775001762, -33.855232943444165], [150.69813775001762, -33.85518218234496], [150.698239272216, -33.85518218234496], [150.698239272216, -33.855131421245765], [150.69849307771202, -33.855131421245765], [150.69849307771202, -33.85508066014656], [150.698746883208, -33.85508066014656], [150.698746883208, -33.855029899047366], [150.699000688704, -33.855029899047366], [150.699000688704, -33.85497913794816], [150.6991529720016, -33.85497913794816], [150.6991529720016, -33.85492837684897], [150.6994067774976, -33.85492837684897], [150.6994067774976, -33.854877615749764], [150.6997113440928, -33.854877615749764], [150.6997113440928, -33.85482685465057], [150.6999651495888, -33.85482685465057], [150.6999651495888, -33.854776093551365], [150.70011743288637, -33.854776093551365], [150.70011743288637, -33.85472533245217], [150.7003712383824, -33.85472533245217], [150.7003712383824, -33.85467457135297], [150.7008280882752, -33.85467457135297], [150.7008280882752, -33.85462381025377], [150.70108189377117, -33.85462381025377], [150.70108189377117, -33.854573049154574], [150.70128493816796, -33.854573049154574], [150.70128493816796, -33.85452228805537], [150.70179254915996, -33.85452228805537], [150.70179254915996, -33.854471526956175], [150.70199559355677, -33.854471526956175], [150.70199559355677, -33.85442076585697], [150.70230016015196, -33.85442076585697], [150.70230016015196, -33.854370004757776], [150.70245244344954, -33.854370004757776], [150.70245244344954, -33.85431924365857], [150.70260472674715, -33.85431924365857], [150.70260472674715, -33.854370004757776], [150.70270624894556, -33.854370004757776], [150.70270624894556, -33.85431924365857], [150.70296005444155, -33.85431924365857], [150.70296005444155, -33.85426848255938], [150.70316309883833, -33.85426848255938], [150.70316309883833, -33.854217721460174], [150.70351842653275, -33.854217721460174], [150.70351842653275, -33.85416696036098], [150.70372147092954, -33.85416696036098], [150.70372147092954, -33.854217721460174], [150.70377223202874, -33.854217721460174], [150.70377223202874, -33.85416696036098], [150.70397527642552, -33.85416696036098], [150.70397527642552, -33.854116199261775], [150.70438136521912, -33.854116199261775], [150.70438136521912, -33.85406543816258], [150.70458440961593, -33.85406543816258], [150.70458440961593, -33.854014677063375], [150.70468593181434, -33.854014677063375], [150.70468593181434, -33.85406543816258], [150.7050920206079, -33.85406543816258], [150.7050920206079, -33.854014677063375], [150.7056503926991, -33.854014677063375], [150.7056503926991, -33.85396391596418], [150.7065133313855, -33.85396391596418], [150.7065133313855, -33.85391315486498], [150.7070717034767, -33.85391315486498], [150.7070717034767, -33.85386239376578], [150.70737627007188, -33.85386239376578], [150.70737627007188, -33.85391315486498], [150.7076808366671, -33.85391315486498], [150.7076808366671, -33.85386239376578], [150.70818844765907, -33.85386239376578], [150.70818844765907, -33.853811632666584], [150.70869605865107, -33.853811632666584], [150.70869605865107, -33.85386239376578], [150.70884834194868, -33.85386239376578]]], [[[150.74889884921694, -33.839903091485965], [150.74889884921694, -33.840004613684364], [150.74900037141535, -33.840004613684364], [150.74900037141535, -33.84010613588276], [150.74905113251455, -33.84010613588276], [150.74905113251455, -33.84015689698196], [150.74910189361373, -33.84015689698196], [150.74910189361373, -33.84020765808116], [150.74915265471293, -33.84020765808116], [150.74915265471293, -33.84025841918036], [150.74920341581213, -33.84025841918036], [150.74920341581213, -33.84035994137876], [150.74925417691134, -33.84035994137876], [150.74925417691134, -33.84041070247796], [150.74930493801054, -33.84041070247796], [150.74930493801054, -33.84051222467636], [150.74940646020895, -33.84051222467636], [150.74940646020895, -33.84061374687476], [150.74945722130812, -33.84061374687476], [150.74945722130812, -33.840664507973955], [150.74950798240732, -33.840664507973955], [150.74950798240732, -33.84071526907316], [150.74955874350653, -33.84071526907316], [150.74955874350653, -33.84081679127156], [150.74960950460573, -33.84081679127156], [150.74960950460573, -33.84086755237075], [150.74966026570493, -33.84086755237075], [150.74966026570493, -33.84091831346995], [150.74971102680414, -33.84091831346995], [150.74971102680414, -33.84096907456915], [150.74976178790334, -33.84096907456915], [150.74976178790334, -33.84101983566835], [150.74981254900254, -33.84101983566835], [150.74981254900254, -33.84112135786675], [150.74986331010172, -33.84112135786675], [150.74986331010172, -33.84117211896595], [150.74991407120092, -33.84117211896595], [150.74991407120092, -33.841222880065146], [150.74996483230012, -33.841222880065146], [150.74996483230012, -33.84127364116435], [150.75001559339933, -33.84127364116435], [150.75001559339933, -33.84137516336275], [150.75006635449853, -33.84137516336275], [150.75006635449853, -33.841425924461944], [150.75011711559773, -33.841425924461944], [150.75011711559773, -33.84147668556115], [150.75016787669693, -33.84147668556115], [150.75016787669693, -33.84167972995794], [150.7502186377961, -33.84167972995794], [150.7502186377961, -33.84203505765234], [150.7502693988953, -33.84203505765234], [150.7502693988953, -33.842339624247536], [150.7502186377961, -33.842339624247536], [150.7502186377961, -33.84411626271951], [150.75016787669693, -33.84411626271951], [150.75016787669693, -33.84421778491791], [150.75011711559773, -33.84421778491791], [150.75011711559773, -33.8447761570091], [150.75006635449853, -33.8447761570091], [150.75006635449853, -33.8449792014059], [150.75001559339933, -33.8449792014059], [150.75001559339933, -33.845283768001096], [150.74996483230012, -33.845283768001096], [150.74996483230012, -33.845486812397894], [150.74991407120092, -33.845486812397894], [150.74991407120092, -33.84574061789389], [150.74986331010172, -33.84574061789389], [150.74986331010172, -33.84650203438188], [150.74981254900254, -33.84650203438188], [150.74981254900254, -33.84706040647307], [150.74976178790334, -33.84706040647307], [150.74976178790334, -33.84716192867147], [150.74971102680414, -33.84716192867147], [150.74971102680414, -33.847568017465065], [150.74966026570493, -33.847568017465065], [150.74966026570493, -33.84782182296106], [150.74960950460573, -33.84782182296106], [150.74960950460573, -33.848126389556256], [150.74955874350653, -33.848126389556256], [150.74955874350653, -33.84827867285385], [150.74950798240732, -33.84827867285385], [150.74950798240732, -33.84858323944905], [150.74945722130812, -33.84858323944905], [150.74945722130812, -33.84873552274665], [150.74940646020895, -33.84873552274665], [150.74940646020895, -33.84883704494505], [150.74935569910974, -33.84883704494505], [150.74935569910974, -33.84904008934184], [150.74930493801054, -33.84904008934184], [150.74930493801054, -33.84919237263944], [150.74925417691134, -33.84919237263944], [150.74925417691134, -33.84934465593704], [150.74920341581213, -33.84934465593704], [150.74920341581213, -33.84949693923464], [150.74915265471293, -33.84949693923464], [150.74915265471293, -33.849649222532236], [150.74910189361373, -33.849649222532236], [150.74910189361373, -33.849852266929034], [150.74905113251455, -33.849852266929034], [150.74905113251455, -33.84995378912743], [150.74900037141535, -33.84995378912743], [150.74900037141535, -33.85010607242503], [150.74894961031615, -33.85010607242503], [150.74894961031615, -33.85025835572263], [150.74889884921694, -33.85025835572263], [150.74889884921694, -33.850410639020225], [150.74884808811774, -33.850410639020225], [150.74884808811774, -33.85056292231783], [150.74879732701854, -33.85056292231783], [150.74879732701854, -33.85071520561542], [150.74874656591933, -33.85071520561542], [150.74874656591933, -33.85086748891302], [150.74869580482013, -33.85086748891302], [150.74869580482013, -33.851070533309816], [150.74864504372096, -33.851070533309816], [150.74864504372096, -33.851172055508215], [150.74859428262175, -33.851172055508215], [150.74859428262175, -33.85137509990501], [150.74854352152255, -33.85137509990501], [150.74854352152255, -33.85147662210341], [150.74849276042335, -33.85147662210341], [150.74849276042335, -33.85157814430181], [150.74844199932414, -33.85157814430181], [150.74844199932414, -33.85167966650021], [150.74839123822494, -33.85167966650021], [150.74839123822494, -33.85178118869861], [150.74834047712574, -33.85178118869861], [150.74834047712574, -33.85198423309541], [150.74828971602656, -33.85198423309541], [150.74828971602656, -33.8522380385914], [150.74823895492736, -33.8522380385914], [150.74823895492736, -33.8524410829882], [150.74818819382816, -33.8524410829882], [150.74818819382816, -33.85279641068259], [150.74813743272895, -33.85279641068259], [150.74813743272895, -33.85340554387299], [150.74818819382816, -33.85340554387299], [150.74818819382816, -33.85376087156738], [150.74823895492736, -33.85376087156738], [150.74823895492736, -33.85396391596418], [150.74828971602656, -33.85396391596418], [150.74828971602656, -33.85442076585697], [150.74834047712574, -33.85442076585697], [150.74834047712574, -33.854573049154574], [150.74839123822494, -33.854573049154574], [150.74839123822494, -33.854776093551365], [150.74844199932414, -33.854776093551365], [150.74844199932414, -33.85482685465057], [150.74849276042335, -33.85482685465057], [150.74849276042335, -33.85492837684897], [150.74854352152255, -33.85492837684897], [150.74854352152255, -33.85508066014656], [150.74859428262175, -33.85508066014656], [150.74859428262175, -33.855232943444165], [150.74864504372096, -33.855232943444165], [150.74864504372096, -33.85528370454336], [150.74869580482013, -33.85528370454336], [150.74869580482013, -33.85548674894016], [150.74874656591933, -33.85548674894016], [150.74874656591933, -33.85558827113856], [150.74879732701854, -33.85558827113856], [150.74879732701854, -33.85568979333696], [150.74884808811774, -33.85568979333696], [150.74884808811774, -33.85574055443615], [150.74889884921694, -33.85574055443615], [150.74889884921694, -33.85584207663455], [150.74894961031615, -33.85584207663455], [150.74894961031615, -33.855892837733755], [150.74900037141535, -33.855892837733755], [150.74900037141535, -33.855994359932154], [150.74905113251455, -33.855994359932154], [150.74905113251455, -33.85604512103135], [150.74910189361373, -33.85604512103135], [150.74910189361373, -33.85609588213055], [150.74915265471293, -33.85609588213055], [150.74915265471293, -33.85619740432895], [150.74920341581213, -33.85619740432895], [150.74920341581213, -33.85624816542815], [150.74925417691134, -33.85624816542815], [150.74925417691134, -33.85629892652735], [150.74930493801054, -33.85629892652735], [150.74930493801054, -33.85634968762655], [150.74935569910974, -33.85634968762655], [150.74935569910974, -33.85645120982495], [150.74940646020895, -33.85645120982495], [150.74940646020895, -33.85650197092414], [150.74945722130812, -33.85650197092414], [150.74945722130812, -33.856552732023346], [150.74950798240732, -33.856552732023346], [150.74950798240732, -33.85660349312254], [150.74955874350653, -33.85660349312254], [150.74955874350653, -33.856654254221745], [150.74960950460573, -33.856654254221745], [150.74960950460573, -33.85670501532094], [150.74966026570493, -33.85670501532094], [150.74966026570493, -33.856755776420144], [150.74971102680414, -33.856755776420144], [150.74971102680414, -33.85680653751934], [150.74976178790334, -33.85680653751934], [150.74976178790334, -33.85685729861854], [150.74981254900254, -33.85685729861854], [150.74981254900254, -33.85690805971774], [150.74991407120092, -33.85690805971774], [150.74991407120092, -33.85695882081694], [150.74996483230012, -33.85695882081694], [150.74996483230012, -33.85700958191614], [150.75001559339933, -33.85700958191614], [150.75001559339933, -33.85706034301534], [150.75006635449853, -33.85706034301534], [150.75006635449853, -33.85711110411454], [150.75011711559773, -33.85711110411454], [150.75011711559773, -33.85716186521374], [150.75016787669693, -33.85716186521374], [150.75016787669693, -33.857212626312936], [150.7502186377961, -33.857212626312936], [150.7502186377961, -33.85726338741213], [150.75032015999452, -33.85726338741213], [150.75032015999452, -33.857314148511335], [150.75042168219292, -33.857314148511335], [150.75042168219292, -33.85736490961053], [150.75047244329213, -33.85736490961053], [150.75047244329213, -33.857415670709734], [150.75052320439133, -33.857415670709734], [150.75052320439133, -33.85746643180893], [150.7506247265897, -33.85746643180893], [150.7506247265897, -33.85751719290813], [150.7506754876889, -33.85751719290813], [150.7506754876889, -33.85756795400733], [150.7507262487881, -33.85756795400733], [150.7507262487881, -33.85761871510653], [150.75082777098652, -33.85761871510653], [150.75082777098652, -33.85766947620573], [150.75092929318492, -33.85766947620573], [150.75092929318492, -33.85772023730493], [150.7509800542841, -33.85772023730493], [150.7509800542841, -33.85777099840413], [150.7511323375817, -33.85777099840413], [150.7511323375817, -33.85782175950333], [150.75123385978011, -33.85782175950333], [150.75123385978011, -33.85787252060253], [150.75133538197852, -33.85787252060253], [150.75133538197852, -33.85792328170173], [150.7513861430777, -33.85792328170173], [150.7513861430777, -33.857974042800926], [150.7515384263753, -33.857974042800926], [150.7515384263753, -33.85802480390013], [150.7516399485737, -33.85802480390013], [150.7516399485737, -33.858075564999325], [150.7517414707721, -33.858075564999325], [150.7517414707721, -33.85812632609852], [150.7518429929705, -33.85812632609852], [150.7518429929705, -33.858177087197724], [150.7519952762681, -33.858177087197724], [150.7519952762681, -33.85822784829692], [150.75214755956569, -33.85822784829692], [150.75214755956569, -33.85827860939612], [150.7522998428633, -33.85827860939612], [150.7522998428633, -33.85832937049532], [150.7524521261609, -33.85832937049532], [150.7524521261609, -33.85838013159452], [150.75260440945848, -33.85838013159452], [150.75260440945848, -33.85843089269372], [150.7527059316569, -33.85843089269372], [150.7527059316569, -33.85848165379292], [150.75290897605367, -33.85848165379292], [150.75290897605367, -33.85853241489212], [150.75301049825208, -33.85853241489212], [150.75301049825208, -33.85858317599132], [150.7532135426489, -33.85858317599132], [150.7532135426489, -33.85863393709052], [150.75336582594647, -33.85863393709052], [150.75336582594647, -33.85868469818972], [150.75367039254166, -33.85868469818972], [150.75367039254166, -33.858735459288916], [150.75377191474007, -33.858735459288916], [150.75377191474007, -33.85878622038812], [150.75397495913688, -33.85878622038812], [150.75397495913688, -33.858836981487315], [150.75407648133526, -33.858836981487315], [150.75407648133526, -33.85888774258651], [150.75427952573207, -33.85888774258651], [150.75427952573207, -33.858938503685714], [150.75438104793048, -33.858938503685714], [150.75438104793048, -33.85898926478491], [150.75458409232726, -33.85898926478491], [150.75458409232726, -33.85904002588411], [150.75463485342647, -33.85904002588411], [150.75463485342647, -33.85909078698331], [150.75458409232726, -33.85909078698331], [150.75458409232726, -33.85914154808251], [150.75453333122806, -33.85914154808251], [150.75453333122806, -33.85919230918171], [150.75448257012886, -33.85919230918171], [150.75448257012886, -33.85924307028091], [150.75443180902965, -33.85924307028091], [150.75443180902965, -33.85929383138011], [150.75438104793048, -33.85929383138011], [150.75438104793048, -33.85934459247931], [150.75433028683128, -33.85934459247931], [150.75433028683128, -33.859395353578506], [150.75407648133526, -33.859395353578506], [150.75407648133526, -33.85934459247931], [150.75397495913688, -33.85934459247931], [150.75397495913688, -33.859395353578506], [150.75392419803768, -33.859395353578506], [150.75392419803768, -33.85934459247931], [150.7528582149545, -33.85934459247931], [150.7528582149545, -33.859395353578506], [150.7527566927561, -33.859395353578506], [150.7527566927561, -33.85934459247931], [150.7522998428633, -33.85934459247931], [150.7522998428633, -33.859395353578506], [150.75087853208572, -33.859395353578506], [150.75087853208572, -33.85944611467771], [150.7507262487881, -33.85944611467771], [150.7507262487881, -33.859496875776905], [150.7506247265897, -33.859496875776905], [150.7506247265897, -33.859395353578506], [150.75042168219292, -33.859395353578506], [150.75042168219292, -33.85944611467771], [150.75006635449853, -33.85944611467771], [150.75006635449853, -33.859496875776905], [150.74960950460573, -33.859496875776905], [150.74960950460573, -33.85954763687611], [150.74940646020895, -33.85954763687611], [150.74940646020895, -33.859598397975304], [150.74869580482013, -33.859598397975304], [150.74869580482013, -33.85954763687611], [150.74844199932414, -33.85954763687611], [150.74844199932414, -33.859598397975304], [150.74828971602656, -33.859598397975304], [150.74828971602656, -33.859496875776905], [150.74808667162975, -33.859496875776905], [150.74808667162975, -33.85944611467771], [150.74803591053055, -33.85944611467771], [150.74803591053055, -33.85919230918171], [150.74808667162975, -33.85919230918171], [150.74808667162975, -33.85914154808251], [150.74803591053055, -33.85914154808251], [150.74803591053055, -33.858735459288916], [150.74798514943134, -33.858735459288916], [150.74798514943134, -33.85838013159452], [150.74793438833214, -33.85838013159452], [150.74793438833214, -33.858075564999325], [150.74788362723297, -33.858075564999325], [150.74788362723297, -33.85782175950333], [150.74783286613376, -33.85782175950333], [150.74783286613376, -33.85766947620573], [150.74778210503456, -33.85766947620573], [150.74778210503456, -33.85751719290813], [150.74773134393536, -33.85751719290813], [150.74773134393536, -33.857314148511335], [150.74768058283615, -33.857314148511335], [150.74768058283615, -33.85716186521374], [150.74762982173695, -33.85716186521374], [150.74762982173695, -33.85706034301534], [150.74757906063775, -33.85706034301534], [150.74757906063775, -33.85695882081694], [150.74752829953854, -33.85695882081694], [150.74752829953854, -33.85680653751934], [150.74747753843937, -33.85680653751934], [150.74747753843937, -33.856654254221745], [150.74742677734017, -33.856654254221745], [150.74742677734017, -33.856552732023346], [150.74737601624096, -33.856552732023346], [150.74737601624096, -33.85640044872575], [150.74732525514176, -33.85640044872575], [150.74732525514176, -33.85629892652735], [150.74727449404256, -33.85629892652735], [150.74727449404256, -33.85614664322975], [150.74722373294335, -33.85614664322975], [150.74722373294335, -33.85609588213055], [150.74717297184415, -33.85609588213055], [150.74717297184415, -33.85604512103135], [150.74712221074498, -33.85604512103135], [150.74712221074498, -33.855892837733755], [150.74707144964577, -33.855892837733755], [150.74707144964577, -33.85574055443615], [150.74702068854657, -33.85574055443615], [150.74702068854657, -33.85568979333696], [150.74691916634816, -33.85568979333696], [150.74691916634816, -33.85558827113856], [150.74686840524896, -33.85558827113856], [150.74686840524896, -33.85538522674176], [150.74681764414976, -33.85538522674176], [150.74681764414976, -33.855334465642564], [150.74671612195138, -33.855334465642564], [150.74671612195138, -33.85528370454336], [150.74666536085218, -33.85528370454336], [150.74666536085218, -33.85518218234496], [150.74661459975297, -33.85518218234496], [150.74661459975297, -33.85508066014656], [150.74656383865377, -33.85508066014656], [150.74656383865377, -33.855029899047366], [150.74651307755457, -33.855029899047366], [150.74651307755457, -33.85492837684897], [150.74646231645536, -33.85492837684897], [150.74646231645536, -33.854877615749764], [150.74641155535616, -33.854877615749764], [150.74641155535616, -33.85482685465057], [150.746360794257, -33.85482685465057], [150.746360794257, -33.85472533245217], [150.74631003315778, -33.85472533245217], [150.74631003315778, -33.85467457135297], [150.74625927205858, -33.85467457135297], [150.74625927205858, -33.854573049154574], [150.74620851095938, -33.854573049154574], [150.74620851095938, -33.85452228805537], [150.74610698876097, -33.85452228805537], [150.74610698876097, -33.85442076585697], [150.74605622766177, -33.85442076585697], [150.74605622766177, -33.854370004757776], [150.74600546656256, -33.854370004757776], [150.74600546656256, -33.85426848255938], [150.7459547054634, -33.85426848255938], [150.7459547054634, -33.854217721460174], [150.7459039443642, -33.854217721460174], [150.7459039443642, -33.854116199261775], [150.74585318326498, -33.854116199261775], [150.74585318326498, -33.85406543816258], [150.74575166106658, -33.85406543816258], [150.74575166106658, -33.854014677063375], [150.74570089996737, -33.854014677063375], [150.74570089996737, -33.85391315486498], [150.74565013886817, -33.85391315486498], [150.74565013886817, -33.853811632666584], [150.745599377769, -33.853811632666584], [150.745599377769, -33.85376087156738], [150.7455486166698, -33.85376087156738], [150.7455486166698, -33.853710110468185], [150.7454978555706, -33.853710110468185], [150.7454978555706, -33.853608588269786], [150.7454470944714, -33.853608588269786], [150.7454470944714, -33.85355782717058], [150.74539633337218, -33.85355782717058], [150.74539633337218, -33.85350706607139], [150.74534557227298, -33.85350706607139], [150.74534557227298, -33.85340554387299], [150.74529481117378, -33.85340554387299], [150.74529481117378, -33.853354782773785], [150.74524405007458, -33.853354782773785], [150.74524405007458, -33.85330402167459], [150.7451932889754, -33.85330402167459], [150.7451932889754, -33.85320249947619], [150.7451425278762, -33.85320249947619], [150.7451425278762, -33.85315173837699], [150.745091766777, -33.85315173837699], [150.745091766777, -33.85310097727779], [150.7450410056778, -33.85310097727779], [150.7450410056778, -33.85299945507939], [150.7449902445786, -33.85299945507939], [150.7449902445786, -33.852948693980196], [150.74493948347938, -33.852948693980196], [150.74493948347938, -33.8528471717818], [150.74488872238018, -33.8528471717818], [150.74488872238018, -33.85279641068259], [150.744837961281, -33.85279641068259], [150.744837961281, -33.8527456495834], [150.7447872001818, -33.8527456495834], [150.7447872001818, -33.852694888484194], [150.7447364390826, -33.852694888484194], [150.7447364390826, -33.852593366285795], [150.7446856779834, -33.852593366285795], [150.7446856779834, -33.8524410829882], [150.744584155785, -33.8524410829882], [150.744584155785, -33.852288799690605], [150.74448263358659, -33.852288799690605], [150.74448263358659, -33.8522380385914], [150.7444318724874, -33.8522380385914], [150.7444318724874, -33.852187277492206], [150.7443811113882, -33.852187277492206], [150.7443811113882, -33.85208575529381], [150.744330350289, -33.85208575529381], [150.744330350289, -33.85198423309541], [150.7442795891898, -33.85198423309541], [150.7442795891898, -33.85188271089701], [150.744330350289, -33.85188271089701], [150.744330350289, -33.851831949797806], [150.7443811113882, -33.851831949797806], [150.7443811113882, -33.851730427599406], [150.7444318724874, -33.851730427599406], [150.7444318724874, -33.85167966650021], [150.74448263358659, -33.85167966650021], [150.74448263358659, -33.85162890540101], [150.7445333946858, -33.85162890540101], [150.7445333946858, -33.85152738320261], [150.744584155785, -33.85152738320261], [150.744584155785, -33.85147662210341], [150.7446349168842, -33.85147662210341], [150.7446349168842, -33.85137509990501], [150.7446856779834, -33.85137509990501], [150.7446856779834, -33.85132433880582], [150.7447364390826, -33.85132433880582], [150.7447364390826, -33.851273577706614], [150.7447872001818, -33.851273577706614], [150.7447872001818, -33.851172055508215], [150.744837961281, -33.851172055508215], [150.744837961281, -33.851070533309816], [150.74493948347938, -33.851070533309816], [150.74493948347938, -33.85096901111142], [150.7449902445786, -33.85096901111142], [150.7449902445786, -33.85091825001222], [150.7450410056778, -33.85091825001222], [150.7450410056778, -33.85081672781382], [150.745091766777, -33.85081672781382], [150.745091766777, -33.85076596671462], [150.7451425278762, -33.85076596671462], [150.7451425278762, -33.85066444451623], [150.7451932889754, -33.85066444451623], [150.7451932889754, -33.85056292231783], [150.74524405007458, -33.85056292231783], [150.74524405007458, -33.850512161218624], [150.74529481117378, -33.850512161218624], [150.74529481117378, -33.85035987792103], [150.74534557227298, -33.85035987792103], [150.74534557227298, -33.850309116821826], [150.74539633337218, -33.850309116821826], [150.74539633337218, -33.85020759462343], [150.7454470944714, -33.85020759462343], [150.7454470944714, -33.85010607242503], [150.7454978555706, -33.85010607242503], [150.7454978555706, -33.85000455022663], [150.7455486166698, -33.85000455022663], [150.7455486166698, -33.84990302802823], [150.745599377769, -33.84990302802823], [150.745599377769, -33.84980150582984], [150.74565013886817, -33.84980150582984], [150.74565013886817, -33.849649222532236], [150.74570089996737, -33.849649222532236], [150.74570089996737, -33.84954770033384], [150.74575166106658, -33.84954770033384], [150.74575166106658, -33.84944617813544], [150.74580242216578, -33.84944617813544], [150.74580242216578, -33.84929389483784], [150.74585318326498, -33.84929389483784], [150.74585318326498, -33.84919237263944], [150.7459039443642, -33.84919237263944], [150.7459039443642, -33.849090850441044], [150.7459547054634, -33.849090850441044], [150.7459547054634, -33.848989328242645], [150.74600546656256, -33.848989328242645], [150.74600546656256, -33.84883704494505], [150.74605622766177, -33.84883704494505], [150.74605622766177, -33.84873552274665], [150.74610698876097, -33.84873552274665], [150.74610698876097, -33.84858323944905], [150.74615774986017, -33.84858323944905], [150.74615774986017, -33.84848171725065], [150.74620851095938, -33.84848171725065], [150.74620851095938, -33.848329433953054], [150.74625927205858, -33.848329433953054], [150.74625927205858, -33.848126389556256], [150.74631003315778, -33.848126389556256], [150.74631003315778, -33.84802486735786], [150.746360794257, -33.84802486735786], [150.746360794257, -33.84777106186186], [150.74641155535616, -33.84777106186186], [150.74641155535616, -33.84761877856426], [150.74646231645536, -33.84761877856426], [150.74646231645536, -33.84741573416746], [150.74651307755457, -33.84741573416746], [150.74651307755457, -33.84726345086987], [150.74656383865377, -33.84726345086987], [150.74656383865377, -33.846908123175474], [150.74661459975297, -33.846908123175474], [150.74661459975297, -33.84665431767947], [150.74666536085218, -33.84665431767947], [150.74666536085218, -33.84619746778668], [150.74671612195138, -33.84619746778668], [150.74671612195138, -33.84589290119148], [150.74676688305055, -33.84589290119148], [150.74676688305055, -33.8444715904139], [150.74681764414976, -33.8444715904139], [150.74681764414976, -33.84371017392591], [150.74686840524896, -33.84371017392591], [150.74686840524896, -33.842339624247536], [150.74691916634816, -33.842339624247536], [150.74691916634816, -33.841425924461944], [150.74696992744737, -33.841425924461944], [150.74696992744737, -33.84086755237075], [150.74702068854657, -33.84086755237075], [150.74702068854657, -33.84081679127156], [150.74707144964577, -33.84081679127156], [150.74707144964577, -33.840766030172354], [150.74717297184415, -33.840766030172354], [150.74717297184415, -33.84071526907316], [150.74727449404256, -33.84071526907316], [150.74727449404256, -33.840664507973955], [150.74732525514176, -33.840664507973955], [150.74732525514176, -33.84061374687476], [150.74747753843937, -33.84061374687476], [150.74747753843937, -33.840562985775556], [150.74752829953854, -33.840562985775556], [150.74752829953854, -33.84051222467636], [150.74762982173695, -33.84051222467636], [150.74762982173695, -33.84046146357716], [150.74768058283615, -33.84046146357716], [150.74768058283615, -33.84041070247796], [150.74778210503456, -33.84041070247796], [150.74778210503456, -33.84035994137876], [150.74788362723297, -33.84035994137876], [150.74788362723297, -33.84030918027956], [150.74798514943134, -33.84030918027956], [150.74798514943134, -33.84025841918036], [150.74808667162975, -33.84025841918036], [150.74808667162975, -33.84020765808116], [150.74818819382816, -33.84020765808116], [150.74818819382816, -33.84015689698196], [150.74823895492736, -33.84015689698196], [150.74823895492736, -33.84010613588276], [150.74828971602656, -33.84010613588276], [150.74828971602656, -33.84005537478356], [150.74839123822494, -33.84005537478356], [150.74839123822494, -33.840004613684364], [150.74854352152255, -33.840004613684364], [150.74854352152255, -33.83995385258517], [150.74859428262175, -33.83995385258517], [150.74859428262175, -33.839903091485965], [150.74869580482013, -33.839903091485965], [150.74869580482013, -33.83985233038677], [150.74884808811774, -33.83985233038677], [150.74884808811774, -33.839903091485965], [150.74889884921694, -33.839903091485965]]], [[[150.74834047712574, -33.83350719298685], [150.74834047712574, -33.83360871518525], [150.74839123822494, -33.83360871518525], [150.74839123822494, -33.83371023738365], [150.74834047712574, -33.83371023738365], [150.74834047712574, -33.83391328178045], [150.74839123822494, -33.83391328178045], [150.74839123822494, -33.83396404287964], [150.74834047712574, -33.83396404287964], [150.74834047712574, -33.835537636954825], [150.74828971602656, -33.835537636954825], [150.74828971602656, -33.8373142754268], [150.74823895492736, -33.8373142754268], [150.74823895492736, -33.8374665587244], [150.74828971602656, -33.8374665587244], [150.74828971602656, -33.8375173198236], [150.74915265471293, -33.8375173198236], [150.74915265471293, -33.8374665587244], [150.74930493801054, -33.8374665587244], [150.74930493801054, -33.8372635143276], [150.74935569910974, -33.8372635143276], [150.74935569910974, -33.8369081866332], [150.74940646020895, -33.8369081866332], [150.74940646020895, -33.83660362003801], [150.74945722130812, -33.83660362003801], [150.74945722130812, -33.836400575641214], [150.74950798240732, -33.836400575641214], [150.74950798240732, -33.83624829234361], [150.74955874350653, -33.83624829234361], [150.74955874350653, -33.83609600904602], [150.74960950460573, -33.83609600904602], [150.74960950460573, -33.835943725748415], [150.74966026570493, -33.835943725748415], [150.74966026570493, -33.83579144245082], [150.74971102680414, -33.83579144245082], [150.74971102680414, -33.83568992025242], [150.74976178790334, -33.83568992025242], [150.74976178790334, -33.835639159153224], [150.74981254900254, -33.835639159153224], [150.74981254900254, -33.83548687585562], [150.74986331010172, -33.83548687585562], [150.74986331010172, -33.83533459255803], [150.74991407120092, -33.83533459255803], [150.74991407120092, -33.83523307035963], [150.75001559339933, -33.83523307035963], [150.75001559339933, -33.83513154816123], [150.75006635449853, -33.83513154816123], [150.75006635449853, -33.83503002596283], [150.75011711559773, -33.83503002596283], [150.75011711559773, -33.834979264863634], [150.75016787669693, -33.834979264863634], [150.75016787669693, -33.83492850376443], [150.7502186377961, -33.83492850376443], [150.7502186377961, -33.83584220355002], [150.75016787669693, -33.83584220355002], [150.75016787669693, -33.8373142754268], [150.75011711559773, -33.8373142754268], [150.75011711559773, -33.83822797521239], [150.75006635449853, -33.83822797521239], [150.75006635449853, -33.83827873631159], [150.74996483230012, -33.83827873631159], [150.74996483230012, -33.83832949741079], [150.74991407120092, -33.83832949741079], [150.74991407120092, -33.838380258509986], [150.74981254900254, -33.838380258509986], [150.74981254900254, -33.83843101960918], [150.74955874350653, -33.83843101960918], [150.74955874350653, -33.838481780708385], [150.74950798240732, -33.838481780708385], [150.74950798240732, -33.83853254180758], [150.74945722130812, -33.83853254180758], [150.74945722130812, -33.838583302906784], [150.74940646020895, -33.838583302906784], [150.74940646020895, -33.83863406400598], [150.74935569910974, -33.83863406400598], [150.74935569910974, -33.83868482510518], [150.74925417691134, -33.83868482510518], [150.74925417691134, -33.83873558620438], [150.74915265471293, -33.83873558620438], [150.74915265471293, -33.83878634730358], [150.74900037141535, -33.83878634730358], [150.74900037141535, -33.83883710840278], [150.74889884921694, -33.83883710840278], [150.74889884921694, -33.83888786950198], [150.74884808811774, -33.83888786950198], [150.74884808811774, -33.83893863060118], [150.74879732701854, -33.83893863060118], [150.74879732701854, -33.83898939170038], [150.74869580482013, -33.83898939170038], [150.74869580482013, -33.839040152799576], [150.74859428262175, -33.839040152799576], [150.74859428262175, -33.83909091389878], [150.74849276042335, -33.83909091389878], [150.74849276042335, -33.839141674997975], [150.74839123822494, -33.839141674997975], [150.74839123822494, -33.83919243609717], [150.74828971602656, -33.83919243609717], [150.74828971602656, -33.839243197196375], [150.74823895492736, -33.839243197196375], [150.74823895492736, -33.83929395829557], [150.74818819382816, -33.83929395829557], [150.74818819382816, -33.839344719394774], [150.74808667162975, -33.839344719394774], [150.74808667162975, -33.83939548049397], [150.74798514943134, -33.83939548049397], [150.74798514943134, -33.83944624159317], [150.74788362723297, -33.83944624159317], [150.74788362723297, -33.83949700269237], [150.74778210503456, -33.83949700269237], [150.74778210503456, -33.83954776379157], [150.74773134393536, -33.83954776379157], [150.74773134393536, -33.83959852489077], [150.74762982173695, -33.83959852489077], [150.74762982173695, -33.83964928598997], [150.74752829953854, -33.83964928598997], [150.74752829953854, -33.83970004708917], [150.74747753843937, -33.83970004708917], [150.74747753843937, -33.83975080818837], [150.74732525514176, -33.83975080818837], [150.74732525514176, -33.839801569287566], [150.74722373294335, -33.839801569287566], [150.74722373294335, -33.83985233038677], [150.74717297184415, -33.83985233038677], [150.74717297184415, -33.839903091485965], [150.74707144964577, -33.839903091485965], [150.74707144964577, -33.83995385258517], [150.74696992744737, -33.83995385258517], [150.74696992744737, -33.839903091485965], [150.74702068854657, -33.839903091485965], [150.74702068854657, -33.839141674997975], [150.74707144964577, -33.839141674997975], [150.74707144964577, -33.838481780708385], [150.74712221074498, -33.838481780708385], [150.74712221074498, -33.838380258509986], [150.74707144964577, -33.838380258509986], [150.74707144964577, -33.83777112531959], [150.74712221074498, -33.83777112531959], [150.74712221074498, -33.8370097088316], [150.74717297184415, -33.8370097088316], [150.74717297184415, -33.83675590333561], [150.74722373294335, -33.83675590333561], [150.74722373294335, -33.83665438113721], [150.74717297184415, -33.83665438113721], [150.74717297184415, -33.83574068135162], [150.74722373294335, -33.83574068135162], [150.74722373294335, -33.83482698156603], [150.74727449404256, -33.83482698156603], [150.74727449404256, -33.833862520681244], [150.74732525514176, -33.833862520681244], [150.74732525514176, -33.833659476284446], [150.74727449404256, -33.833659476284446], [150.74727449404256, -33.83340567078845], [150.74732525514176, -33.83340567078845], [150.74732525514176, -33.832999581994855], [150.74737601624096, -33.832999581994855], [150.74737601624096, -33.83294882089566], [150.74757906063775, -33.83294882089566], [150.74757906063775, -33.832898059796456], [150.74818819382816, -33.832898059796456], [150.74818819382816, -33.83284729869726], [150.74839123822494, -33.83284729869726], [150.74839123822494, -33.83350719298685], [150.74834047712574, -33.83350719298685]]]]}}, {"type": "Feature", "properties": {"LABEL": "East-West Rail Link", "source": "SEPP_WPC_AER_TRC_001_20250501 (traced from in-force PDF; georeferenced, indicative)"}, "geometry": {"type": "MultiPolygon", "coordinates": [[[[150.7824011746885, -33.863862330308045], [150.7824011746885, -33.86381156920885], [150.7822488913909, -33.86381156920885], [150.7822488913909, -33.86376080810965], [150.7821473691925, -33.86376080810965], [150.7821473691925, -33.86371004701045], [150.7820458469941, -33.86371004701045], [150.7820458469941, -33.863659285911254], [150.7819950858949, -33.863659285911254], [150.7819950858949, -33.86360852481205], [150.7821981302917, -33.86360852481205], [150.7821981302917, -33.863659285911254], [150.7826042190853, -33.863659285911254], [150.7826042190853, -33.86371004701045], [150.7828580245813, -33.86371004701045], [150.7828580245813, -33.863659285911254], [150.78326411337488, -33.863659285911254], [150.78326411337488, -33.86371004701045], [150.78422857425969, -33.86371004701045], [150.78422857425969, -33.86376080810965], [150.78427933535886, -33.86376080810965], [150.78427933535886, -33.863862330308045], [150.78433009645806, -33.863862330308045], [150.78433009645806, -33.86371004701045], [150.78443161865647, -33.86371004701045], [150.78443161865647, -33.863659285911254], [150.78570064613646, -33.863659285911254], [150.78570064613646, -33.86371004701045], [150.78585292943404, -33.86371004701045], [150.78585292943404, -33.863659285911254], [150.78595445163245, -33.863659285911254], [150.78595445163245, -33.86371004701045], [150.78610673493006, -33.86371004701045], [150.78610673493006, -33.863659285911254], [150.78630977932684, -33.863659285911254], [150.78630977932684, -33.86371004701045], [150.78651282372365, -33.86371004701045], [150.78651282372365, -33.863659285911254], [150.78798489560043, -33.863659285911254], [150.78798489560043, -33.86360852481205], [150.788898595386, -33.86360852481205], [150.788898595386, -33.86381156920885], [150.7889493564852, -33.86381156920885], [150.7889493564852, -33.86391309140725], [150.788898595386, -33.86391309140725], [150.788898595386, -33.863963852506444], [150.78773109010442, -33.863963852506444], [150.78773109010442, -33.86406537470484], [150.78757880680683, -33.86406537470484], [150.78757880680683, -33.86416689690324], [150.78752804570763, -33.86416689690324], [150.78752804570763, -33.864217658002445], [150.78742652350923, -33.864217658002445], [150.78742652350923, -33.86426841910164], [150.78737576241002, -33.86426841910164], [150.78737576241002, -33.864319180200845], [150.78732500131082, -33.864319180200845], [150.78732500131082, -33.864420702399244], [150.78727424021164, -33.864420702399244], [150.78727424021164, -33.86447146349844], [150.78722347911244, -33.86447146349844], [150.78722347911244, -33.86452222459764], [150.78712195691404, -33.86452222459764], [150.78712195691404, -33.86457298569684], [150.78707119581483, -33.86457298569684], [150.78707119581483, -33.86462374679604], [150.78702043471563, -33.86462374679604], [150.78702043471563, -33.86467450789524], [150.78696967361643, -33.86467450789524], [150.78696967361643, -33.864725268994434], [150.78691891251722, -33.864725268994434], [150.78691891251722, -33.86477603009364], [150.78686815141805, -33.86477603009364], [150.78686815141805, -33.86482679119283], [150.78681739031884, -33.86482679119283], [150.78681739031884, -33.864877552292036], [150.78676662921964, -33.864877552292036], [150.78676662921964, -33.86492831339123], [150.78666510702124, -33.86492831339123], [150.78666510702124, -33.864979074490435], [150.78656358482283, -33.864979074490435], [150.78656358482283, -33.86502983558963], [150.78651282372365, -33.86502983558963], [150.78651282372365, -33.86513135778803], [150.78641130152525, -33.86513135778803], [150.78641130152525, -33.86518211888723], [150.78636054042605, -33.86518211888723], [150.78636054042605, -33.86528364108563], [150.78630977932684, -33.86528364108563], [150.78630977932684, -33.86533440218483], [150.78620825712844, -33.86533440218483], [150.78620825712844, -33.86538516328403], [150.78615749602923, -33.86538516328403], [150.78615749602923, -33.86543592438323], [150.78610673493006, -33.86543592438323], [150.78610673493006, -33.86548668548242], [150.78605597383086, -33.86548668548242], [150.78605597383086, -33.86543592438323], [150.78595445163245, -33.86543592438323], [150.78595445163245, -33.86538516328403], [150.78590369053325, -33.86538516328403], [150.78590369053325, -33.86533440218483], [150.78580216833484, -33.86533440218483], [150.78580216833484, -33.86528364108563], [150.78575140723567, -33.86528364108563], [150.78575140723567, -33.86523287998643], [150.78564988503726, -33.86523287998643], [150.78564988503726, -33.86518211888723], [150.78544684064045, -33.86518211888723], [150.78544684064045, -33.86523287998643], [150.78534531844207, -33.86523287998643], [150.78534531844207, -33.86533440218483], [150.78529455734287, -33.86533440218483], [150.78529455734287, -33.86538516328403], [150.78524379624366, -33.86538516328403], [150.78524379624366, -33.86543592438323], [150.78509151294605, -33.86543592438323], [150.78509151294605, -33.86538516328403], [150.78498999074768, -33.86538516328403], [150.78498999074768, -33.86533440218483], [150.78493922964847, -33.86533440218483], [150.78493922964847, -33.86528364108563], [150.78488846854927, -33.86528364108563], [150.78488846854927, -33.86523287998643], [150.78478694635086, -33.86523287998643], [150.78478694635086, -33.86518211888723], [150.78468542415246, -33.86518211888723], [150.78468542415246, -33.86513135778803], [150.78458390195408, -33.86513135778803], [150.78458390195408, -33.865080596688834], [150.78448237975567, -33.865080596688834], [150.78448237975567, -33.86502983558963], [150.78443161865647, -33.86502983558963], [150.78443161865647, -33.864979074490435], [150.78433009645806, -33.864979074490435], [150.78433009645806, -33.86492831339123], [150.78427933535886, -33.86492831339123], [150.78427933535886, -33.864877552292036], [150.78422857425969, -33.864877552292036], [150.78422857425969, -33.86482679119283], [150.78412705206128, -33.86482679119283], [150.78412705206128, -33.864725268994434], [150.78387324656526, -33.864725268994434], [150.78387324656526, -33.86467450789524], [150.7838224854661, -33.86467450789524], [150.7838224854661, -33.86462374679604], [150.78372096326768, -33.86462374679604], [150.78372096326768, -33.86457298569684], [150.78367020216848, -33.86457298569684], [150.78367020216848, -33.86452222459764], [150.78356867997007, -33.86452222459764], [150.78356867997007, -33.86447146349844], [150.78351791887087, -33.86447146349844], [150.78351791887087, -33.864420702399244], [150.7834163966725, -33.864420702399244], [150.7834163966725, -33.86436994130004], [150.78326411337488, -33.86436994130004], [150.78326411337488, -33.864319180200845], [150.78316259117648, -33.864319180200845], [150.78316259117648, -33.86426841910164], [150.78311183007727, -33.86426841910164], [150.78311183007727, -33.864217658002445], [150.7830103078789, -33.864217658002445], [150.7830103078789, -33.86416689690324], [150.7829595467797, -33.86416689690324], [150.7829595467797, -33.864116135804046], [150.7828580245813, -33.864116135804046], [150.7828580245813, -33.86406537470484], [150.7827057412837, -33.86406537470484], [150.7827057412837, -33.863963852506444], [150.7825534579861, -33.863963852506444], [150.7825534579861, -33.86391309140725], [150.7825026968869, -33.86391309140725], [150.7825026968869, -33.863862330308045], [150.7824011746885, -33.863862330308045]], [[150.7826042190853, -33.863862330308045], [150.7826042190853, -33.86376080810965], [150.7825534579861, -33.86376080810965], [150.7825534579861, -33.86381156920885], [150.7825026968869, -33.86381156920885], [150.7825026968869, -33.863862330308045], [150.7826042190853, -33.863862330308045]], [[150.78646206262445, -33.86391309140725], [150.78651282372365, -33.86391309140725], [150.78651282372365, -33.863862330308045], [150.78646206262445, -33.863862330308045], [150.78646206262445, -33.86391309140725]], [[150.78651282372365, -33.86406537470484], [150.78656358482283, -33.86406537470484], [150.78656358482283, -33.863963852506444], [150.78651282372365, -33.863963852506444], [150.78651282372365, -33.86406537470484]], [[150.78661434592203, -33.864217658002445], [150.78656358482283, -33.864217658002445], [150.78656358482283, -33.86426841910164], [150.78661434592203, -33.86426841910164], [150.78661434592203, -33.864217658002445]], [[150.78661434592203, -33.864725268994434], [150.78656358482283, -33.864725268994434], [150.78656358482283, -33.864877552292036], [150.78666510702124, -33.864877552292036], [150.78666510702124, -33.86426841910164], [150.78661434592203, -33.86426841910164], [150.78661434592203, -33.864725268994434]], [[150.78412705206128, -33.86467450789524], [150.78417781316048, -33.86467450789524], [150.78417781316048, -33.86462374679604], [150.78422857425969, -33.86462374679604], [150.78422857425969, -33.86436994130004], [150.78412705206128, -33.86436994130004], [150.78412705206128, -33.86467450789524]]], [[[150.77894941994293, -33.86665419076401], [150.77874637554615, -33.86665419076401], [150.77874637554615, -33.86660342966481], [150.77864485334774, -33.86660342966481], [150.77864485334774, -33.86655266856561], [150.77854333114934, -33.86655266856561], [150.77854333114934, -33.866501907466414], [150.77849257005016, -33.866501907466414], [150.77849257005016, -33.86645114636721], [150.77839104785176, -33.86645114636721], [150.77839104785176, -33.866400385268015], [150.77828952565335, -33.866400385268015], [150.77828952565335, -33.86634962416881], [150.77818800345494, -33.86634962416881], [150.77818800345494, -33.866298863069616], [150.77803572015736, -33.866298863069616], [150.77803572015736, -33.86624810197042], [150.77793419795896, -33.86624810197042], [150.77793419795896, -33.86619734087122], [150.77783267576055, -33.86619734087122], [150.77783267576055, -33.86614657977202], [150.77778191466135, -33.86614657977202], [150.77778191466135, -33.86609581867282], [150.77768039246297, -33.86609581867282], [150.77768039246297, -33.86604505757362], [150.77757887026456, -33.86604505757362], [150.77757887026456, -33.86599429647442], [150.77747734806616, -33.86599429647442], [150.77747734806616, -33.86594353537522], [150.77732506476858, -33.86594353537522], [150.77732506476858, -33.86589277427602], [150.77722354257017, -33.86589277427602], [150.77722354257017, -33.865842013176824], [150.77712202037176, -33.865842013176824], [150.77712202037176, -33.86579125207762], [150.77707125927256, -33.86579125207762], [150.77707125927256, -33.865740490978425], [150.77696973707418, -33.865740490978425], [150.77696973707418, -33.86568972987922], [150.77702049817336, -33.86568972987922], [150.77702049817336, -33.865638968780026], [150.77707125927256, -33.865638968780026], [150.77707125927256, -33.86558820768082], [150.77712202037176, -33.86558820768082], [150.77712202037176, -33.86553744658163], [150.77717278147097, -33.86553744658163], [150.77717278147097, -33.86548668548242], [150.77722354257017, -33.86548668548242], [150.77722354257017, -33.86543592438323], [150.77727430366937, -33.86543592438323], [150.77727430366937, -33.86538516328403], [150.77732506476858, -33.86538516328403], [150.77732506476858, -33.86533440218483], [150.77737582586775, -33.86533440218483], [150.77737582586775, -33.86528364108563], [150.77742658696695, -33.86528364108563], [150.77742658696695, -33.86523287998643], [150.77747734806616, -33.86523287998643], [150.77747734806616, -33.86518211888723], [150.77752810916536, -33.86518211888723], [150.77752810916536, -33.86513135778803], [150.77757887026456, -33.86513135778803], [150.77757887026456, -33.865080596688834], [150.77762963136377, -33.865080596688834], [150.77762963136377, -33.86502983558963], [150.77773115356217, -33.86502983558963], [150.77773115356217, -33.864979074490435], [150.77778191466135, -33.864979074490435], [150.77778191466135, -33.86492831339123], [150.77783267576055, -33.86492831339123], [150.77783267576055, -33.86477603009364], [150.77768039246297, -33.86477603009364], [150.77768039246297, -33.86482679119283], [150.77762963136377, -33.86482679119283], [150.77762963136377, -33.864877552292036], [150.77757887026456, -33.864877552292036], [150.77757887026456, -33.86492831339123], [150.77747734806616, -33.86492831339123], [150.77747734806616, -33.864979074490435], [150.77742658696695, -33.864979074490435], [150.77742658696695, -33.86502983558963], [150.77737582586775, -33.86502983558963], [150.77737582586775, -33.865080596688834], [150.77732506476858, -33.865080596688834], [150.77732506476858, -33.86513135778803], [150.77727430366937, -33.86513135778803], [150.77727430366937, -33.86518211888723], [150.77722354257017, -33.86518211888723], [150.77722354257017, -33.86523287998643], [150.77712202037176, -33.86523287998643], [150.77712202037176, -33.86528364108563], [150.77707125927256, -33.86528364108563], [150.77707125927256, -33.86533440218483], [150.77702049817336, -33.86533440218483], [150.77702049817336, -33.86538516328403], [150.77696973707418, -33.86538516328403], [150.77696973707418, -33.86543592438323], [150.77691897597498, -33.86543592438323], [150.77691897597498, -33.86548668548242], [150.77686821487578, -33.86548668548242], [150.77686821487578, -33.86553744658163], [150.77676669267737, -33.86553744658163], [150.77676669267737, -33.86558820768082], [150.77661440937976, -33.86558820768082], [150.77661440937976, -33.86553744658163], [150.77651288718138, -33.86553744658163], [150.77651288718138, -33.86548668548242], [150.77646212608218, -33.86548668548242], [150.77646212608218, -33.86543592438323], [150.77630984278457, -33.86543592438323], [150.77630984278457, -33.86538516328403], [150.77625908168537, -33.86538516328403], [150.77625908168537, -33.86533440218483], [150.776157559487, -33.86533440218483], [150.776157559487, -33.86528364108563], [150.77605603728858, -33.86528364108563], [150.77605603728858, -33.86523287998643], [150.77590375399097, -33.86523287998643], [150.77590375399097, -33.86518211888723], [150.77585299289177, -33.86518211888723], [150.77585299289177, -33.86513135778803], [150.7757514706934, -33.86513135778803], [150.7757514706934, -33.865080596688834], [150.775649948495, -33.865080596688834], [150.775649948495, -33.86502983558963], [150.77554842629658, -33.86502983558963], [150.77554842629658, -33.864979074490435], [150.77549766519738, -33.864979074490435], [150.77549766519738, -33.86492831339123], [150.775396142999, -33.86492831339123], [150.775396142999, -33.864877552292036], [150.7752438597014, -33.864877552292036], [150.7752438597014, -33.86482679119283], [150.77509157640378, -33.86482679119283], [150.77509157640378, -33.86477603009364], [150.7750408153046, -33.86477603009364], [150.7750408153046, -33.864725268994434], [150.7749392931062, -33.864725268994434], [150.7749392931062, -33.86462374679604], [150.7747870098086, -33.86462374679604], [150.7747870098086, -33.86457298569684], [150.77468548761018, -33.86457298569684], [150.77468548761018, -33.86452222459764], [150.7744824432134, -33.86452222459764], [150.7744824432134, -33.86447146349844], [150.7744316821142, -33.86447146349844], [150.7744316821142, -33.864420702399244], [150.7743301599158, -33.864420702399244], [150.7743301599158, -33.86436994130004], [150.7742286377174, -33.86436994130004], [150.7742286377174, -33.864319180200845], [150.774127115519, -33.864319180200845], [150.774127115519, -33.86426841910164], [150.7740763544198, -33.86426841910164], [150.7740763544198, -33.864217658002445], [150.7739748322214, -33.864217658002445], [150.7739748322214, -33.86416689690324], [150.77382254892382, -33.86416689690324], [150.77382254892382, -33.864116135804046], [150.7737210267254, -33.864116135804046], [150.7737210267254, -33.86406537470484], [150.77351798232863, -33.86406537470484], [150.77351798232863, -33.86340548041525], [150.7735687434278, -33.86340548041525], [150.7735687434278, -33.86325319711766], [150.77351798232863, -33.86325319711766], [150.77351798232863, -33.863202436018454], [150.77346722122942, -33.863202436018454], [150.77346722122942, -33.86315167491926], [150.7732641768326, -33.86315167491926], [150.7732641768326, -33.863100913820055], [150.77306113243583, -33.863100913820055], [150.77306113243583, -33.86305015272086], [150.77290884913822, -33.86305015272086], [150.77290884913822, -33.862999391621656], [150.77275656584064, -33.862999391621656], [150.77275656584064, -33.86294863052246], [150.77260428254303, -33.86294863052246], [150.77260428254303, -33.862897869423264], [150.77245199924542, -33.862897869423264], [150.77245199924542, -33.86284710832406], [150.77219819374943, -33.86284710832406], [150.77219819374943, -33.862796347224865], [150.77158906055905, -33.862796347224865], [150.77158906055905, -33.86274558612566], [150.77143677726144, -33.86274558612566], [150.77143677726144, -33.862694825026466], [150.77108144956705, -33.862694825026466], [150.77108144956705, -33.86264406392726], [150.77067536077345, -33.86264406392726], [150.77067536077345, -33.86259330282807], [150.77026927197986, -33.86259330282807], [150.77026927197986, -33.862542541728864], [150.76986318318626, -33.862542541728864], [150.76986318318626, -33.86249178062967], [150.76945709439266, -33.86249178062967], [150.76945709439266, -33.862441019530465], [150.76905100559907, -33.862441019530465], [150.76905100559907, -33.86239025843127], [150.76818806691267, -33.86239025843127], [150.76818806691267, -33.862339497332066], [150.76783273921828, -33.862339497332066], [150.76783273921828, -33.86228873623287], [150.7673758893255, -33.86228873623287], [150.7673758893255, -33.86223797513367], [150.7669698005319, -33.86223797513367], [150.7669698005319, -33.86218721403447], [150.7665129506391, -33.86218721403447], [150.7665129506391, -33.862136452935275], [150.76610686184551, -33.862136452935275], [150.76610686184551, -33.86208569183607], [150.76570077305192, -33.86208569183607], [150.76570077305192, -33.862034930736876], [150.76504087876233, -33.862034930736876], [150.76504087876233, -33.86198416963767], [150.76468555106794, -33.86198416963767], [150.76468555106794, -33.861933408538476], [150.76438098447272, -33.861933408538476], [150.76438098447272, -33.86188264743927], [150.76402565677833, -33.86188264743927], [150.76402565677833, -33.86183188634008], [150.76367032908394, -33.86183188634008], [150.76367032908394, -33.861781125240874], [150.76326424029034, -33.861781125240874], [150.76326424029034, -33.86173036414168], [150.76290891259595, -33.86173036414168], [150.76290891259595, -33.861679603042475], [150.76204597390958, -33.861679603042475], [150.76204597390958, -33.86162884194328], [150.76169064621516, -33.86162884194328], [150.76169064621516, -33.861578080844076], [150.7612337963224, -33.861578080844076], [150.7612337963224, -33.86152731974488], [150.760878468628, -33.86152731974488], [150.760878468628, -33.86147655864568], [150.7604723798344, -33.86147655864568], [150.7604723798344, -33.86142579754648], [150.7600662910408, -33.86142579754648], [150.7600662910408, -33.86137503644728], [150.7596602022472, -33.86137503644728], [150.7596602022472, -33.86132427534808], [150.7592541134536, -33.86132427534808], [150.7592541134536, -33.861273514248886], [150.7587465024616, -33.861273514248886], [150.7587465024616, -33.86122275314968], [150.75808660817202, -33.86122275314968], [150.75808660817202, -33.86117199205049], [150.75762975827922, -33.86117199205049], [150.75762975827922, -33.861121230951284], [150.75727443058483, -33.861121230951284], [150.75727443058483, -33.86107046985209], [150.75681758069203, -33.86107046985209], [150.75681758069203, -33.861019708752885], [150.75646225299764, -33.861019708752885], [150.75646225299764, -33.86096894765369], [150.75605616420404, -33.86096894765369], [150.75605616420404, -33.860918186554485], [150.75575159760885, -33.860918186554485], [150.75575159760885, -33.86086742545529], [150.75549779211286, -33.86086742545529], [150.75549779211286, -33.860918186554485], [150.75539626991446, -33.860918186554485], [150.75539626991446, -33.86086742545529], [150.75529474771605, -33.86086742545529], [150.75529474771605, -33.860918186554485], [150.75504094222006, -33.860918186554485], [150.75504094222006, -33.86096894765369], [150.75463485342647, -33.86096894765369], [150.75463485342647, -33.861019708752885], [150.75448257012886, -33.861019708752885], [150.75448257012886, -33.86107046985209], [150.75433028683128, -33.86107046985209], [150.75433028683128, -33.861121230951284], [150.75412724243446, -33.861121230951284], [150.75412724243446, -33.86107046985209], [150.75397495913688, -33.86107046985209], [150.75397495913688, -33.861121230951284], [150.75377191474007, -33.861121230951284], [150.75377191474007, -33.86117199205049], [150.7536196314425, -33.86117199205049], [150.7536196314425, -33.86122275314968], [150.75346734814488, -33.86122275314968], [150.75346734814488, -33.861273514248886], [150.7532135426489, -33.861273514248886], [150.7532135426489, -33.86132427534808], [150.7531120204505, -33.86132427534808], [150.7531120204505, -33.86137503644728], [150.7528074538553, -33.86137503644728], [150.7528074538553, -33.86142579754648], [150.7527059316569, -33.86142579754648], [150.7527059316569, -33.86147655864568], [150.75255364835928, -33.86147655864568], [150.75255364835928, -33.86152731974488], [150.7524013650617, -33.86152731974488], [150.7524013650617, -33.861578080844076], [150.7522998428633, -33.861578080844076], [150.7522998428633, -33.86162884194328], [150.7521983206649, -33.86162884194328], [150.7521983206649, -33.861679603042475], [150.7520460373673, -33.861679603042475], [150.7520460373673, -33.86173036414168], [150.7518937540697, -33.86173036414168], [150.7518937540697, -33.861781125240874], [150.7517922318713, -33.861781125240874], [150.7517922318713, -33.86183188634008], [150.7516399485737, -33.86183188634008], [150.7516399485737, -33.86188264743927], [150.7515891874745, -33.86188264743927], [150.7515891874745, -33.861933408538476], [150.7514876652761, -33.861933408538476], [150.7514876652761, -33.86198416963767], [150.75128462087932, -33.86198416963767], [150.75128462087932, -33.862034930736876], [150.7511323375817, -33.862034930736876], [150.7511323375817, -33.86208569183607], [150.7510815764825, -33.86208569183607], [150.7510815764825, -33.862136452935275], [150.7509800542841, -33.862136452935275], [150.7509800542841, -33.86218721403447], [150.75092929318492, -33.86218721403447], [150.75092929318492, -33.86223797513367], [150.75082777098652, -33.86223797513367], [150.75082777098652, -33.86228873623287], [150.7507262487881, -33.86228873623287], [150.7507262487881, -33.862339497332066], [150.7506247265897, -33.862339497332066], [150.7506247265897, -33.86239025843127], [150.75052320439133, -33.86239025843127], [150.75052320439133, -33.862441019530465], [150.75047244329213, -33.862441019530465], [150.75047244329213, -33.86249178062967], [150.75037092109372, -33.86249178062967], [150.75037092109372, -33.862542541728864], [150.75032015999452, -33.862542541728864], [150.75032015999452, -33.86259330282807], [150.7502186377961, -33.86259330282807], [150.7502186377961, -33.86264406392726], [150.75011711559773, -33.86264406392726], [150.75011711559773, -33.862694825026466], [150.75006635449853, -33.862694825026466], [150.75006635449853, -33.86274558612566], [150.75001559339933, -33.86274558612566], [150.75001559339933, -33.862796347224865], [150.74991407120092, -33.862796347224865], [150.74991407120092, -33.86284710832406], [150.74981254900254, -33.86284710832406], [150.74981254900254, -33.862897869423264], [150.74976178790334, -33.862897869423264], [150.74976178790334, -33.86294863052246], [150.74966026570493, -33.86294863052246], [150.74966026570493, -33.862999391621656], [150.74960950460573, -33.862999391621656], [150.74960950460573, -33.86305015272086], [150.74955874350653, -33.86305015272086], [150.74955874350653, -33.863100913820055], [150.74945722130812, -33.863100913820055], [150.74945722130812, -33.86315167491926], [150.74940646020895, -33.86315167491926], [150.74940646020895, -33.863202436018454], [150.74935569910974, -33.863202436018454], [150.74935569910974, -33.86325319711766], [150.74930493801054, -33.86325319711766], [150.74930493801054, -33.863303958216854], [150.74925417691134, -33.863303958216854], [150.74925417691134, -33.86335471931606], [150.74915265471293, -33.86335471931606], [150.74915265471293, -33.86340548041525], [150.74910189361373, -33.86340548041525], [150.74910189361373, -33.863456241514456], [150.74900037141535, -33.863456241514456], [150.74900037141535, -33.86350700261365], [150.74894961031615, -33.86350700261365], [150.74894961031615, -33.863557763712855], [150.74889884921694, -33.863557763712855], [150.74889884921694, -33.86360852481205], [150.74884808811774, -33.86360852481205], [150.74884808811774, -33.863659285911254], [150.74879732701854, -33.863659285911254], [150.74879732701854, -33.86371004701045], [150.74874656591933, -33.86371004701045], [150.74874656591933, -33.86376080810965], [150.74869580482013, -33.86376080810965], [150.74869580482013, -33.86381156920885], [150.74864504372096, -33.86381156920885], [150.74864504372096, -33.863862330308045], [150.74859428262175, -33.863862330308045], [150.74859428262175, -33.86391309140725], [150.74854352152255, -33.86391309140725], [150.74854352152255, -33.863963852506444], [150.74849276042335, -33.863963852506444], [150.74849276042335, -33.86406537470484], [150.74839123822494, -33.86406537470484], [150.74839123822494, -33.864116135804046], [150.74834047712574, -33.864116135804046], [150.74834047712574, -33.86416689690324], [150.74828971602656, -33.86416689690324], [150.74828971602656, -33.864217658002445], [150.74823895492736, -33.864217658002445], [150.74823895492736, -33.864319180200845], [150.74818819382816, -33.864319180200845], [150.74818819382816, -33.86436994130004], [150.74813743272895, -33.86436994130004], [150.74813743272895, -33.864420702399244], [150.74808667162975, -33.864420702399244], [150.74808667162975, -33.86447146349844], [150.74803591053055, -33.86447146349844], [150.74803591053055, -33.86452222459764], [150.74798514943134, -33.86452222459764], [150.74798514943134, -33.86457298569684], [150.74793438833214, -33.86457298569684], [150.74793438833214, -33.86462374679604], [150.74788362723297, -33.86462374679604], [150.74788362723297, -33.86467450789524], [150.74783286613376, -33.86467450789524], [150.74783286613376, -33.86477603009364], [150.74778210503456, -33.86477603009364], [150.74778210503456, -33.86482679119283], [150.74773134393536, -33.86482679119283], [150.74773134393536, -33.86492831339123], [150.74768058283615, -33.86492831339123], [150.74768058283615, -33.86502983558963], [150.74762982173695, -33.86502983558963], [150.74762982173695, -33.865080596688834], [150.74757906063775, -33.865080596688834], [150.74757906063775, -33.86513135778803], [150.74752829953854, -33.86513135778803], [150.74752829953854, -33.86518211888723], [150.74747753843937, -33.86518211888723], [150.74747753843937, -33.86523287998643], [150.74742677734017, -33.86523287998643], [150.74742677734017, -33.86533440218483], [150.74737601624096, -33.86533440218483], [150.74737601624096, -33.86538516328403], [150.74732525514176, -33.86538516328403], [150.74732525514176, -33.86553744658163], [150.74727449404256, -33.86553744658163], [150.74727449404256, -33.865638968780026], [150.74722373294335, -33.865638968780026], [150.74722373294335, -33.865740490978425], [150.74717297184415, -33.865740490978425], [150.74717297184415, -33.865842013176824], [150.74712221074498, -33.865842013176824], [150.74712221074498, -33.86589277427602], [150.74707144964577, -33.86589277427602], [150.74707144964577, -33.86599429647442], [150.74702068854657, -33.86599429647442], [150.74702068854657, -33.86609581867282], [150.74696992744737, -33.86609581867282], [150.74696992744737, -33.86619734087122], [150.74691916634816, -33.86619734087122], [150.74691916634816, -33.86604505757362], [150.74696992744737, -33.86604505757362], [150.74696992744737, -33.865842013176824], [150.74702068854657, -33.865842013176824], [150.74702068854657, -33.86553744658163], [150.74707144964577, -33.86553744658163], [150.74707144964577, -33.86528364108563], [150.74712221074498, -33.86528364108563], [150.74712221074498, -33.86502983558963], [150.74717297184415, -33.86502983558963], [150.74717297184415, -33.864979074490435], [150.74722373294335, -33.864979074490435], [150.74722373294335, -33.86492831339123], [150.74727449404256, -33.86492831339123], [150.74727449404256, -33.864979074490435], [150.74732525514176, -33.864979074490435], [150.74732525514176, -33.864877552292036], [150.74737601624096, -33.864877552292036], [150.74737601624096, -33.86467450789524], [150.74742677734017, -33.86467450789524], [150.74742677734017, -33.86462374679604], [150.74747753843937, -33.86462374679604], [150.74747753843937, -33.86452222459764], [150.74752829953854, -33.86452222459764], [150.74752829953854, -33.86447146349844], [150.74757906063775, -33.86447146349844], [150.74757906063775, -33.864420702399244], [150.74762982173695, -33.864420702399244], [150.74762982173695, -33.86436994130004], [150.74768058283615, -33.86436994130004], [150.74768058283615, -33.864319180200845], [150.74773134393536, -33.864319180200845], [150.74773134393536, -33.864217658002445], [150.74778210503456, -33.864217658002445], [150.74778210503456, -33.86416689690324], [150.74783286613376, -33.86416689690324], [150.74783286613376, -33.86406537470484], [150.74793438833214, -33.86406537470484], [150.74793438833214, -33.86401461360565], [150.74798514943134, -33.86401461360565], [150.74798514943134, -33.863963852506444], [150.74803591053055, -33.863963852506444], [150.74803591053055, -33.86391309140725], [150.74808667162975, -33.86391309140725], [150.74808667162975, -33.86381156920885], [150.74813743272895, -33.86381156920885], [150.74813743272895, -33.86376080810965], [150.74818819382816, -33.86376080810965], [150.74818819382816, -33.86371004701045], [150.74823895492736, -33.86371004701045], [150.74823895492736, -33.863659285911254], [150.74828971602656, -33.863659285911254], [150.74828971602656, -33.86360852481205], [150.74834047712574, -33.86360852481205], [150.74834047712574, -33.863557763712855], [150.74844199932414, -33.863557763712855], [150.74844199932414, -33.86350700261365], [150.74849276042335, -33.86350700261365], [150.74849276042335, -33.863456241514456], [150.74854352152255, -33.863456241514456], [150.74854352152255, -33.86340548041525], [150.74859428262175, -33.86340548041525], [150.74859428262175, -33.86335471931606], [150.74864504372096, -33.86335471931606], [150.74864504372096, -33.863303958216854], [150.74869580482013, -33.863303958216854], [150.74869580482013, -33.86325319711766], [150.74874656591933, -33.86325319711766], [150.74874656591933, -33.863202436018454], [150.74884808811774, -33.863202436018454], [150.74884808811774, -33.86315167491926], [150.74889884921694, -33.86315167491926], [150.74889884921694, -33.863100913820055], [150.74894961031615, -33.863100913820055], [150.74894961031615, -33.86305015272086], [150.74905113251455, -33.86305015272086], [150.74905113251455, -33.86294863052246], [150.74910189361373, -33.86294863052246], [150.74910189361373, -33.862897869423264], [150.74915265471293, -33.862897869423264], [150.74915265471293, -33.86284710832406], [150.74920341581213, -33.86284710832406], [150.74920341581213, -33.862796347224865], [150.74930493801054, -33.862796347224865], [150.74930493801054, -33.86274558612566], [150.74935569910974, -33.86274558612566], [150.74935569910974, -33.862694825026466], [150.74940646020895, -33.862694825026466], [150.74940646020895, -33.86264406392726], [150.74945722130812, -33.86264406392726], [150.74945722130812, -33.86259330282807], [150.74950798240732, -33.86259330282807], [150.74950798240732, -33.862542541728864], [150.74960950460573, -33.862542541728864], [150.74960950460573, -33.86249178062967], [150.74966026570493, -33.86249178062967], [150.74966026570493, -33.862441019530465], [150.74971102680414, -33.862441019530465], [150.74971102680414, -33.86239025843127], [150.74976178790334, -33.86239025843127], [150.74976178790334, -33.862339497332066], [150.74986331010172, -33.862339497332066], [150.74986331010172, -33.86228873623287], [150.74996483230012, -33.86228873623287], [150.74996483230012, -33.86223797513367], [150.75001559339933, -33.86223797513367], [150.75001559339933, -33.86218721403447], [150.75011711559773, -33.86218721403447], [150.75011711559773, -33.862136452935275], [150.7502186377961, -33.862136452935275], [150.7502186377961, -33.86208569183607], [150.75032015999452, -33.86208569183607], [150.75032015999452, -33.862034930736876], [150.75042168219292, -33.862034930736876], [150.75042168219292, -33.86198416963767], [150.7506247265897, -33.86198416963767], [150.7506247265897, -33.861933408538476], [150.7507262487881, -33.861933408538476], [150.7507262487881, -33.86188264743927], [150.75082777098652, -33.86188264743927], [150.75082777098652, -33.86183188634008], [150.75092929318492, -33.86183188634008], [150.75092929318492, -33.861781125240874], [150.7510308153833, -33.861781125240874], [150.7510308153833, -33.86173036414168], [150.7510815764825, -33.86173036414168], [150.7510815764825, -33.861679603042475], [150.75128462087932, -33.861679603042475], [150.75128462087932, -33.86162884194328], [150.7513861430777, -33.86162884194328], [150.7513861430777, -33.861578080844076], [150.7514876652761, -33.861578080844076], [150.7514876652761, -33.86152731974488], [150.7515891874745, -33.86152731974488], [150.7515891874745, -33.86147655864568], [150.7516907096729, -33.86147655864568], [150.7516907096729, -33.86142579754648], [150.7517922318713, -33.86142579754648], [150.7517922318713, -33.86137503644728], [150.7520460373673, -33.86137503644728], [150.7520460373673, -33.86132427534808], [150.75214755956569, -33.86132427534808], [150.75214755956569, -33.861273514248886], [150.7522490817641, -33.861273514248886], [150.7522490817641, -33.86122275314968], [150.7523506039625, -33.86122275314968], [150.7523506039625, -33.86117199205049], [150.75255364835928, -33.86117199205049], [150.75255364835928, -33.861121230951284], [150.7528074538553, -33.861121230951284], [150.7528074538553, -33.86107046985209], [150.75295973715288, -33.86107046985209], [150.75295973715288, -33.861019708752885], [150.75306125935128, -33.861019708752885], [150.75306125935128, -33.86096894765369], [150.7532135426489, -33.86096894765369], [150.7532135426489, -33.860918186554485], [150.75341658704568, -33.860918186554485], [150.75341658704568, -33.86086742545529], [150.75351810924408, -33.86086742545529], [150.75351810924408, -33.860816664356086], [150.75407648133526, -33.860816664356086], [150.75407648133526, -33.86076590325689], [150.75453333122806, -33.86076590325689], [150.75453333122806, -33.860816664356086], [150.75488865892245, -33.860816664356086], [150.75488865892245, -33.86076590325689], [150.75458409232726, -33.86076590325689], [150.75458409232726, -33.86071514215769], [150.75448257012886, -33.86071514215769], [150.75448257012886, -33.86066438105849], [150.75473637562487, -33.86066438105849], [150.75473637562487, -33.86061361995929], [150.75544703101366, -33.86061361995929], [150.75544703101366, -33.86066438105849], [150.75559931431124, -33.86066438105849], [150.75559931431124, -33.86071514215769], [150.75570083650965, -33.86071514215769], [150.75570083650965, -33.86066438105849], [150.75575159760885, -33.86066438105849], [150.75575159760885, -33.86071514215769], [150.75585311980726, -33.86071514215769], [150.75585311980726, -33.86066438105849], [150.75595464200563, -33.86066438105849], [150.75595464200563, -33.86061361995929], [150.75600540310484, -33.86061361995929], [150.75600540310484, -33.86056285886009], [150.75630996970006, -33.86056285886009], [150.75630996970006, -33.86066438105849], [150.75636073079923, -33.86066438105849], [150.75636073079923, -33.86056285886009], [150.75656377519604, -33.86056285886009], [150.75656377519604, -33.86061361995929], [150.75661453629525, -33.86061361995929], [150.75661453629525, -33.86056285886009], [150.75818813037043, -33.86056285886009], [150.75818813037043, -33.86061361995929], [150.7594063967512, -33.86061361995929], [150.7594063967512, -33.86066438105849], [150.759863246644, -33.86066438105849], [150.759863246644, -33.86071514215769], [150.7604216187352, -33.86071514215769], [150.7604216187352, -33.86076590325689], [150.76072618533038, -33.86076590325689], [150.76072618533038, -33.860816664356086], [150.76103075192557, -33.860816664356086], [150.76103075192557, -33.86086742545529], [150.76138607961997, -33.86086742545529], [150.76138607961997, -33.860918186554485], [150.76169064621516, -33.860918186554485], [150.76169064621516, -33.86096894765369], [150.76204597390958, -33.86096894765369], [150.76204597390958, -33.861019708752885], [150.76240130160397, -33.861019708752885], [150.76240130160397, -33.86107046985209], [150.76311195699276, -33.86107046985209], [150.76311195699276, -33.861121230951284], [150.76346728468715, -33.861121230951284], [150.76346728468715, -33.86117199205049], [150.76382261238155, -33.86117199205049], [150.76382261238155, -33.86122275314968], [150.76412717897674, -33.86122275314968], [150.76412717897674, -33.861273514248886], [150.76443174557193, -33.861273514248886], [150.76443174557193, -33.86132427534808], [150.76473631216712, -33.86132427534808], [150.76473631216712, -33.86137503644728], [150.76499011766313, -33.86137503644728], [150.76499011766313, -33.86142579754648], [150.76509163986154, -33.86142579754648], [150.76509163986154, -33.86147655864568], [150.76524392315912, -33.86147655864568], [150.76524392315912, -33.86152731974488], [150.76534544535753, -33.86152731974488], [150.76534544535753, -33.861578080844076], [150.7659545785479, -33.861578080844076], [150.7659545785479, -33.86152731974488], [150.7665129506391, -33.86152731974488], [150.7665129506391, -33.861578080844076], [150.7669190394327, -33.861578080844076], [150.7669190394327, -33.86162884194328], [150.7672743671271, -33.86162884194328], [150.7672743671271, -33.861679603042475], [150.7676804559207, -33.861679603042475], [150.7676804559207, -33.86173036414168], [150.7680865447143, -33.86173036414168], [150.7680865447143, -33.861679603042475], [150.7685433946071, -33.861679603042475], [150.7685433946071, -33.86173036414168], [150.76884796120228, -33.86173036414168], [150.76884796120228, -33.861781125240874], [150.76915252779747, -33.861781125240874], [150.76915252779747, -33.86183188634008], [150.76991394428546, -33.86183188634008], [150.76991394428546, -33.86188264743927], [150.77016774978145, -33.86188264743927], [150.77016774978145, -33.861933408538476], [150.77047231637664, -33.861933408538476], [150.77047231637664, -33.86198416963767], [150.77077688297186, -33.86198416963767], [150.77077688297186, -33.862034930736876], [150.77087840517024, -33.862034930736876], [150.77087840517024, -33.86208569183607], [150.77097992736864, -33.86208569183607], [150.77097992736864, -33.862136452935275], [150.77103068846785, -33.862136452935275], [150.77103068846785, -33.86218721403447], [150.77133525506304, -33.86218721403447], [150.77133525506304, -33.86223797513367], [150.77143677726144, -33.86223797513367], [150.77143677726144, -33.86228873623287], [150.77158906055905, -33.86228873623287], [150.77158906055905, -33.862339497332066], [150.77169058275743, -33.862339497332066], [150.77169058275743, -33.86239025843127], [150.77184286605504, -33.86239025843127], [150.77184286605504, -33.862441019530465], [150.77189362715424, -33.862441019530465], [150.77189362715424, -33.862542541728864], [150.77199514935265, -33.862542541728864], [150.77199514935265, -33.86259330282807], [150.77209667155103, -33.86259330282807], [150.77209667155103, -33.86264406392726], [150.77240123814622, -33.86264406392726], [150.77240123814622, -33.862694825026466], [150.77275656584064, -33.862694825026466], [150.77275656584064, -33.86274558612566], [150.77336569903102, -33.86274558612566], [150.77336569903102, -33.862694825026466], [150.7736702656262, -33.862694825026466], [150.7736702656262, -33.86264406392726], [150.774380921015, -33.86264406392726], [150.774380921015, -33.862694825026466], [150.774634726511, -33.862694825026466], [150.774634726511, -33.86274558612566], [150.77468548761018, -33.86274558612566], [150.77468548761018, -33.862694825026466], [150.7747362487094, -33.862694825026466], [150.7747362487094, -33.86274558612566], [150.7750408153046, -33.86274558612566], [150.7750408153046, -33.862796347224865], [150.7752946208006, -33.862796347224865], [150.7752946208006, -33.86284710832406], [150.77554842629658, -33.86284710832406], [150.77554842629658, -33.862897869423264], [150.77585299289177, -33.862897869423264], [150.77585299289177, -33.86294863052246], [150.77641136498298, -33.86294863052246], [150.77641136498298, -33.862999391621656], [150.77646212608218, -33.862999391621656], [150.77646212608218, -33.86305015272086], [150.77641136498298, -33.86305015272086], [150.77641136498298, -33.86315167491926], [150.77646212608218, -33.86315167491926], [150.77646212608218, -33.863100913820055], [150.77651288718138, -33.863100913820055], [150.77651288718138, -33.86305015272086], [150.77686821487578, -33.86305015272086], [150.77686821487578, -33.863100913820055], [150.77712202037176, -33.863100913820055], [150.77712202037176, -33.86315167491926], [150.77732506476858, -33.86315167491926], [150.77732506476858, -33.863202436018454], [150.77757887026456, -33.863202436018454], [150.77757887026456, -33.86325319711766], [150.77783267576055, -33.86325319711766], [150.77783267576055, -33.863303958216854], [150.77813724235574, -33.863303958216854], [150.77813724235574, -33.86335471931606], [150.77823876455415, -33.86335471931606], [150.77823876455415, -33.86340548041525], [150.77839104785176, -33.86340548041525], [150.77839104785176, -33.863456241514456], [150.77849257005016, -33.863456241514456], [150.77849257005016, -33.86350700261365], [150.77859409224854, -33.86350700261365], [150.77859409224854, -33.863557763712855], [150.77869561444695, -33.863557763712855], [150.77869561444695, -33.86360852481205], [150.77884789774455, -33.86360852481205], [150.77884789774455, -33.863659285911254], [150.77905094214134, -33.863659285911254], [150.77905094214134, -33.86371004701045], [150.77920322543895, -33.86371004701045], [150.77920322543895, -33.86376080810965], [150.77930474763733, -33.86376080810965], [150.77930474763733, -33.86381156920885], [150.77940626983573, -33.86381156920885], [150.77940626983573, -33.863862330308045], [150.77950779203414, -33.863862330308045], [150.77950779203414, -33.86391309140725], [150.77966007533172, -33.86391309140725], [150.77966007533172, -33.863963852506444], [150.77976159753013, -33.863963852506444], [150.77976159753013, -33.86401461360565], [150.77996464192694, -33.86401461360565], [150.77996464192694, -33.86406537470484], [150.78021844742293, -33.86406537470484], [150.78021844742293, -33.86416689690324], [150.78031996962133, -33.86416689690324], [150.78031996962133, -33.864217658002445], [150.7804722529189, -33.864217658002445], [150.7804722529189, -33.86426841910164], [150.78057377511732, -33.86426841910164], [150.78057377511732, -33.864319180200845], [150.78067529731572, -33.864319180200845], [150.78067529731572, -33.86436994130004], [150.7809291028117, -33.86436994130004], [150.7809291028117, -33.864420702399244], [150.78103062501012, -33.864420702399244], [150.78103062501012, -33.86447146349844], [150.78113214720852, -33.86447146349844], [150.78113214720852, -33.86452222459764], [150.7812844305061, -33.86452222459764], [150.7812844305061, -33.86457298569684], [150.7813859527045, -33.86457298569684], [150.7813859527045, -33.86462374679604], [150.7814367138037, -33.86462374679604], [150.7814367138037, -33.86467450789524], [150.7813859527045, -33.86467450789524], [150.7813859527045, -33.86477603009364], [150.7814367138037, -33.86477603009364], [150.7814367138037, -33.864725268994434], [150.78148747490292, -33.864725268994434], [150.78148747490292, -33.86467450789524], [150.78153823600212, -33.86467450789524], [150.78153823600212, -33.864725268994434], [150.7816905192997, -33.864725268994434], [150.7816905192997, -33.86477603009364], [150.7818428025973, -33.86477603009364], [150.7818428025973, -33.86482679119283], [150.7818935636965, -33.86482679119283], [150.7818935636965, -33.864877552292036], [150.7819950858949, -33.864877552292036], [150.7819950858949, -33.86492831339123], [150.7820966080933, -33.86492831339123], [150.7820966080933, -33.864979074490435], [150.7821473691925, -33.864979074490435], [150.7821473691925, -33.86502983558963], [150.7822488913909, -33.86502983558963], [150.7822488913909, -33.865080596688834], [150.78235041358928, -33.865080596688834], [150.78235041358928, -33.86513135778803], [150.7825026968869, -33.86513135778803], [150.7825026968869, -33.86518211888723], [150.7825534579861, -33.86518211888723], [150.7825534579861, -33.86523287998643], [150.7826549801845, -33.86523287998643], [150.7826549801845, -33.86528364108563], [150.78275650238288, -33.86528364108563], [150.78275650238288, -33.86533440218483], [150.78280726348208, -33.86533440218483], [150.78280726348208, -33.86538516328403], [150.7828580245813, -33.86538516328403], [150.7828580245813, -33.86543592438323], [150.7829595467797, -33.86543592438323], [150.7829595467797, -33.86548668548242], [150.7830610689781, -33.86548668548242], [150.7830610689781, -33.86553744658163], [150.78316259117648, -33.86553744658163], [150.78316259117648, -33.86558820768082], [150.78321335227568, -33.86558820768082], [150.78321335227568, -33.865638968780026], [150.78326411337488, -33.865638968780026], [150.78326411337488, -33.86568972987922], [150.7833656355733, -33.86568972987922], [150.7833656355733, -33.865740490978425], [150.7834163966725, -33.865740490978425], [150.7834163966725, -33.86579125207762], [150.7834671577717, -33.86579125207762], [150.7834671577717, -33.865842013176824], [150.78351791887087, -33.865842013176824], [150.78351791887087, -33.86589277427602], [150.78361944106928, -33.86589277427602], [150.78361944106928, -33.86594353537522], [150.78367020216848, -33.86594353537522], [150.78367020216848, -33.86599429647442], [150.7837717243669, -33.86599429647442], [150.7837717243669, -33.86604505757362], [150.7838224854661, -33.86604505757362], [150.7838224854661, -33.86619734087122], [150.78397476876367, -33.86619734087122], [150.78397476876367, -33.86624810197042], [150.78407629096208, -33.86624810197042], [150.78407629096208, -33.866298863069616], [150.78412705206128, -33.866298863069616], [150.78412705206128, -33.86634962416881], [150.78422857425969, -33.86634962416881], [150.78422857425969, -33.866400385268015], [150.78427933535886, -33.866400385268015], [150.78427933535886, -33.86645114636721], [150.78433009645806, -33.86645114636721], [150.78433009645806, -33.866501907466414], [150.78438085755727, -33.866501907466414], [150.78438085755727, -33.86655266856561], [150.78443161865647, -33.86655266856561], [150.78443161865647, -33.86660342966481], [150.78453314085488, -33.86660342966481], [150.78453314085488, -33.86665419076401], [150.78463466305325, -33.86665419076401], [150.78463466305325, -33.86670495186321], [150.78468542415246, -33.86670495186321], [150.78468542415246, -33.86680647406161], [150.78463466305325, -33.86680647406161], [150.78463466305325, -33.86685723516081], [150.78458390195408, -33.86685723516081], [150.78458390195408, -33.86690799626001], [150.78453314085488, -33.86690799626001], [150.78453314085488, -33.86695875735921], [150.78448237975567, -33.86695875735921], [150.78448237975567, -33.86700951845841], [150.78443161865647, -33.86700951845841], [150.78443161865647, -33.867060279557606], [150.78438085755727, -33.867060279557606], [150.78438085755727, -33.8671110406568], [150.78433009645806, -33.8671110406568], [150.78433009645806, -33.867161801756005], [150.78427933535886, -33.867161801756005], [150.78427933535886, -33.8672125628552], [150.78417781316048, -33.8672125628552], [150.78417781316048, -33.867263323954404], [150.78412705206128, -33.867263323954404], [150.78412705206128, -33.8673140850536], [150.78402552986287, -33.8673140850536], [150.78402552986287, -33.867263323954404], [150.78397476876367, -33.867263323954404], [150.78397476876367, -33.8672125628552], [150.78387324656526, -33.8672125628552], [150.78387324656526, -33.867161801756005], [150.7837717243669, -33.867161801756005], [150.7837717243669, -33.8671110406568], [150.78372096326768, -33.8671110406568], [150.78372096326768, -33.86700951845841], [150.78367020216848, -33.86700951845841], [150.78367020216848, -33.86695875735921], [150.78351791887087, -33.86695875735921], [150.78351791887087, -33.86690799626001], [150.7834671577717, -33.86690799626001], [150.7834671577717, -33.86685723516081], [150.7834163966725, -33.86685723516081], [150.7834163966725, -33.86680647406161], [150.78326411337488, -33.86680647406161], [150.78326411337488, -33.86675571296241], [150.78321335227568, -33.86675571296241], [150.78321335227568, -33.86670495186321], [150.78316259117648, -33.86670495186321], [150.78316259117648, -33.86665419076401], [150.7830610689781, -33.86665419076401], [150.7830610689781, -33.86660342966481], [150.7830103078789, -33.86660342966481], [150.7830103078789, -33.86655266856561], [150.7829595467797, -33.86655266856561], [150.7829595467797, -33.866501907466414], [150.7828580245813, -33.866501907466414], [150.7828580245813, -33.86645114636721], [150.78275650238288, -33.86645114636721], [150.78275650238288, -33.86634962416881], [150.7827057412837, -33.86634962416881], [150.7827057412837, -33.866298863069616], [150.7825026968869, -33.866298863069616], [150.7825026968869, -33.86634962416881], [150.7824519357877, -33.86634962416881], [150.7824519357877, -33.866400385268015], [150.7824011746885, -33.866400385268015], [150.7824011746885, -33.86645114636721], [150.7822996524901, -33.86645114636721], [150.7822996524901, -33.866501907466414], [150.7822488913909, -33.866501907466414], [150.7822488913909, -33.86655266856561], [150.7821981302917, -33.86655266856561], [150.7821981302917, -33.86660342966481], [150.7821473691925, -33.86660342966481], [150.7821473691925, -33.86665419076401], [150.7820966080933, -33.86665419076401], [150.7820966080933, -33.86670495186321], [150.7820458469941, -33.86670495186321], [150.7820458469941, -33.86675571296241], [150.7819950858949, -33.86675571296241], [150.7819950858949, -33.86680647406161], [150.7818935636965, -33.86680647406161], [150.7818935636965, -33.86685723516081], [150.7818428025973, -33.86685723516081], [150.7818428025973, -33.86690799626001], [150.7817920414981, -33.86690799626001], [150.7817920414981, -33.86695875735921], [150.7817412803989, -33.86695875735921], [150.7817412803989, -33.86700951845841], [150.7816905192997, -33.86700951845841], [150.7816905192997, -33.867060279557606], [150.7815889971013, -33.867060279557606], [150.7815889971013, -33.8671110406568], [150.78148747490292, -33.8671110406568], [150.78148747490292, -33.867161801756005], [150.7814367138037, -33.867161801756005], [150.7814367138037, -33.8672125628552], [150.7813859527045, -33.8672125628552], [150.7813859527045, -33.867263323954404], [150.7812844305061, -33.867263323954404], [150.7812844305061, -33.8673140850536], [150.7812336694069, -33.8673140850536], [150.7812336694069, -33.8673648461528], [150.78113214720852, -33.8673648461528], [150.78113214720852, -33.867415607252], [150.78108138610932, -33.867415607252], [150.78108138610932, -33.8674663683512], [150.78097986391091, -33.8674663683512], [150.78097986391091, -33.8675171294504], [150.7809291028117, -33.8675171294504], [150.7809291028117, -33.8675678905496], [150.78072605841493, -33.8675678905496], [150.78072605841493, -33.8675171294504], [150.78062453621652, -33.8675171294504], [150.78062453621652, -33.8674663683512], [150.78057377511732, -33.8674663683512], [150.78057377511732, -33.867415607252], [150.78037073072053, -33.867415607252], [150.78037073072053, -33.8673648461528], [150.78026920852213, -33.8673648461528], [150.78026920852213, -33.8673140850536], [150.78016768632372, -33.8673140850536], [150.78016768632372, -33.867263323954404], [150.78006616412532, -33.867263323954404], [150.78006616412532, -33.8672125628552], [150.78001540302614, -33.8672125628552], [150.78001540302614, -33.867161801756005], [150.77991388082773, -33.867161801756005], [150.77991388082773, -33.8671110406568], [150.77981235862933, -33.8671110406568], [150.77981235862933, -33.867060279557606], [150.77971083643092, -33.867060279557606], [150.77971083643092, -33.86700951845841], [150.77950779203414, -33.86700951845841], [150.77950779203414, -33.86695875735921], [150.77940626983573, -33.86695875735921], [150.77940626983573, -33.86690799626001], [150.77930474763733, -33.86690799626001], [150.77930474763733, -33.86685723516081], [150.77920322543895, -33.86685723516081], [150.77920322543895, -33.86680647406161], [150.77915246433975, -33.86680647406161], [150.77915246433975, -33.86675571296241], [150.77905094214134, -33.86675571296241], [150.77905094214134, -33.86670495186321], [150.77894941994293, -33.86670495186321], [150.77894941994293, -33.86665419076401]], [[150.7812844305061, -33.86477603009364], [150.7812844305061, -33.864877552292036], [150.7813351916053, -33.864877552292036], [150.7813351916053, -33.86482679119283], [150.7813859527045, -33.86482679119283], [150.7813859527045, -33.86477603009364], [150.7812844305061, -33.86477603009364]], [[150.7811829083077, -33.864877552292036], [150.7811829083077, -33.864979074490435], [150.7812336694069, -33.864979074490435], [150.7812336694069, -33.86492831339123], [150.7812844305061, -33.86492831339123], [150.7812844305061, -33.864877552292036], [150.7811829083077, -33.864877552292036]], [[150.77910170324054, -33.86670495186321], [150.77910170324054, -33.86665419076401], [150.77905094214134, -33.86665419076401], [150.77905094214134, -33.86670495186321], [150.77910170324054, -33.86670495186321]], [[150.77915246433975, -33.86665419076401], [150.77915246433975, -33.86660342966481], [150.77910170324054, -33.86660342966481], [150.77910170324054, -33.86665419076401], [150.77915246433975, -33.86665419076401]], [[150.77925398653815, -33.86660342966481], [150.77925398653815, -33.866501907466414], [150.77920322543895, -33.866501907466414], [150.77920322543895, -33.86655266856561], [150.77915246433975, -33.86655266856561], [150.77915246433975, -33.86660342966481], [150.77925398653815, -33.86660342966481]], [[150.75529474771605, -33.860816664356086], [150.75529474771605, -33.86071514215769], [150.75509170331927, -33.86071514215769], [150.75509170331927, -33.860816664356086], [150.75529474771605, -33.860816664356086]], [[150.7762083205862, -33.86325319711766], [150.7762083205862, -33.863303958216854], [150.77630984278457, -33.863303958216854], [150.77630984278457, -33.863202436018454], [150.77625908168537, -33.863202436018454], [150.77625908168537, -33.86325319711766], [150.7762083205862, -33.86325319711766]], [[150.7762083205862, -33.86335471931606], [150.776157559487, -33.86335471931606], [150.776157559487, -33.86340548041525], [150.7762083205862, -33.86340548041525], [150.7762083205862, -33.86335471931606]], [[150.7761067983878, -33.86340548041525], [150.7761067983878, -33.863456241514456], [150.776157559487, -33.863456241514456], [150.776157559487, -33.86340548041525], [150.7761067983878, -33.86340548041525]], [[150.77605603728858, -33.863456241514456], [150.77605603728858, -33.86350700261365], [150.7761067983878, -33.86350700261365], [150.7761067983878, -33.863456241514456], [150.77605603728858, -33.863456241514456]], [[150.77600527618938, -33.86350700261365], [150.77600527618938, -33.863557763712855], [150.77605603728858, -33.863557763712855], [150.77605603728858, -33.86350700261365], [150.77600527618938, -33.86350700261365]], [[150.77585299289177, -33.86371004701045], [150.77585299289177, -33.863659285911254], [150.7758022317926, -33.863659285911254], [150.7758022317926, -33.86371004701045], [150.77585299289177, -33.86371004701045]], [[150.7757007095942, -33.863862330308045], [150.77559918739578, -33.863862330308045], [150.77559918739578, -33.86391309140725], [150.7757007095942, -33.86391309140725], [150.7757007095942, -33.863862330308045]], [[150.77554842629658, -33.86391309140725], [150.77554842629658, -33.863963852506444], [150.77559918739578, -33.863963852506444], [150.77559918739578, -33.86391309140725], [150.77554842629658, -33.86391309140725]], [[150.78097986391091, -33.865080596688834], [150.7809291028117, -33.865080596688834], [150.7809291028117, -33.86513135778803], [150.7808783417125, -33.86513135778803], [150.7808783417125, -33.86518211888723], [150.78097986391091, -33.86518211888723], [150.78097986391091, -33.865080596688834]], [[150.7808275806133, -33.86518211888723], [150.7808275806133, -33.86523287998643], [150.78077681951413, -33.86523287998643], [150.78077681951413, -33.86528364108563], [150.7808783417125, -33.86528364108563], [150.7808783417125, -33.86518211888723], [150.7808275806133, -33.86518211888723]], [[150.78072605841493, -33.86528364108563], [150.78072605841493, -33.86533440218483], [150.78077681951413, -33.86533440218483], [150.78077681951413, -33.86528364108563], [150.78072605841493, -33.86528364108563]], [[150.78067529731572, -33.86533440218483], [150.78067529731572, -33.86538516328403], [150.78072605841493, -33.86538516328403], [150.78072605841493, -33.86533440218483], [150.78067529731572, -33.86533440218483]], [[150.78062453621652, -33.86538516328403], [150.78057377511732, -33.86538516328403], [150.78057377511732, -33.86543592438323], [150.78062453621652, -33.86543592438323], [150.78062453621652, -33.86538516328403]], [[150.78052301401812, -33.86543592438323], [150.78052301401812, -33.86548668548242], [150.78057377511732, -33.86548668548242], [150.78057377511732, -33.86543592438323], [150.78052301401812, -33.86543592438323]], [[150.7804722529189, -33.86548668548242], [150.7804722529189, -33.86553744658163], [150.78052301401812, -33.86553744658163], [150.78052301401812, -33.86548668548242], [150.7804722529189, -33.86548668548242]], [[150.7804214918197, -33.86553744658163], [150.7804214918197, -33.86558820768082], [150.7804722529189, -33.86558820768082], [150.7804722529189, -33.86553744658163], [150.7804214918197, -33.86553744658163]], [[150.78031996962133, -33.86558820768082], [150.78031996962133, -33.86568972987922], [150.78037073072053, -33.86568972987922], [150.78037073072053, -33.865638968780026], [150.7804214918197, -33.865638968780026], [150.7804214918197, -33.86558820768082], [150.78031996962133, -33.86558820768082]], [[150.78021844742293, -33.865740490978425], [150.78026920852213, -33.865740490978425], [150.78026920852213, -33.86568972987922], [150.78016768632372, -33.86568972987922], [150.78016768632372, -33.86579125207762], [150.78021844742293, -33.86579125207762], [150.78021844742293, -33.865740490978425]], [[150.78006616412532, -33.86579125207762], [150.78006616412532, -33.865842013176824], [150.78016768632372, -33.865842013176824], [150.78016768632372, -33.86579125207762], [150.78006616412532, -33.86579125207762]], [[150.78001540302614, -33.86589277427602], [150.77996464192694, -33.86589277427602], [150.77996464192694, -33.86594353537522], [150.78001540302614, -33.86594353537522], [150.78001540302614, -33.86589277427602]], [[150.77991388082773, -33.86594353537522], [150.77991388082773, -33.86599429647442], [150.77996464192694, -33.86599429647442], [150.77996464192694, -33.86594353537522], [150.77991388082773, -33.86594353537522]], [[150.77976159753013, -33.86609581867282], [150.77971083643092, -33.86609581867282], [150.77971083643092, -33.86614657977202], [150.77976159753013, -33.86614657977202], [150.77976159753013, -33.86609581867282]], [[150.77966007533172, -33.86614657977202], [150.77966007533172, -33.86619734087122], [150.77971083643092, -33.86619734087122], [150.77971083643092, -33.86614657977202], [150.77966007533172, -33.86614657977202]], [[150.77960931423254, -33.86619734087122], [150.77960931423254, -33.86624810197042], [150.77966007533172, -33.86624810197042], [150.77966007533172, -33.86619734087122], [150.77960931423254, -33.86619734087122]], [[150.77955855313334, -33.86624810197042], [150.77955855313334, -33.866298863069616], [150.77960931423254, -33.866298863069616], [150.77960931423254, -33.86624810197042], [150.77955855313334, -33.86624810197042]], [[150.77945703093494, -33.866298863069616], [150.77945703093494, -33.866400385268015], [150.77950779203414, -33.866400385268015], [150.77950779203414, -33.86634962416881], [150.77955855313334, -33.86634962416881], [150.77955855313334, -33.866298863069616], [150.77945703093494, -33.866298863069616]], [[150.7838224854661, -33.86670495186321], [150.7838224854661, -33.86634962416881], [150.7837717243669, -33.86634962416881], [150.7837717243669, -33.86670495186321], [150.7838224854661, -33.86670495186321]], [[150.77935550873653, -33.866501907466414], [150.77935550873653, -33.86645114636721], [150.77930474763733, -33.86645114636721], [150.77930474763733, -33.866501907466414], [150.77935550873653, -33.866501907466414]]], [[[150.7903199061636, -33.86371004701045], [150.79123360594917, -33.86371004701045], [150.79123360594917, -33.86376080810965], [150.79158893364357, -33.86376080810965], [150.79158893364357, -33.86381156920885], [150.79209654463557, -33.86381156920885], [150.79209654463557, -33.863862330308045], [150.79214730573477, -33.863862330308045], [150.79214730573477, -33.863963852506444], [150.79224882793318, -33.863963852506444], [150.79224882793318, -33.86401461360565], [150.79229958903235, -33.86401461360565], [150.79229958903235, -33.86406537470484], [150.79240111123076, -33.86406537470484], [150.79240111123076, -33.86416689690324], [150.79209654463557, -33.86416689690324], [150.79209654463557, -33.864116135804046], [150.79179197804038, -33.864116135804046], [150.79179197804038, -33.86406537470484], [150.7905229505604, -33.86406537470484], [150.7905229505604, -33.863963852506444], [150.7890508786836, -33.863963852506444], [150.7890508786836, -33.86391309140725], [150.7890001175844, -33.86391309140725], [150.7890001175844, -33.86381156920885], [150.7889493564852, -33.86381156920885], [150.7889493564852, -33.86376080810965], [150.7890001175844, -33.86376080810965], [150.7890001175844, -33.863659285911254], [150.7903199061636, -33.863659285911254], [150.7903199061636, -33.86371004701045]]]]}}]}