{"type":"FeatureCollection","crs":{"type":"name","properties":{"name":"urn:ogc:def:crs:OGC:1.3:CRS84"}},"metadata":{"source":"Leppington Precinct - South West Growth Centre Land Zoning Map, SEPP (Sydney Region Growth Centres) 2006, NSW Planning & Environment","coordinate_system":"WGS84 (EPSG:4326)","georef":"Original precinct vector + uniform shift 16.3m E, -11.8m N (median of RE1/E4 GCPs). No scale/rotation."},"features":[{"type":"Feature","properties":{"zone":"B2","name":"Local Centre","description":"B2 Local Centre \u2014 retail and commercial uses serving local needs","fill":"#62f0f5","fill-opacity":0.7,"source":"Leppington Precinct - South West Growth Centre Land Zoning Map, State Environmental Planning Policy (Sydney Region Growth Centres) 2006, NSW Planning & Environment"},"geometry":{"type":"Polygon","coordinates":[[[150.80587635429796,-33.961460094329624],[150.80583495429795,-33.961638394329626],[150.80608585429798,-33.96159869432962],[150.80619085429797,-33.96166059432962],[150.80617065429797,-33.961734894329624],[150.80595595429796,-33.96176039432962],[150.80577965429796,-33.96169709432962],[150.80573685429798,-33.96192019432962],[150.80553985429796,-33.961946094329626],[150.80548265429798,-33.96206439432962],[150.80571245429798,-33.96212869432962],[150.80585645429795,-33.96208689432962],[150.80628265429797,-33.96214029432962],[150.80651575429795,-33.96210019432962],[150.80651765429795,-33.96204049432962],[150.80639435429796,-33.96199319432962],[150.80628655429797,-33.962020894329626],[150.80616365429796,-33.961958694329624],[150.80607305429797,-33.96200159432962],[150.80600275429796,-33.961970394329626],[150.80600555429797,-33.96188079432962],[150.80607775429797,-33.961852394329625],[150.80616545429797,-33.96189899432962],[150.80634505429796,-33.961857794329624],[150.80634895429796,-33.96173839432962],[150.80629635429796,-33.96170749432962],[150.80626785429797,-33.96148299432962],[150.80587635429796,-33.961460094329624]]]}},{"type":"Feature","properties":{"zone":"B2","name":"Local Centre","description":"B2 Local Centre \u2014 retail and commercial uses serving local needs","fill":"#62f0f5","fill-opacity":0.7,"source":"Leppington Precinct - South West Growth Centre Land Zoning Map, State Environmental Planning Policy (Sydney Region Growth Centres) 2006, NSW Planning & Environment"},"geometry":{"type":"Polygon","coordinates":[[[150.78772575429795,-33.959674994329625],[150.78575545429797,-33.96163619432962],[150.78575395429797,-33.961680894329625],[150.78706275429795,-33.96258839432962],[150.78906865429795,-33.960627894329626],[150.78772575429795,-33.959674994329625]]]}},{"type":"Feature","properties":{"zone":"B2","name":"Local Centre","description":"B2 Local Centre \u2014 retail and commercial uses serving local needs","fill":"#62f0f5","fill-opacity":0.7,"source":"Leppington Precinct - South West Growth Centre Land Zoning Map, State Environmental Planning Policy (Sydney Region Growth Centres) 2006, NSW Planning & Environment"},"geometry":{"type":"Polygon","coordinates":[[[150.80875895429796,-33.95884539432962],[150.80849125429796,-33.958854894329626],[150.80848735429797,-33.95897429432962],[150.80875465429796,-33.95897969432962],[150.80875895429796,-33.95884539432962]]]}},{"type":"Feature","properties":{"zone":"B3","name":"Commercial Core","description":"B3 Commercial Core \u2014 offices, retail and commercial in a commercial centre","fill":"#00c2ed","fill-opacity":0.7,"source":"Leppington Precinct - South West Growth Centre Land Zoning Map, State Environmental Planning Policy (Sydney Region Growth Centres) 2006, NSW Planning & Environment"},"geometry":{"type":"Polygon","coordinates":[[[150.80760465429796,-33.954760394329625],[150.80756615429797,-33.954849194329626],[150.80776315429796,-33.956510794329624],[150.80802845429795,-33.958263194329625],[150.80799935429795,-33.95862099432962],[150.80788385429796,-33.95888739432962],[150.80762345429795,-33.959225594329624],[150.80504745429795,-33.961727094329625],[150.80605785429796,-33.962479194329624],[150.80621635429796,-33.96254219432962],[150.80628815429796,-33.96252869432962],[150.80899415429795,-33.95986549432963],[150.80940705429796,-33.95921679432962],[150.80956895429796,-33.958607894329624],[150.80958265429797,-33.958175094329626],[150.80947455429796,-33.957650294329625],[150.80916585429796,-33.95501599432962],[150.80760465429796,-33.954760394329625]],[[150.80587705429795,-33.961997594329624],[150.80603735429796,-33.96200089432963],[150.80603455429795,-33.96209049432962],[150.80594455429795,-33.962118594329624],[150.80587425429798,-33.96208729432962],[150.80587705429795,-33.961997594329624]],[[150.80613415429795,-33.96176389432962],[150.80629455429795,-33.961767194329624],[150.80629175429797,-33.961856694329626],[150.80620155429796,-33.961884694329626],[150.80613125429795,-33.961853594329625],[150.80613415429795,-33.96176389432962]]]}},{"type":"Feature","properties":{"zone":"B4","name":"Mixed Use","description":"B4 Mixed Use \u2014 residential, retail, commercial and light industrial uses","fill":"#959dc2","fill-opacity":0.7,"source":"Leppington Precinct - South West Growth Centre Land Zoning Map, State Environmental Planning Policy (Sydney Region Growth Centres) 2006, NSW Planning & Environment"},"geometry":{"type":"Polygon","coordinates":[[[150.80732305429797,-33.95239529432963],[150.80728355429795,-33.95251399432962],[150.80745195429796,-33.953950994329624],[150.80903245429795,-33.954161994329624],[150.80886835429797,-33.95259079432962],[150.80801615429797,-33.95246909432962],[150.80796175429796,-33.952497894329625],[150.80787415429796,-33.95245129432963],[150.80765885429796,-33.952491794329624],[150.80748335429797,-33.95239859432962],[150.80732305429797,-33.95239529432963]],[[150.80827155429796,-33.95341499432963],[150.80839525429795,-33.95344739432962],[150.80839155429797,-33.953566794329625],[150.80828315429795,-33.953609394329625],[150.80814255429797,-33.953546794329625],[150.80816265429797,-33.953472494329624],[150.80827155429796,-33.95341499432963]],[[150.80786685429797,-33.95324259432962],[150.80809845429795,-33.95324719432963],[150.80809565429797,-33.95333679432962],[150.80786395429797,-33.953332094329625],[150.80786685429797,-33.95324259432962]]]}},{"type":"Feature","properties":{"zone":"B4","name":"Mixed Use","description":"B4 Mixed Use \u2014 residential, retail, commercial and light industrial uses","fill":"#959dc2","fill-opacity":0.7,"source":"Leppington Precinct - South West Growth Centre Land Zoning Map, State Environmental Planning Policy (Sydney Region Growth Centres) 2006, NSW Planning & Environment"},"geometry":{"type":"Polygon","coordinates":[[[150.80796465429796,-33.95072089432962],[150.80760015429797,-33.95096739432962],[150.80732055429797,-33.95135009432963],[150.80722105429797,-33.951676594329626],[150.80722605429796,-33.95207979432963],[150.80877175429796,-33.95226039432962],[150.80881175429795,-33.95212679432962],[150.80876065429797,-33.952051094329626],[150.80875085429795,-33.95179709432962],[150.80869785429798,-33.951780994329624],[150.80870345429796,-33.95160199432962],[150.80853205429796,-33.95082199432962],[150.80796465429796,-33.95072089432962]]]}},{"type":"Feature","properties":{"zone":"B7","name":"Business Park","description":"B7 Business Park \u2014 business, light industrial and research uses","fill":"#bad6de","fill-opacity":0.7,"source":"Leppington Precinct - South West Growth Centre Land Zoning Map, State Environmental Planning Policy (Sydney Region Growth Centres) 2006, NSW Planning & Environment"},"geometry":{"type":"Polygon","coordinates":[[[150.80971685429796,-33.955071794329626],[150.80962685429796,-33.95509989432962],[150.80962445429796,-33.955174494329626],[150.80992385429795,-33.95753999432962],[150.80999335429797,-33.957600994329624],[150.80995335429796,-33.95773459432962],[150.81000495429797,-33.95779539432962],[150.80998185429797,-33.957959194329625],[150.81005825429796,-33.95836389432962],[150.80985115429797,-33.959270594329624],[150.80973615429795,-33.95952219432962],[150.80932515429797,-33.960111094329626],[150.80691375429797,-33.96248149432962],[150.80670875429797,-33.96276109432962],[150.80672045429796,-33.96295549432963],[150.80724515429796,-33.96327959432963],[150.80726105429795,-33.963339694329626],[150.80773235429797,-33.96366279432962],[150.80957215429797,-33.96187819432962],[150.80957885429797,-33.961669294329624],[150.80965105429797,-33.961640894329626],[150.80973875429797,-33.96168739432962],[150.80981145429797,-33.96164409432962],[150.81077035429797,-33.960647994329626],[150.81114525429797,-33.960073294329625],[150.81149595429795,-33.95913959432962],[150.81157965429796,-33.95818559432962],[150.81119265429797,-33.95520619432963],[150.80971685429796,-33.955071794329626]]]}},{"type":"Feature","properties":{"zone":"B7","name":"Business Park","description":"B7 Business Park \u2014 business, light industrial and research uses","fill":"#bad6de","fill-opacity":0.7,"source":"Leppington Precinct - South West Growth Centre Land Zoning Map, State Environmental Planning Policy (Sydney Region Growth Centres) 2006, NSW Planning & Environment"},"geometry":{"type":"Polygon","coordinates":[[[150.80979215429795,-33.95101169432962],[150.80934475429797,-33.951062394329625],[150.80930795429796,-33.95165899432963],[150.80931825429795,-33.95189809432962],[150.80937085429795,-33.95192899432963],[150.80931895429796,-33.95243569432962],[150.80937005429797,-33.952511394329626],[150.80934185429797,-33.95283939432962],[150.80949395429795,-33.95423109432962],[150.81107185429795,-33.95451679432962],[150.81110905429796,-33.954472794329625],[150.81094655429797,-33.953409294329624],[150.81088915429797,-33.95240759432962],[150.81083905429796,-33.952302094329625],[150.81087345429796,-33.95178019432962],[150.81079625429797,-33.951405294329625],[150.81059225429797,-33.95108759432962],[150.80979215429795,-33.95101169432962]]]}},{"type":"Feature","properties":{"zone":"E2","name":"Environmental Conservation","description":"E2 Environmental Conservation \u2014 protection of environmentally sensitive land","fill":"#f0ae3c","fill-opacity":0.7,"source":"Leppington Precinct - South West Growth Centre Land Zoning Map, State Environmental Planning Policy (Sydney Region Growth Centres) 2006, NSW Planning & Environment"},"geometry":{"type":"Polygon","coordinates":[[[150.79104005429795,-33.96425149432962],[150.79087545429798,-33.96438259432962],[150.79081825429796,-33.964500894329625],[150.79088595429795,-33.96517419432963],[150.79103885429797,-33.96541619432963],[150.79112605429796,-33.96547769432962],[150.79123285429796,-33.965479794329624],[150.79130515429796,-33.96545149432962],[150.79132635429795,-33.965347294329625],[150.79124565429797,-33.96507699432962],[150.79120925429797,-33.964538594329625],[150.79104985429797,-33.96450559432962],[150.79104005429795,-33.96425149432962]]]}},{"type":"Feature","properties":{"zone":"E2","name":"Environmental Conservation","description":"E2 Environmental Conservation \u2014 protection of environmentally sensitive land","fill":"#f0ae3c","fill-opacity":0.7,"source":"Leppington Precinct - South West Growth Centre Land Zoning Map, State Environmental Planning Policy (Sydney Region Growth Centres) 2006, NSW Planning & Environment"},"geometry":{"type":"Polygon","coordinates":[[[150.79119915429797,-33.96373219432962],[150.79094545429797,-33.963861394329626],[150.79090555429795,-33.96399489432962],[150.79106735429795,-33.96395349432962],[150.79122685429797,-33.963986494329625],[150.79125135429797,-33.963777994329625],[150.79119915429797,-33.96373219432962]]]}},{"type":"Feature","properties":{"zone":"E4","name":"Environmental Living","description":"E4 Environmental Living \u2014 low-impact residential in sensitive environments","fill":"#ffda96","fill-opacity":0.7,"source":"Leppington Precinct - South West Growth Centre Land Zoning Map, State Environmental Planning Policy (Sydney Region Growth Centres) 2006, NSW Planning & Environment"},"geometry":{"type":"Polygon","coordinates":[[[150.80366455429797,-33.97383929432962],[150.80342335429796,-33.97413309432962],[150.80362775429796,-33.97443589432962],[150.80399445429796,-33.974682294329625],[150.80408345429797,-33.974683994329624],[150.80426885429796,-33.97446379432962],[150.80385115429797,-33.974141694329624],[150.80378265429798,-33.97405079432962],[150.80375365429796,-33.97384119432962],[150.80366455429797,-33.97383929432962]]]}},{"type":"Feature","properties":{"zone":"E4","name":"Environmental Living","description":"E4 Environmental Living \u2014 low-impact residential in sensitive environments","fill":"#ffda96","fill-opacity":0.7,"source":"Leppington Precinct - South West Growth Centre Land Zoning Map, State Environmental Planning Policy (Sydney Region Growth Centres) 2006, NSW Planning & Environment"},"geometry":{"type":"Polygon","coordinates":[[[150.81047785429797,-33.97267779432963],[150.80978045429796,-33.972738394329625],[150.80907325429797,-33.974232294329624],[150.80888975429795,-33.974392894329625],[150.80995315429797,-33.975160894329626],[150.81080425429795,-33.97419259432962],[150.81134995429795,-33.97329269432962],[150.81072355429797,-33.972802194329624],[150.81047785429797,-33.97267779432963]]]}},{"type":"Feature","properties":{"zone":"E4","name":"Environmental Living","description":"E4 Environmental Living \u2014 low-impact residential in sensitive environments","fill":"#ffda96","fill-opacity":0.7,"source":"Leppington Precinct - South West Growth Centre Land Zoning Map, State Environmental Planning Policy (Sydney Region Growth Centres) 2006, NSW Planning & Environment"},"geometry":{"type":"Polygon","coordinates":[[[150.80273015429796,-33.97125199432963],[150.80292795429796,-33.971763694329624],[150.80308395429796,-33.971901294329626],[150.80302775429797,-33.97198979432962],[150.80305525429796,-33.972244194329626],[150.80299805429797,-33.97236249432962],[150.80313635429795,-33.97249969432962],[150.80327085429795,-33.97275629432962],[150.80317045429797,-33.97311259432962],[150.80330875429797,-33.973249794329625],[150.80335415429795,-33.973504494329624],[150.80362195429797,-33.97349509432962],[150.80369425429797,-33.97346659432962],[150.80369705429797,-33.97337709432962],[150.80354865429797,-33.972433294329626],[150.80393575429795,-33.972037994329625],[150.80297685429795,-33.971346594329624],[150.80278405429797,-33.97123819432962],[150.80273015429796,-33.97125199432963]]]}},{"type":"Feature","properties":{"zone":"E4","name":"Environmental Living","description":"E4 Environmental Living \u2014 low-impact residential in sensitive environments","fill":"#ffda96","fill-opacity":0.7,"source":"Leppington Precinct - South West Growth Centre Land Zoning Map, State Environmental Planning Policy (Sydney Region Growth Centres) 2006, NSW Planning & Environment"},"geometry":{"type":"Polygon","coordinates":[[[150.78956215429795,-33.970926394329624],[150.78920695429795,-33.97144189432962],[150.78914495429797,-33.97170939432962],[150.78927465429797,-33.972682594329626],[150.78912045429797,-33.97360529432962],[150.78900495429795,-33.973871894329626],[150.78928635429796,-33.97399689432962],[150.78932345429797,-33.97395289432962],[150.78925925429797,-33.973727594329624],[150.78927295429796,-33.973294794329625],[150.78931105429797,-33.97322089432962],[150.78952585429795,-33.97319539432962],[150.78968155429797,-33.972780494329626],[150.78966995429795,-33.97258609432962],[150.78974645429795,-33.972423394329624],[150.78973435429796,-33.972243994329624],[150.78945575429796,-33.97202929432962],[150.78941045429795,-33.97177449432962],[150.78958165429796,-33.97143449432962],[150.78989555429797,-33.971097394329625],[150.78972155429796,-33.97095949432963],[150.78956215429795,-33.970926394329624]]]}},{"type":"Feature","properties":{"zone":"E4","name":"Environmental Living","description":"E4 Environmental Living \u2014 low-impact residential in sensitive environments","fill":"#ffda96","fill-opacity":0.7,"source":"Leppington Precinct - South West Growth Centre Land Zoning Map, State Environmental Planning Policy (Sydney Region Growth Centres) 2006, NSW Planning & Environment"},"geometry":{"type":"Polygon","coordinates":[[[150.80248315429796,-33.967797694329626],[150.80228005429797,-33.96801759432962],[150.80199105429796,-33.96813119432962],[150.80185865429797,-33.968367394329626],[150.80186285429795,-33.96880059432962],[150.80195835429797,-33.969160894329626],[150.80194555429796,-33.96956379432962],[150.80204685429797,-33.969745094329625],[150.80211715429797,-33.969776194329626],[150.80222455429796,-33.96976349432963],[150.80217585429796,-33.969613294329626],[150.80219055429797,-33.969150594329626],[150.80311145429795,-33.96822839432962],[150.80304395429795,-33.968107594329624],[150.80279635429795,-33.96804289432962],[150.80248315429796,-33.967797694329626]]]}},{"type":"Feature","properties":{"zone":"E4","name":"Environmental Living","description":"E4 Environmental Living \u2014 low-impact residential in sensitive environments","fill":"#ffda96","fill-opacity":0.7,"source":"Leppington Precinct - South West Growth Centre Land Zoning Map, State Environmental Planning Policy (Sydney Region Growth Centres) 2006, NSW Planning & Environment"},"geometry":{"type":"Polygon","coordinates":[[[150.80320005429797,-33.96375039432962],[150.80296415429797,-33.963880094329625],[150.80296115429798,-33.963969594329626],[150.80304795429797,-33.964045994329624],[150.80309625429797,-33.96421119432962],[150.80277905429796,-33.96465279432962],[150.80273775429797,-33.964831194329626],[150.80289245429796,-33.965013594329626],[150.80312225429796,-33.965077894329625],[150.80341815429796,-33.965307794329625],[150.80376755429796,-33.964971494329625],[150.80333245429796,-33.964634094329625],[150.80344895429795,-33.96433779432962],[150.80343075429795,-33.96378499432962],[150.80320005429797,-33.96375039432962]]]}},{"type":"Feature","properties":{"zone":"E4","name":"Environmental Living","description":"E4 Environmental Living \u2014 low-impact residential in sensitive environments","fill":"#ffda96","fill-opacity":0.7,"source":"Leppington Precinct - South West Growth Centre Land Zoning Map, State Environmental Planning Policy (Sydney Region Growth Centres) 2006, NSW Planning & Environment"},"geometry":{"type":"Polygon","coordinates":[[[150.79115305429795,-33.96293979432962],[150.79107795429798,-33.96305769432962],[150.79105305429798,-33.963281194329625],[150.79125975429795,-33.963509294329626],[150.79129115429797,-33.96364439432963],[150.79126955429797,-33.963763294329624],[150.79103215429797,-33.963937794329624],[150.79104385429795,-33.96413219432962],[150.79114795429797,-33.96422379432963],[150.79108745429795,-33.96444659432962],[150.79126425429797,-33.964494894329626],[150.79129415429796,-33.964674794329625],[150.79127345429796,-33.96476389432962],[150.79111025429796,-33.96485029432962],[150.79128655429795,-33.96491359432962],[150.79132025429797,-33.964973894329624],[150.79139375429796,-33.965468294329625],[150.79126715429797,-33.965525394329624],[150.79126565429797,-33.96557019432962],[150.79152685429796,-33.96576949432962],[150.79161605429798,-33.96577139432962],[150.79233425429797,-33.965054194329625],[150.79228355429797,-33.964963594329625],[150.79182965429797,-33.96465569432962],[150.79178905429796,-33.964251694329626],[150.79179095429797,-33.964191994329624],[150.79223235429797,-33.96376789432962],[150.79223425429797,-33.96370819432963],[150.79115305429795,-33.96293979432962]]]}},{"type":"Feature","properties":{"zone":"E4","name":"Environmental Living","description":"E4 Environmental Living \u2014 low-impact residential in sensitive environments","fill":"#ffda96","fill-opacity":0.7,"source":"Leppington Precinct - South West Growth Centre Land Zoning Map, State Environmental Planning Policy (Sydney Region Growth Centres) 2006, NSW Planning & Environment"},"geometry":{"type":"Polygon","coordinates":[[[150.80351425429797,-33.962278494329624],[150.80317495429796,-33.96285399432962],[150.80287995429796,-33.96316159432963],[150.80336755429795,-33.963529794329624],[150.80340745429797,-33.96339629432963],[150.80336725429797,-33.96297739432963],[150.80354515429795,-33.96242849432962],[150.80361875429796,-33.962355194329625],[150.80351425429797,-33.962278494329624]]]}},{"type":"Feature","properties":{"zone":"E4","name":"Environmental Living","description":"E4 Environmental Living \u2014 low-impact residential in sensitive environments","fill":"#ffda96","fill-opacity":0.7,"source":"Leppington Precinct - South West Growth Centre Land Zoning Map, State Environmental Planning Policy (Sydney Region Growth Centres) 2006, NSW Planning & Environment"},"geometry":{"type":"Polygon","coordinates":[[[150.79160995429797,-33.959215894329624],[150.79143435429796,-33.960257594329626],[150.79123305429798,-33.96041769432962],[150.79121095429795,-33.960551694329624],[150.79220505429797,-33.96125859432962],[150.79262255429796,-33.96046079432963],[150.79295385429796,-33.960138894329624],[150.79169915429796,-33.95921759432962],[150.79160995429797,-33.959215894329624]],[[150.79189855429797,-33.96023709432962],[150.79204125429797,-33.960239994329626],[150.79203835429797,-33.96032949432962],[150.79196605429797,-33.960357894329626],[150.79189575429797,-33.96032659432962],[150.79189855429797,-33.96023709432962]]]}},{"type":"Feature","properties":{"zone":"E4","name":"Environmental Living","description":"E4 Environmental Living \u2014 low-impact residential in sensitive environments","fill":"#ffda96","fill-opacity":0.7,"source":"Leppington Precinct - South West Growth Centre Land Zoning Map, State Environmental Planning Policy (Sydney Region Growth Centres) 2006, NSW Planning & Environment"},"geometry":{"type":"Polygon","coordinates":[[[150.79095035429796,-33.956962694329626],[150.79089705429797,-33.958081494329626],[150.79138565429795,-33.95841989432962],[150.79145935429796,-33.95834669432963],[150.79158175429797,-33.957856394329625],[150.79169445429795,-33.957679494329625],[150.79168415429797,-33.95744029432962],[150.79095035429796,-33.956962694329626]]]}},{"type":"Feature","properties":{"zone":"R2","name":"Low Density Residential","description":"R2 Low Density Residential \u2014 detached dwellings, low-density housing","fill":"#ffa6a3","fill-opacity":0.7,"source":"Leppington Precinct - South West Growth Centre Land Zoning Map, State Environmental Planning Policy (Sydney Region Growth Centres) 2006, NSW Planning & Environment"},"geometry":{"type":"Polygon","coordinates":[[[150.79158465429796,-33.98080789432962],[150.79117445429796,-33.98193439432962],[150.79183365429796,-33.98251519432962],[150.79200435429797,-33.98275759432963],[150.79220805429796,-33.983642694329625],[150.79219665429795,-33.984000894329625],[150.79194665429796,-33.984010694329626],[150.79184165429797,-33.98394879432962],[150.79167775429795,-33.982930094329625],[150.79157655429796,-33.982748894329625],[150.79121325429796,-33.982398094329625],[150.79107295429796,-33.98232059432962],[150.79072965429796,-33.98246299432962],[150.79017395429796,-33.982556294329626],[150.78983545429796,-33.983669394329624],[150.78994095429798,-33.983716394329626],[150.79125685429796,-33.983832494329626],[150.79132715429796,-33.98386379432962],[150.79134815429796,-33.98432709432962],[150.78826365429796,-33.987116994329625],[150.78770545429796,-33.98785229432962],[150.78746525429796,-33.98811619432962],[150.78726685429797,-33.98818689432962],[150.78633835429795,-33.989347894329626],[150.78633695429795,-33.989392694329624],[150.78712895429797,-33.98972219432962],[150.78714115429796,-33.98990159432962],[150.78697445429796,-33.99065979432962],[150.78797745429796,-33.991083194329626],[150.78800875429795,-33.99121829432963],[150.78878295429797,-33.99154749432962],[150.79048595429796,-33.98958089432963],[150.79062025429795,-33.98928499432962],[150.79082095429797,-33.98913969432962],[150.79172735429796,-33.98811269432962],[150.79167925429797,-33.98738009432962],[150.79023685429797,-33.98675359432962],[150.79022245429798,-33.986648794329625],[150.79027815429797,-33.986575294329626],[150.79057235429795,-33.98629749432963],[150.79069895429797,-33.98624039432963],[150.79219485429797,-33.986867794329626],[150.79339645429795,-33.98665319432963],[150.79479245429795,-33.98536729432962],[150.79627675429796,-33.98411309432962],[150.79615815429796,-33.98391659432962],[150.79689135429797,-33.98328919432962],[150.79701055429797,-33.982903394329625],[150.79737845429796,-33.982552494329624],[150.79738035429796,-33.98249279432962],[150.79748915429795,-33.982435294329626],[150.79756515429796,-33.982287494329626],[150.79790565429795,-33.982234594329626],[150.79819455429796,-33.98212099432963],[150.79832365429797,-33.98198919432962],[150.79807685429796,-33.981894594329624],[150.79774545429797,-33.98166399432962],[150.79732245429796,-33.981506094329625],[150.79684405429796,-33.98140679432962],[150.79604265429796,-33.98137569432962],[150.79600505429795,-33.98143469432962],[150.79616215429797,-33.98154239432962],[150.79604625429795,-33.98182369432963],[150.79582765429797,-33.98196859432962],[150.79578825429797,-33.982087294329624],[150.79540545429796,-33.982348294329626],[150.79503835429796,-33.98211699432962],[150.79508155429795,-33.981878894329625],[150.79495865429797,-33.98181669432962],[150.79497885429797,-33.98174249432962],[150.79515805429796,-33.98171619432962],[150.79543485429795,-33.98142319432962],[150.79540115429796,-33.981362694329626],[150.79410055429796,-33.98132159432962],[150.79340745429795,-33.981247794329626],[150.79243255429796,-33.98106389432962],[150.79158465429796,-33.98080789432962]],[[150.78844345429795,-33.98707579432963],[150.78869185429795,-33.98711069432962],[150.78863595429797,-33.98775159432962],[150.78831925429796,-33.98817829432962],[150.78813955429797,-33.98821949432963],[150.78773485429795,-33.98804699432962],[150.78771945429796,-33.98797199432963],[150.78777725429796,-33.987838794329626],[150.78792355429798,-33.98772239432962],[150.78831475429797,-33.98719269432962],[150.78844345429795,-33.98707579432963]],[[150.79197855429797,-33.98413079432962],[150.79251175429795,-33.984186394329626],[150.79249235429796,-33.98479819432962],[150.79242015429796,-33.984826594329625],[150.79217205429796,-33.98477689432963],[150.79212845429797,-33.984462394329626],[150.79218385429797,-33.98440369432962],[150.79186685429795,-33.98427789432962],[150.79187015429795,-33.98417339432962],[150.79197855429797,-33.98413079432962]]]}},{"type":"Feature","properties":{"zone":"R2","name":"Low Density Residential","description":"R2 Low Density Residential \u2014 detached dwellings, low-density housing","fill":"#ffa6a3","fill-opacity":0.7,"source":"Leppington Precinct - South West Growth Centre Land Zoning Map, State Environmental Planning Policy (Sydney Region Growth Centres) 2006, NSW Planning & Environment"},"geometry":{"type":"Polygon","coordinates":[[[150.80819155429796,-33.97560319432962],[150.80806545429797,-33.975645494329626],[150.80806205429795,-33.975749994329625],[150.80827545429796,-33.97576919432962],[150.80834815429796,-33.97572589432962],[150.80835095429796,-33.975636294329625],[150.80819155429796,-33.97560319432962]]]}},{"type":"Feature","properties":{"zone":"R2","name":"Low Density Residential","description":"R2 Low Density Residential \u2014 detached dwellings, low-density housing","fill":"#ffa6a3","fill-opacity":0.7,"source":"Leppington Precinct - South West Growth Centre Land Zoning Map, State Environmental Planning Policy (Sydney Region Growth Centres) 2006, NSW Planning & Environment"},"geometry":{"type":"Polygon","coordinates":[[[150.80885475429795,-33.97549719432963],[150.80879605429797,-33.97566019432962],[150.80857845429796,-33.97577529432962],[150.80857645429796,-33.975834994329624],[150.80869895429797,-33.97591209432962],[150.80898785429795,-33.975798494329624],[150.80897465429797,-33.97564889432962],[150.80885475429795,-33.97549719432963]]]}},{"type":"Feature","properties":{"zone":"R2","name":"Low Density Residential","description":"R2 Low Density Residential \u2014 detached dwellings, low-density housing","fill":"#ffa6a3","fill-opacity":0.7,"source":"Leppington Precinct - South West Growth Centre Land Zoning Map, State Environmental Planning Policy (Sydney Region Growth Centres) 2006, NSW Planning & Environment"},"geometry":{"type":"Polygon","coordinates":[[[150.80915505429797,-33.97502539432963],[150.80909825429796,-33.97512869432963],[150.80922155429795,-33.975176094329626],[150.80932995429797,-33.975133394329625],[150.80935015429796,-33.975059194329624],[150.80915505429797,-33.97502539432963]]]}},{"type":"Feature","properties":{"zone":"R2","name":"Low Density Residential","description":"R2 Low Density Residential \u2014 detached dwellings, low-density housing","fill":"#ffa6a3","fill-opacity":0.7,"source":"Leppington Precinct - South West Growth Centre Land Zoning Map, State Environmental Planning Policy (Sydney Region Growth Centres) 2006, NSW Planning & Environment"},"geometry":{"type":"Polygon","coordinates":[[[150.78674345429795,-33.974333794329624],[150.78622455429797,-33.97495059432963],[150.78784455429795,-33.976162894329626],[150.78795095429797,-33.97618009432962],[150.78892395429796,-33.975303794329626],[150.78901635429796,-33.975200994329626],[150.78899985429797,-33.975155894329625],[150.78786285429797,-33.974460994329625],[150.78719735429797,-33.97464169432963],[150.78674345429795,-33.974333794329624]]]}},{"type":"Feature","properties":{"zone":"R2","name":"Low Density Residential","description":"R2 Low Density Residential \u2014 detached dwellings, low-density housing","fill":"#ffa6a3","fill-opacity":0.7,"source":"Leppington Precinct - South West Growth Centre Land Zoning Map, State Environmental Planning Policy (Sydney Region Growth Centres) 2006, NSW Planning & Environment"},"geometry":{"type":"Polygon","coordinates":[[[150.78884425429797,-33.970508794329625],[150.78795875429796,-33.971999094329625],[150.78778325429795,-33.972473294329625],[150.78689645429796,-33.97400839432962],[150.78689495429796,-33.97405319432962],[150.78729685429795,-33.97431519432963],[150.78776495429796,-33.974175294329626],[150.78778755429795,-33.97402639432963],[150.78793765429796,-33.97379049432963],[150.78808725429795,-33.973569594329625],[150.78819615429796,-33.97351209432962],[150.78889945429796,-33.973824894329624],[150.78902995429797,-33.97364829432962],[150.78920375429797,-33.97266629432962],[150.78906995429796,-33.97182739432962],[150.78909625429796,-33.97155909432962],[150.78911735429796,-33.971454994329626],[150.78951105429798,-33.97085069432963],[150.78884425429797,-33.970508794329625]]]}},{"type":"Feature","properties":{"zone":"R2","name":"Low Density Residential","description":"R2 Low Density Residential \u2014 detached dwellings, low-density housing","fill":"#ffa6a3","fill-opacity":0.7,"source":"Leppington Precinct - South West Growth Centre Land Zoning Map, State Environmental Planning Policy (Sydney Region Growth Centres) 2006, NSW Planning & Environment"},"geometry":{"type":"Polygon","coordinates":[[[150.81258355429796,-33.96813609432962],[150.81247515429797,-33.96817859432962],[150.81247375429797,-33.96822349432962],[150.81263315429797,-33.96825649432962],[150.81274155429796,-33.96821389432962],[150.81276125429795,-33.968154594329626],[150.81258355429796,-33.96813609432962]]]}},{"type":"Feature","properties":{"zone":"R2","name":"Low Density Residential","description":"R2 Low Density Residential \u2014 detached dwellings, low-density housing","fill":"#ffa6a3","fill-opacity":0.7,"source":"Leppington Precinct - South West Growth Centre Land Zoning Map, State Environmental Planning Policy (Sydney Region Growth Centres) 2006, NSW Planning & Environment"},"geometry":{"type":"Polygon","coordinates":[[[150.80960415429797,-33.96649309432962],[150.80739955429797,-33.969091594329626],[150.80745115429795,-33.969152294329625],[150.80743095429796,-33.969226594329626],[150.80723255429797,-33.96929719432963],[150.80715605429796,-33.969459994329625],[150.80701015429796,-33.969561494329625],[150.80587905429798,-33.97092749432962],[150.80587755429795,-33.970972194329626],[150.80610415429797,-33.97114099432962],[150.80772635429796,-33.972278794329625],[150.80779585429795,-33.97233989432962],[150.80771975429795,-33.97248769432962],[150.80742755429796,-33.97270579432963],[150.80615405429796,-33.97181399432962],[150.80569165429796,-33.971774794329626],[150.80563295429795,-33.97193789432962],[150.80491525429795,-33.97264009432963],[150.80475475429796,-33.972636894329625],[150.80400505429796,-33.97209909432962],[150.80361945429797,-33.972449694329626],[150.80385435429795,-33.97403729432963],[150.80434105429796,-33.974435394329625],[150.80433875429796,-33.97450999432962],[150.80409945429795,-33.97474409432962],[150.80409515429795,-33.97487839432962],[150.80417985429796,-33.97558189432962],[150.80458375429797,-33.97690419432963],[150.80455595429797,-33.977217194329626],[150.80433165429795,-33.977541194329625],[150.80454215429796,-33.97764989432962],[150.80633395429797,-33.976819994329624],[150.80652625429795,-33.97694339432962],[150.80650555429796,-33.97703259432962],[150.80570775429797,-33.977449494329626],[150.80391835429796,-33.97820479432962],[150.80355285429795,-33.978481094329624],[150.80332955429796,-33.97877529432962],[150.80322125429797,-33.97881779432962],[150.80292495429796,-33.978602794329625],[150.80292865429797,-33.97848339432962],[150.80329235429795,-33.977699394329626],[150.80378865429796,-33.97723159432962],[150.80401295429797,-33.976907594329624],[150.80398865429797,-33.97654869432962],[150.80346685429797,-33.97613499432963],[150.80290315429795,-33.97591449432962],[150.80260215429797,-33.97584869432962],[150.80185175429796,-33.97589329432962],[150.80158255429797,-33.975947594329625],[150.80114765429795,-33.976162794329625],[150.80057915429796,-33.976658994329625],[150.80050685429796,-33.97668739432962],[150.80034895429796,-33.976609594329624],[150.80031705429795,-33.97648949432963],[150.80040945429795,-33.97638679432962],[150.80068575429797,-33.976108694329625],[150.80110565429797,-33.975803594329626],[150.80179085429796,-33.97556359432962],[150.80220225429795,-33.97552709432962],[150.80293775429797,-33.974825194329625],[150.80280315429795,-33.973448594329625],[150.80267005429795,-33.97314729432962],[150.80223355429797,-33.97285469432963],[150.80188395429795,-33.97319119432962],[150.80168465429796,-33.973291694329625],[150.80030475429797,-33.973502694329625],[150.80112305429796,-33.974131494329626],[150.80119055429796,-33.974252294329624],[150.80056705429797,-33.974792294329625],[150.80054585429795,-33.974896294329625],[150.80036535429795,-33.97496729432962],[150.79946555429797,-33.97578539432963],[150.79928745429797,-33.975781694329626],[150.79822635429795,-33.97493909432962],[150.79823055429796,-33.97480479432962],[150.79995595429796,-33.97325669432962],[150.80158765429798,-33.972976194329625],[150.80230495429797,-33.97228879432962],[150.80245605429795,-33.97202309432962],[150.80230885429796,-33.971601994329625],[150.80145465429797,-33.970987294329625],[150.80153065429795,-33.970839594329625],[150.80178775429795,-33.97060589432962],[150.80179055429795,-33.97051639432962],[150.80118005429796,-33.97008589432962],[150.80027905429796,-33.97038129432963],[150.79917525429795,-33.97144909432962],[150.79910305429797,-33.971477394329625],[150.79889345429797,-33.971338794329625],[150.79889535429797,-33.971279194329625],[150.79987015429796,-33.97034319432962],[150.79998215429796,-33.970181194329626],[150.80084805429797,-33.96987009432962],[150.80002895429797,-33.96927129432962],[150.79629335429797,-33.97291399432962],[150.79570935429797,-33.97333519432962],[150.79496585429797,-33.973723394329625],[150.79341665429797,-33.974214794329626],[150.79330825429795,-33.974257294329625],[150.79328715429796,-33.97436149432962],[150.79321495429795,-33.974389794329625],[150.79312715429796,-33.97434329432962],[150.79296595429796,-33.97436989432963],[150.79258505429797,-33.97457129432962],[150.79231155429795,-33.97475989432962],[150.79190665429797,-33.97515489432963],[150.79151265429797,-33.97577409432962],[150.79129045429795,-33.976590894329625],[150.79356255429795,-33.97860789432962],[150.79410725429796,-33.97942519432962],[150.79406885429796,-33.97951399432962],[150.79342055429797,-33.979710094329626],[150.79355855429796,-33.980982094329626],[150.79444735429797,-33.98107469432962],[150.79615855429796,-33.981094394329624],[150.79584275429795,-33.98037119432962],[150.79557175429795,-33.97991769432962],[150.79625995429797,-33.97958819432962],[150.79638175429795,-33.979680294329626],[150.79654625429797,-33.98011659432962],[150.79758615429796,-33.981063494329625],[150.79784735429797,-33.98126279432962],[150.79809545429796,-33.98131259432962],[150.79812575429796,-33.981477494329624],[150.79839035429796,-33.981572394329625],[150.79842215429795,-33.98169249432962],[150.79873585429797,-33.98192289432962],[150.79937045429796,-33.98159219432962],[150.79949905429797,-33.98147539432962],[150.80198265429797,-33.980196494329626],[150.80213805429796,-33.97979649432963],[150.80208935429795,-33.979646194329625],[150.80219955429797,-33.97954379432962],[150.80218785429796,-33.979349594329626],[150.80227985429795,-33.979261794329624],[150.80241445429797,-33.97895089432962],[150.80268945429796,-33.97871749432962],[150.80284975429797,-33.978720794329625],[150.80356395429797,-33.97925779432963],[150.80386925429795,-33.97918929432962],[150.80724275429796,-33.97740579432963],[150.80719205429796,-33.97731519432963],[150.80677385429797,-33.977008094329626],[150.80677575429797,-33.976948494329626],[150.80793215429796,-33.97591149432962],[150.80737415429797,-33.97551199432962],[150.80725275429796,-33.97540509432962],[150.80725515429796,-33.975330394329625],[150.80753185429796,-33.975037394329625],[150.80771335429796,-33.974936494329626],[150.80771575429796,-33.97486189432962],[150.80834535429796,-33.97412799432962],[150.80848795429796,-33.974130894329626],[150.80881945429797,-33.97436159432962],[150.80900235429797,-33.974215994329626],[150.80972835429796,-33.97269249432962],[150.81049745429797,-33.97261849432962],[150.81074315429797,-33.97274289432962],[150.81114355429796,-33.973049694329625],[150.81128525429796,-33.97308239432962],[150.81192385429796,-33.97206489432963],[150.81191335429796,-33.97127329432962],[150.81223195429797,-33.97078689432962],[150.81288445429797,-33.970456594329626],[150.81316255429797,-33.97011879432962],[150.81318185429797,-33.97007439432962],[150.81297175429796,-33.969950694329626],[150.81295775429797,-33.969830894329625],[150.81336775429796,-33.96927189432962],[150.81333495429797,-33.969181494329625],[150.81213185429797,-33.96832099432962],[150.81213795429795,-33.96812699432962],[150.81204835429796,-33.96814009432963],[150.81202875429796,-33.968199494329625],[150.81190205429797,-33.968256694329625],[150.81142355429796,-33.968724794329624],[150.81135125429796,-33.96875329432962],[150.81122835429795,-33.96869109432962],[150.81117635429797,-33.968645094329624],[150.81119745429797,-33.96854109432962],[150.81169385429797,-33.96807329432962],[150.81169665429798,-33.967983794329626],[150.81037165429797,-33.96703119432962],[150.81019765429795,-33.96689329432962],[150.81019955429795,-33.96683349432963],[150.80997035429797,-33.966754294329625],[150.80960415429797,-33.96649309432962]],[[150.79533145429795,-33.97737429432962],[150.79545295429796,-33.97748129432962],[150.79545015429795,-33.97757079432962],[150.79438445429795,-33.977997294329626],[150.79443315429796,-33.97814759432963],[150.79396935429796,-33.97815319432962],[150.79357115429795,-33.97833919432962],[150.79339475429796,-33.97827599432962],[150.79338125429797,-33.978141294329625],[150.79533145429795,-33.97737429432962]],[[150.79992545429795,-33.97646659432962],[150.80083085429797,-33.977156894329624],[150.80082895429797,-33.977216594329626],[150.80062725429795,-33.977391694329626],[150.80031765429797,-33.97759449432962],[150.79942955429797,-33.97691959432962],[150.79952345429797,-33.976772094329625],[150.79992545429795,-33.97646659432962]],[[150.79429045429796,-33.97533739432962],[150.79546085429797,-33.976107594329626],[150.79545895429797,-33.97616739432962],[150.79521975429796,-33.97640149432962],[150.79511185429797,-33.976429094329625],[150.79386215429795,-33.975911094329625],[150.79386545429796,-33.97580669432963],[150.79418165429797,-33.975394994329626],[150.79429045429796,-33.97533739432962]],[[150.80954225429795,-33.96956789432962],[150.80994395429795,-33.96982979432963],[150.81009595429796,-33.97010159432963],[150.81003815429796,-33.97023499432962],[150.80972675429797,-33.97049739432963],[150.80928205429797,-33.97045859432962],[150.80893325429795,-33.970212594329624],[150.80897315429797,-33.970078994329626],[150.80954225429795,-33.96956789432962]]]}},{"type":"Feature","properties":{"zone":"R2","name":"Low Density Residential","description":"R2 Low Density Residential \u2014 detached dwellings, low-density housing","fill":"#ffa6a3","fill-opacity":0.7,"source":"Leppington Precinct - South West Growth Centre Land Zoning Map, State Environmental Planning Policy (Sydney Region Growth Centres) 2006, NSW Planning & Environment"},"geometry":{"type":"Polygon","coordinates":[[[150.80519025429797,-33.96565719432962],[150.80371815429797,-33.96709089432962],[150.80359015429795,-33.96719289432962],[150.80319375429795,-33.967319194329626],[150.80288085429797,-33.96762649432962],[150.80560085429795,-33.969577894329625],[150.80565295429795,-33.96962369432963],[150.80561345429797,-33.96974239432962],[150.80546755429796,-33.96984399432962],[150.80539725429796,-33.969812694329626],[150.80320005429797,-33.968245194329626],[150.80227965429796,-33.96915249432963],[150.80223075429797,-33.96956959432963],[150.80234885429797,-33.969780994329625],[150.80313015429797,-33.96988639432962],[150.80323855429796,-33.969843694329626],[150.80369735429795,-33.96943489432962],[150.80563425429796,-33.97077309432962],[150.80752345429795,-33.968556494329626],[150.80813725429798,-33.96776249432963],[150.80519025429797,-33.96565719432962]]]}},{"type":"Feature","properties":{"zone":"R2","name":"Low Density Residential","description":"R2 Low Density Residential \u2014 detached dwellings, low-density housing","fill":"#ffa6a3","fill-opacity":0.7,"source":"Leppington Precinct - South West Growth Centre Land Zoning Map, State Environmental Planning Policy (Sydney Region Growth Centres) 2006, NSW Planning & Environment"},"geometry":{"type":"Polygon","coordinates":[[[150.80494395429795,-33.96442779432962],[150.80387675429796,-33.965466394329624],[150.80416735429796,-33.96586059432963],[150.80434135429797,-33.965998494329625],[150.80553615429795,-33.96487279432962],[150.80553765429795,-33.964827994329625],[150.80512035429797,-33.964491094329624],[150.80494395429795,-33.96442779432962]]]}},{"type":"Feature","properties":{"zone":"R2","name":"Low Density Residential","description":"R2 Low Density Residential \u2014 detached dwellings, low-density housing","fill":"#ffa6a3","fill-opacity":0.7,"source":"Leppington Precinct - South West Growth Centre Land Zoning Map, State Environmental Planning Policy (Sydney Region Growth Centres) 2006, NSW Planning & Environment"},"geometry":{"type":"Polygon","coordinates":[[[150.80583925429795,-33.96431149432962],[150.80560765429797,-33.96430679432962],[150.80562205429797,-33.964411594329626],[150.80587165429796,-33.96441669432962],[150.80583925429795,-33.96431149432962]]]}},{"type":"Feature","properties":{"zone":"R2","name":"Low Density Residential","description":"R2 Low Density Residential \u2014 detached dwellings, low-density housing","fill":"#ffa6a3","fill-opacity":0.7,"source":"Leppington Precinct - South West Growth Centre Land Zoning Map, State Environmental Planning Policy (Sydney Region Growth Centres) 2006, NSW Planning & Environment"},"geometry":{"type":"Polygon","coordinates":[[[150.79228495429797,-33.96379879432963],[150.79186175429797,-33.964208394329624],[150.79187295429796,-33.964417694329626],[150.79190195429797,-33.964627294329624],[150.79239005429795,-33.964980594329624],[150.79299615429795,-33.96442539432962],[150.79303505429797,-33.96432169432963],[150.79237405429797,-33.963800594329626],[150.79228495429797,-33.96379879432963]]]}},{"type":"Feature","properties":{"zone":"R2","name":"Low Density Residential","description":"R2 Low Density Residential \u2014 detached dwellings, low-density housing","fill":"#ffa6a3","fill-opacity":0.7,"source":"Leppington Precinct - South West Growth Centre Land Zoning Map, State Environmental Planning Policy (Sydney Region Growth Centres) 2006, NSW Planning & Environment"},"geometry":{"type":"Polygon","coordinates":[[[150.78991405429795,-33.962645894329626],[150.78968245429797,-33.96264129432962],[150.78969685429797,-33.96274599432962],[150.78980295429795,-33.96277799432962],[150.78991165429795,-33.96272049432962],[150.78991405429795,-33.962645894329626]]]}},{"type":"Feature","properties":{"zone":"R2","name":"Low Density Residential","description":"R2 Low Density Residential \u2014 detached dwellings, low-density housing","fill":"#ffa6a3","fill-opacity":0.7,"source":"Leppington Precinct - South West Growth Centre Land Zoning Map, State Environmental Planning Policy (Sydney Region Growth Centres) 2006, NSW Planning & Environment"},"geometry":{"type":"Polygon","coordinates":[[[150.78568135429796,-33.96172429432962],[150.78402485429797,-33.96334829432963],[150.78273185429796,-33.964755694329625],[150.78256765429796,-33.964871894329626],[150.78249075429795,-33.96504949432963],[150.78120345429795,-33.96627789432962],[150.78063115429796,-33.966893394329624],[150.78075445429795,-33.96694069432962],[150.78077035429797,-33.96700069432963],[150.78103195429796,-33.967185294329624],[150.78103005429796,-33.967244894329625],[150.78092085429796,-33.96731749432962],[150.78093675429795,-33.967377494329625],[150.78404165429797,-33.96956059432962],[150.78413075429796,-33.96956239432962],[150.78436915429796,-33.96935819432962],[150.78565875429797,-33.96805519432962],[150.78576755429796,-33.967997694329625],[150.78873375429797,-33.97005849432962],[150.78916775429795,-33.96930569432963],[150.78758065429795,-33.96818359432962],[150.78738555429797,-33.968149794329626],[150.78727715429795,-33.96819239432963],[150.78715385429797,-33.96814509432962],[150.78695635429796,-33.96818599432962],[150.78686865429796,-33.968139294329625],[150.78641745429798,-33.96830939432962],[150.78625995429798,-33.96821669432963],[150.78628065429797,-33.96812739432962],[150.78732835429796,-33.96770069432962],[150.78889785429797,-33.96882239432962],[150.78937565429797,-33.96893659432963],[150.79039295429797,-33.96722499432963],[150.79047125429796,-33.96700259432962],[150.79078805429796,-33.96657589432962],[150.79077255429797,-33.96650089432963],[150.79056385429797,-33.96633249432962],[150.79052375429796,-33.96591349432963],[150.79038825429797,-33.96568679432962],[150.78965625429797,-33.96514939432962],[150.78967885429796,-33.965000594329624],[150.78983035429795,-33.964719894329626],[150.78978215429797,-33.96455459432963],[150.78944875429795,-33.96438369432963],[150.78760095429797,-33.963047194329626],[150.78751185429797,-33.963045394329626],[150.78749205429796,-33.96310469432962],[150.78780585429797,-33.96333509432962],[150.78780395429797,-33.96339469432962],[150.78623795429797,-33.964975794329625],[150.78609535429797,-33.96497299432962],[150.78531045429796,-33.964419494329626],[150.78533105429796,-33.96433039432962],[150.78700685429797,-33.96266189432962],[150.78582245429797,-33.96177179432962],[150.78568135429796,-33.96172429432962]]]}},{"type":"Feature","properties":{"zone":"R2","name":"Low Density Residential","description":"R2 Low Density Residential \u2014 detached dwellings, low-density housing","fill":"#ffa6a3","fill-opacity":0.7,"source":"Leppington Precinct - South West Growth Centre Land Zoning Map, State Environmental Planning Policy (Sydney Region Growth Centres) 2006, NSW Planning & Environment"},"geometry":{"type":"Polygon","coordinates":[[[150.80378985429797,-33.96146279432963],[150.80358805429796,-33.96163789432963],[150.80356645429796,-33.961756894329625],[150.80353445429796,-33.96220419432962],[150.80367505429797,-33.96226679432962],[150.80418915429797,-33.96179929432962],[150.80410395429797,-33.96167819432962],[150.80378985429797,-33.96146279432963]]]}},{"type":"Feature","properties":{"zone":"R2","name":"Low Density Residential","description":"R2 Low Density Residential \u2014 detached dwellings, low-density housing","fill":"#ffa6a3","fill-opacity":0.7,"source":"Leppington Precinct - South West Growth Centre Land Zoning Map, State Environmental Planning Policy (Sydney Region Growth Centres) 2006, NSW Planning & Environment"},"geometry":{"type":"Polygon","coordinates":[[[150.79843315429795,-33.959428294329626],[150.79202775429795,-33.965719894329624],[150.79211115429797,-33.96590079432962],[150.79203795429797,-33.965958994329625],[150.79203425429796,-33.96607839432962],[150.79220405429797,-33.967470594329626],[150.79217865429797,-33.96770909432962],[150.79113605429797,-33.967971594329626],[150.79114525429796,-33.96824069432962],[150.79244765429797,-33.96822219432963],[150.79251805429797,-33.96825349432962],[150.79252825429796,-33.968492594329625],[150.79177785429798,-33.96853719432962],[150.79124315429797,-33.96852629432962],[150.79112045429795,-33.968464094329626],[150.79051305429797,-33.96849669432962],[150.79048725429797,-33.96874999432962],[150.79021875429797,-33.969341894329624],[150.79025555429797,-33.96986529432962],[150.79085065429797,-33.97022079432963],[150.79266465429797,-33.970376794329624],[150.79273495429797,-33.97040809432962],[150.79276585429795,-33.970558094329625],[150.79274425429796,-33.97067709432962],[150.79267205429795,-33.97070549432962],[150.79091155429796,-33.97055049432962],[150.79082055429797,-33.97060829432962],[150.79067035429796,-33.97084429432962],[150.79066495429797,-33.971575894329625],[150.79059965429795,-33.971947894329624],[150.79064705429795,-33.97214299432962],[150.79089175429797,-33.97229719432963],[150.79090625429797,-33.972402094329624],[150.79052905429796,-33.973051494329624],[150.79055785429796,-33.973828494329624],[150.79035825429796,-33.97449649432962],[150.79011015429796,-33.97501409432962],[150.79012395429797,-33.97570119432962],[150.79020025429796,-33.97610599432962],[150.79042625429796,-33.976289794329624],[150.79086845429796,-33.97640319432962],[150.79105015429795,-33.97573489432963],[150.79135275429798,-33.97518849432962],[150.79166855429796,-33.974791694329625],[150.79223615429797,-33.974325294329624],[150.79296135429797,-33.97395169432962],[150.79479845429796,-33.97337659432962],[150.79574325429797,-33.972828294329624],[150.79627475429797,-33.972375994329624],[150.79964305429797,-33.96906929432962],[150.79966275429797,-33.96900989432962],[150.79725645429795,-33.96728899432962],[150.79725835429795,-33.967229194329626],[150.79740385429795,-33.96714249432962],[150.79854515429795,-33.96601579432962],[150.79865345429795,-33.96597319432962],[150.79872385429798,-33.966004494329624],[150.80102555429795,-33.967648694329625],[150.80124465429796,-33.96748889432963],[150.80247795429796,-33.96627439432962],[150.80251685429795,-33.96617069432963],[150.80282845429795,-33.96590809432962],[150.80220105429797,-33.965447494329624],[150.80225465429797,-33.96488119432962],[150.80181865429796,-33.96457369432962],[150.80128445429796,-33.96454799432962],[150.80110535429796,-33.96457419432962],[150.80053485429795,-33.96513009432962],[150.80045645429797,-33.96535259432962],[150.79886735429795,-33.96597759432962],[150.79857055429795,-33.96577739432962],[150.79860905429797,-33.96568859432962],[150.80005405429796,-33.96510549432963],[150.80104865429797,-33.96411019432962],[150.80113875429797,-33.964082094329626],[150.80136655429797,-33.96420619432963],[150.80213245429798,-33.96423669432962],[150.80237285429797,-33.963405294329625],[150.80177475429795,-33.962586794329624],[150.80177705429796,-33.962512194329626],[150.80190605429797,-33.96238039432962],[150.80185035429795,-33.961886494329626],[150.79843315429795,-33.959428294329626]],[[150.79643055429796,-33.97027369432963],[150.79659105429795,-33.97027689432962],[150.79658825429797,-33.97036639432962],[150.79649805429796,-33.970394494329625],[150.79642775429795,-33.97036319432962],[150.79643055429796,-33.97027369432963]],[[150.79652385429796,-33.96902119432962],[150.79689145429796,-33.96923779432962],[150.79699555429795,-33.96932939432963],[150.79699315429795,-33.969403994329625],[150.79618245429796,-33.97022389432962],[150.79617875429796,-33.97034329432962],[150.79603375429795,-33.97041499432962],[150.79589215429797,-33.970382294329625],[150.79578665429796,-33.970335394329624],[150.79577165429797,-33.97024539432962],[150.79549315429796,-33.97003069432962],[150.79549505429796,-33.96997109432962],[150.79628695429795,-33.969180794329624],[150.79652385429796,-33.96902119432962]],[[150.79367995429797,-33.96423019432962],[150.79382255429798,-33.96423309432962],[150.79381965429795,-33.96432259432962],[150.79374745429797,-33.96435099432962],[150.79367715429797,-33.964319694329625],[150.79367995429797,-33.96423019432962]],[[150.79795395429795,-33.962166194329626],[150.79957585429796,-33.963318894329625],[150.79964335429796,-33.96343969432962],[150.79942435429797,-33.96359959432962],[150.79938535429795,-33.963703294329626],[150.79802295429795,-33.96504959432962],[150.79763875429796,-33.96535539432963],[150.79732755429796,-33.965050494329624],[150.79698625429796,-33.96456569432962],[150.79634055429796,-33.964119594329624],[150.79623645429797,-33.964027994329626],[150.79623885429797,-33.96395329432962],[150.79653865429796,-33.963496494329625],[150.79766175429796,-33.962384294329624],[150.79795395429795,-33.962166194329626]]]}},{"type":"Feature","properties":{"zone":"R2","name":"Low Density Residential","description":"R2 Low Density Residential \u2014 detached dwellings, low-density housing","fill":"#ffa6a3","fill-opacity":0.7,"source":"Leppington Precinct - South West Growth Centre Land Zoning Map, State Environmental Planning Policy (Sydney Region Growth Centres) 2006, NSW Planning & Environment"},"geometry":{"type":"Polygon","coordinates":[[[150.78420075429796,-33.95836429432963],[150.77984915429795,-33.962875694329625],[150.77998415429795,-33.96311739432962],[150.78054215429796,-33.96351689432962],[150.78061015429796,-33.96362279432962],[150.78095945429797,-33.963853894329624],[150.78200215429797,-33.96471109432962],[150.78217755429796,-33.96480419432962],[150.78237645429797,-33.964718694329626],[150.78543605429797,-33.961584894329626],[150.78540275429796,-33.96150959432963],[150.78493105429797,-33.96120139432962],[150.78489825429796,-33.961111194329625],[150.78639945429796,-33.95988709432962],[150.78582465429795,-33.959457294329624],[150.78559525429796,-33.95937809432962],[150.78551045429796,-33.95924189432962],[150.78420075429796,-33.95836429432963]],[[150.78191155429795,-33.961946694329626],[150.78276685429796,-33.962531494329625],[150.78276395429796,-33.962620994329626],[150.78237505429797,-33.96307599432962],[150.78228455429797,-33.963118994329626],[150.78217845429796,-33.96308699432962],[150.78134155429797,-33.962487694329624],[150.78141705429798,-33.96235489432962],[150.78191155429795,-33.961946694329626]]]}},{"type":"Feature","properties":{"zone":"R2","name":"Low Density Residential","description":"R2 Low Density Residential \u2014 detached dwellings, low-density housing","fill":"#ffa6a3","fill-opacity":0.7,"source":"Leppington Precinct - South West Growth Centre Land Zoning Map, State Environmental Planning Policy (Sydney Region Growth Centres) 2006, NSW Planning & Environment"},"geometry":{"type":"Polygon","coordinates":[[[150.78480975429795,-33.957719594329625],[150.78438515429795,-33.958173894329626],[150.78504865429795,-33.95862039432962],[150.78532505429797,-33.958342294329626],[150.78540435429795,-33.958089994329626],[150.78480975429795,-33.957719594329625]]]}},{"type":"Feature","properties":{"zone":"R2","name":"Low Density Residential","description":"R2 Low Density Residential \u2014 detached dwellings, low-density housing","fill":"#ffa6a3","fill-opacity":0.7,"source":"Leppington Precinct - South West Growth Centre Land Zoning Map, State Environmental Planning Policy (Sydney Region Growth Centres) 2006, NSW Planning & Environment"},"geometry":{"type":"Polygon","coordinates":[[[150.79053165429795,-33.95667039432962],[150.78922185429795,-33.95804769432962],[150.78925555429797,-33.95810799432962],[150.78939825429796,-33.95811099432962],[150.78939525429797,-33.958200494329624],[150.78930525429797,-33.958228494329624],[150.78921755429795,-33.95818199432962],[150.78905535429797,-33.958238394329626],[150.78831785429796,-33.95899999432962],[150.78836795429797,-33.95910559432962],[150.78967665429795,-33.960012994329624],[150.79074245429797,-33.95901919432962],[150.79081945429797,-33.958841394329625],[150.79082855429797,-33.95687049432962],[150.79053165429795,-33.95667039432962]]]}},{"type":"Feature","properties":{"zone":"R2","name":"Low Density Residential","description":"R2 Low Density Residential \u2014 detached dwellings, low-density housing","fill":"#ffa6a3","fill-opacity":0.7,"source":"Leppington Precinct - South West Growth Centre Land Zoning Map, State Environmental Planning Policy (Sydney Region Growth Centres) 2006, NSW Planning & Environment"},"geometry":{"type":"Polygon","coordinates":[[[150.78916295429795,-33.95428339432962],[150.78648935429797,-33.95705169432962],[150.78646965429797,-33.957111094329626],[150.78662665429798,-33.95721879432963],[150.78660465429797,-33.95735269432962],[150.78577425429796,-33.95823189432962],[150.78579025429795,-33.95829199432962],[150.78613945429797,-33.958522894329626],[150.78613725429796,-33.958597594329625],[150.78571215429795,-33.959066894329624],[150.78672495429797,-33.959744394329626],[150.78688765429797,-33.95967299432962],[150.78689005429797,-33.959598394329625],[150.78733295429797,-33.95912939432962],[150.78760165429796,-33.959090094329625],[150.78774325429796,-33.95912279432962],[150.78774655429797,-33.959018394329625],[150.78756975429795,-33.95896999432962],[150.78755485429795,-33.95888009432962],[150.78770215429796,-33.958733794329625],[150.78777435429797,-33.958705294329626],[150.78807305429797,-33.958845694329625],[150.78864455429797,-33.95825989432962],[150.78870215429797,-33.95812669432962],[150.78886585429797,-33.958025494329625],[150.78890525429796,-33.957906794329624],[150.78908725429795,-33.95779109432962],[150.79120685429797,-33.955623794329625],[150.79120835429796,-33.95557909432962],[150.78935765429796,-33.95433219432962],[150.78916295429795,-33.95428339432962]]]}},{"type":"Feature","properties":{"zone":"R2","name":"Low Density Residential","description":"R2 Low Density Residential \u2014 detached dwellings, low-density housing","fill":"#ffa6a3","fill-opacity":0.7,"source":"Leppington Precinct - South West Growth Centre Land Zoning Map, State Environmental Planning Policy (Sydney Region Growth Centres) 2006, NSW Planning & Environment"},"geometry":{"type":"Polygon","coordinates":[[[150.79330845429797,-33.95402379432962],[150.79198315429795,-33.955325894329626],[150.79190755429795,-33.95545879432962],[150.79325085429795,-33.95639689432962],[150.79322975429795,-33.95650089432962],[150.79280665429795,-33.95691049432963],[150.79277185429797,-33.957447294329626],[150.79395755429798,-33.95829259432962],[150.79406355429796,-33.958324594329625],[150.79422865429797,-33.958178594329624],[150.79437125429797,-33.95818159432962],[150.79527805429797,-33.95882699432963],[150.79536285429796,-33.958963094329626],[150.79488535429797,-33.959401394329625],[150.79369095429797,-33.958824894329624],[150.79367505429795,-33.95876469432962],[150.79287325429797,-33.958181194329626],[150.79261165429796,-33.95799659432962],[150.79254035429796,-33.95799519432963],[150.79228195429795,-33.95827369432963],[150.79220545429797,-33.958436394329624],[150.79208095429797,-33.95898639432962],[150.79204985429797,-33.959403794329624],[150.79290415429796,-33.960018494329624],[150.79302565429796,-33.960125494329624],[150.79302375429796,-33.960185094329624],[150.79267475429796,-33.96050659432962],[150.79229175429796,-33.96133509432963],[150.79448945429797,-33.96288759432962],[150.79920135429796,-33.95826409432962],[150.79909865429795,-33.958127694329626],[150.79817485429797,-33.957451994329624],[150.79787715429796,-33.95728169432962],[150.79330845429797,-33.95402379432962]]]}},{"type":"Feature","properties":{"zone":"R3","name":"Medium Density Residential","description":"R3 Medium Density Residential \u2014 townhouses, terraces and medium-density housing","fill":"#ff776e","fill-opacity":0.7,"source":"Leppington Precinct - South West Growth Centre Land Zoning Map, State Environmental Planning Policy (Sydney Region Growth Centres) 2006, NSW Planning & Environment"},"geometry":{"type":"Polygon","coordinates":[[[150.80841565429796,-33.974159294329624],[150.80773025429795,-33.974966794329625],[150.80732635429797,-33.97533189432962],[150.80737655429797,-33.975437394329624],[150.80800435429796,-33.975883194329626],[150.80800195429796,-33.975957794329624],[150.80684655429795,-33.976964794329625],[150.80733365429796,-33.977347894329625],[150.80755135429797,-33.977232894329624],[150.80855855429797,-33.97640209432962],[150.80849245429795,-33.976236494329626],[150.80889725429796,-33.97584139432962],[150.80896945429797,-33.975813094329624],[150.80924945429797,-33.97598299432963],[150.80932215429797,-33.975939694329625],[150.80928885429796,-33.975864294329625],[150.80893915429797,-33.97564819432962],[150.80894195429795,-33.97555859432963],[150.80908635429796,-33.975501794329624],[150.80912575429795,-33.97538309432962],[150.80921595429797,-33.97535509432962],[150.80954995429795,-33.974943794329626],[150.80841565429796,-33.974159294329624]]]}},{"type":"Feature","properties":{"zone":"R3","name":"Medium Density Residential","description":"R3 Medium Density Residential \u2014 townhouses, terraces and medium-density housing","fill":"#ff776e","fill-opacity":0.7,"source":"Leppington Precinct - South West Growth Centre Land Zoning Map, State Environmental Planning Policy (Sydney Region Growth Centres) 2006, NSW Planning & Environment"},"geometry":{"type":"Polygon","coordinates":[[[150.81280545429797,-33.96788659432963],[150.81247845429797,-33.968074194329624],[150.81249195429797,-33.96820879432963],[150.81240195429797,-33.96823689432962],[150.81231425429797,-33.968190294329624],[150.81218665429796,-33.968277294329624],[150.81342405429797,-33.969183394329626],[150.81342075429797,-33.969287794329624],[150.81301025429795,-33.969861894329625],[150.81300885429795,-33.96990659432962],[150.81327085429797,-33.97007619432962],[150.81326805429796,-33.97016569432962],[150.81335715429796,-33.970167594329624],[150.81416145429796,-33.96898919432962],[150.81418295429796,-33.968870194329625],[150.81298035429796,-33.967994694329626],[150.81280545429797,-33.96788659432963]]]}},{"type":"Feature","properties":{"zone":"R3","name":"Medium Density Residential","description":"R3 Medium Density Residential \u2014 townhouses, terraces and medium-density housing","fill":"#ff776e","fill-opacity":0.7,"source":"Leppington Precinct - South West Growth Centre Land Zoning Map, State Environmental Planning Policy (Sydney Region Growth Centres) 2006, NSW Planning & Environment"},"geometry":{"type":"Polygon","coordinates":[[[150.81006765429797,-33.96593489432962],[150.80965895429796,-33.96644939432962],[150.81164605429797,-33.967893094329625],[150.81182285429796,-33.96794149432962],[150.81210065429795,-33.96761859432962],[150.81224595429796,-33.967531894329625],[150.81224795429796,-33.96747219432962],[150.81006765429797,-33.96593489432962]],[[150.81080505429796,-33.966860694329625],[150.81094765429796,-33.966863594329624],[150.81094475429796,-33.966953094329625],[150.81087255429796,-33.96698149432962],[150.81080215429796,-33.96695029432962],[150.81080505429796,-33.966860694329625]]]}},{"type":"Feature","properties":{"zone":"R3","name":"Medium Density Residential","description":"R3 Medium Density Residential \u2014 townhouses, terraces and medium-density housing","fill":"#ff776e","fill-opacity":0.7,"source":"Leppington Precinct - South West Growth Centre Land Zoning Map, State Environmental Planning Policy (Sydney Region Growth Centres) 2006, NSW Planning & Environment"},"geometry":{"type":"Polygon","coordinates":[[[150.78972665429797,-33.96349329432962],[150.78940355429796,-33.963561494329625],[150.78886795429796,-33.963580494329626],[150.78868555429796,-33.963711194329626],[150.78870145429795,-33.963771294329625],[150.78987035429796,-33.96458629432962],[150.79033525429796,-33.963983394329624],[150.79031935429796,-33.963923394329626],[150.78972665429797,-33.96349329432962]]]}},{"type":"Feature","properties":{"zone":"R3","name":"Medium Density Residential","description":"R3 Medium Density Residential \u2014 townhouses, terraces and medium-density housing","fill":"#ff776e","fill-opacity":0.7,"source":"Leppington Precinct - South West Growth Centre Land Zoning Map, State Environmental Planning Policy (Sydney Region Growth Centres) 2006, NSW Planning & Environment"},"geometry":{"type":"Polygon","coordinates":[[[150.78732985429795,-33.96316109432962],[150.78698455429796,-33.963363194329624],[150.78575075429796,-33.964592694329625],[150.78573105429797,-33.96465199432962],[150.78613245429796,-33.964928994329625],[150.78620375429796,-33.96493039432962],[150.78636885429796,-33.96478439432963],[150.78773305429797,-33.963378394329624],[150.78773455429797,-33.96333369432963],[150.78749015429796,-33.963164394329624],[150.78732985429795,-33.96316109432962]]]}},{"type":"Feature","properties":{"zone":"R3","name":"Medium Density Residential","description":"R3 Medium Density Residential \u2014 townhouses, terraces and medium-density housing","fill":"#ff776e","fill-opacity":0.7,"source":"Leppington Precinct - South West Growth Centre Land Zoning Map, State Environmental Planning Policy (Sydney Region Growth Centres) 2006, NSW Planning & Environment"},"geometry":{"type":"Polygon","coordinates":[[[150.80617725429795,-33.96321329432963],[150.80501665429796,-33.96438449432962],[150.80562715429795,-33.96481489432962],[150.80562525429795,-33.96487459432962],[150.80538505429797,-33.96513849432962],[150.80639475429797,-33.96535299432962],[150.80763305429795,-33.96622919432962],[150.80768325429796,-33.966334794329626],[150.80753635429795,-33.966466094329625],[150.80739385429797,-33.96646329432962],[150.80615495429797,-33.965602094329626],[150.80539295429796,-33.96545229432962],[150.80524515429795,-33.965613594329625],[150.80683095429796,-33.966780394329625],[150.80716385429795,-33.966966394329624],[150.80786235429795,-33.966308494329624],[150.80728745429795,-33.965878694329625],[150.80725525429796,-33.965773594329626],[150.80823135429796,-33.964792794329625],[150.80803435429797,-33.96481869432962],[150.80789385429796,-33.96475609432962],[150.80769775429795,-33.96475219432963],[150.80739905429797,-33.96461179432962],[150.80740235429795,-33.96450729432962],[150.80764115429795,-33.964288094329625],[150.80760935429797,-33.96416799432962],[150.80633625429797,-33.96326129432963],[150.80617725429795,-33.96321329432963]]]}},{"type":"Feature","properties":{"zone":"R3","name":"Medium Density Residential","description":"R3 Medium Density Residential \u2014 townhouses, terraces and medium-density housing","fill":"#ff776e","fill-opacity":0.7,"source":"Leppington Precinct - South West Growth Centre Land Zoning Map, State Environmental Planning Policy (Sydney Region Growth Centres) 2006, NSW Planning & Environment"},"geometry":{"type":"Polygon","coordinates":[[[150.79005255429797,-33.96221569432962],[150.78918795429797,-33.96304929432962],[150.78918655429797,-33.96309419432962],[150.78936425429796,-33.96311259432962],[150.78982995429797,-33.96304739432962],[150.79030855429795,-33.96257929432962],[150.79042065429798,-33.962417194329625],[150.79014165429797,-33.96221749432962],[150.79005255429797,-33.96221569432962]]]}},{"type":"Feature","properties":{"zone":"R3","name":"Medium Density Residential","description":"R3 Medium Density Residential \u2014 townhouses, terraces and medium-density housing","fill":"#ff776e","fill-opacity":0.7,"source":"Leppington Precinct - South West Growth Centre Land Zoning Map, State Environmental Planning Policy (Sydney Region Growth Centres) 2006, NSW Planning & Environment"},"geometry":{"type":"Polygon","coordinates":[[[150.79795205429795,-33.96222589432963],[150.79660955429796,-33.963512794329624],[150.79631015429797,-33.96395469432962],[150.79637755429798,-33.96407569432962],[150.79707525429797,-33.96456749432962],[150.79762335429797,-33.965280394329625],[150.79797055429796,-33.96501869432962],[150.79833915429796,-33.964637794329626],[150.79830685429795,-33.96453269432963],[150.79753285429797,-33.96363609432962],[150.79755395429797,-33.96353189432963],[150.79771965429796,-33.96337099432962],[150.79801145429795,-33.96316789432962],[150.79907625429797,-33.963891194329626],[150.79957255429795,-33.963423394329624],[150.79795205429795,-33.96222589432963]],[[150.79695315429797,-33.96392289432962],[150.79709565429795,-33.96392589432963],[150.79709285429797,-33.96401539432962],[150.79702065429797,-33.964043694329625],[150.79695035429796,-33.96401249432962],[150.79695315429797,-33.96392289432962]]]}},{"type":"Feature","properties":{"zone":"R3","name":"Medium Density Residential","description":"R3 Medium Density Residential \u2014 townhouses, terraces and medium-density housing","fill":"#ff776e","fill-opacity":0.7,"source":"Leppington Precinct - South West Growth Centre Land Zoning Map, State Environmental Planning Policy (Sydney Region Growth Centres) 2006, NSW Planning & Environment"},"geometry":{"type":"Polygon","coordinates":[[[150.80427785429796,-33.96181609432962],[150.80367185429796,-33.96237129432962],[150.80343855429797,-33.96297879432962],[150.80353005429797,-33.96402589432962],[150.80352025429795,-33.964339294329626],[150.80340425429796,-33.964620694329625],[150.80382245429797,-33.964927794329625],[150.80580975429797,-33.96299679432963],[150.80572575429795,-33.962830794329626],[150.80427785429796,-33.96181609432962]]]}},{"type":"Feature","properties":{"zone":"R3","name":"Medium Density Residential","description":"R3 Medium Density Residential \u2014 townhouses, terraces and medium-density housing","fill":"#ff776e","fill-opacity":0.7,"source":"Leppington Precinct - South West Growth Centre Land Zoning Map, State Environmental Planning Policy (Sydney Region Growth Centres) 2006, NSW Planning & Environment"},"geometry":{"type":"Polygon","coordinates":[[[150.78643365429795,-33.95993259432962],[150.78496915429795,-33.961127494329624],[150.78549235429796,-33.96149649432962],[150.78676375429797,-33.96020799432962],[150.78674965429795,-33.96008819432962],[150.78652275429795,-33.95993439432962],[150.78643365429795,-33.95993259432962]]]}},{"type":"Feature","properties":{"zone":"R3","name":"Medium Density Residential","description":"R3 Medium Density Residential \u2014 townhouses, terraces and medium-density housing","fill":"#ff776e","fill-opacity":0.7,"source":"Leppington Precinct - South West Growth Centre Land Zoning Map, State Environmental Planning Policy (Sydney Region Growth Centres) 2006, NSW Planning & Environment"},"geometry":{"type":"Polygon","coordinates":[[[150.79087005429795,-33.958932094329626],[150.78980185429796,-33.96000059432962],[150.78967465429795,-33.960072694329625],[150.78826105429795,-33.959103394329624],[150.78776285429797,-33.95963089432962],[150.78997875429795,-33.961168894329624],[150.79066185429795,-33.96043609432962],[150.79096355429797,-33.959919494329625],[150.79106215429798,-33.959622794329626],[150.79106975429795,-33.95938409432962],[150.79102855429795,-33.95899509432962],[150.79087005429795,-33.958932094329626]]]}},{"type":"Feature","properties":{"zone":"R3","name":"Medium Density Residential","description":"R3 Medium Density Residential \u2014 townhouses, terraces and medium-density housing","fill":"#ff776e","fill-opacity":0.7,"source":"Leppington Precinct - South West Growth Centre Land Zoning Map, State Environmental Planning Policy (Sydney Region Growth Centres) 2006, NSW Planning & Environment"},"geometry":{"type":"Polygon","coordinates":[[[150.78777245429796,-33.95876509432962],[150.78758865429796,-33.95894039432962],[150.78760255429796,-33.95906019432962],[150.78740425429797,-33.959130894329626],[150.78681355429796,-33.95976109432962],[150.78682895429796,-33.95983599432962],[150.78698745429796,-33.959898894329626],[150.78709535429797,-33.95987129432962],[150.78796225429795,-33.958962994329625],[150.78798205429797,-33.95890369432962],[150.78777245429796,-33.95876509432962]]]}},{"type":"Feature","properties":{"zone":"R3","name":"Medium Density Residential","description":"R3 Medium Density Residential \u2014 townhouses, terraces and medium-density housing","fill":"#ff776e","fill-opacity":0.7,"source":"Leppington Precinct - South West Growth Centre Land Zoning Map, State Environmental Planning Policy (Sydney Region Growth Centres) 2006, NSW Planning & Environment"},"geometry":{"type":"Polygon","coordinates":[[[150.80021505429795,-33.95891179432962],[150.79986795429795,-33.959173494329626],[150.79916115429796,-33.95896509432962],[150.79870195429797,-33.95938899432962],[150.79864475429795,-33.959507194329625],[150.80122495429796,-33.96136619432962],[150.80140175429796,-33.961414494329624],[150.80235825429796,-33.96049309432962],[150.80234235429796,-33.96043309432962],[150.80021505429795,-33.95891179432962]]]}},{"type":"Feature","properties":{"zone":"RE1","name":"Public Recreation","description":"RE1 Public Recreation \u2014 parks, open space and recreational facilities","fill":"#55ff00","fill-opacity":0.7,"source":"Leppington Precinct - South West Growth Centre Land Zoning Map, State Environmental Planning Policy (Sydney Region Growth Centres) 2006, NSW Planning & Environment"},"geometry":{"type":"Polygon","coordinates":[[[150.79067925429797,-33.986299694329624],[150.79029175429795,-33.98670989432962],[150.79171675429797,-33.98732109432962],[150.79178195429796,-33.98751659432963],[150.79178655429797,-33.987934694329624],[150.79183805429795,-33.987995494329624],[150.79321295429796,-33.986813694329626],[150.79316095429797,-33.986767894329624],[150.79217505429796,-33.98692709432962],[150.79067925429797,-33.986299694329624]]]}},{"type":"Feature","properties":{"zone":"RE1","name":"Public Recreation","description":"RE1 Public Recreation \u2014 parks, open space and recreational facilities","fill":"#55ff00","fill-opacity":0.7,"source":"Leppington Precinct - South West Growth Centre Land Zoning Map, State Environmental Planning Policy (Sydney Region Growth Centres) 2006, NSW Planning & Environment"},"geometry":{"type":"Polygon","coordinates":[[[150.79625795429797,-33.97964779432962],[150.79567875429797,-33.979919894329626],[150.79565855429797,-33.979994094329626],[150.79586385429795,-33.980267094329626],[150.79624765429796,-33.98109609432962],[150.79702995429795,-33.981171694329625],[150.79787865429796,-33.981397894329625],[150.79788015429796,-33.98135309432963],[150.79654335429797,-33.980206194329625],[150.79625795429797,-33.97964779432962]],[[150.79647715429797,-33.980607994329624],[150.79672665429797,-33.980612994329626],[150.79672385429797,-33.98070259432962],[150.79647425429795,-33.980697494329625],[150.79647715429797,-33.980607994329624]]]}},{"type":"Feature","properties":{"zone":"RE1","name":"Public Recreation","description":"RE1 Public Recreation \u2014 parks, open space and recreational facilities","fill":"#55ff00","fill-opacity":0.7,"source":"Leppington Precinct - South West Growth Centre Land Zoning Map, State Environmental Planning Policy (Sydney Region Growth Centres) 2006, NSW Planning & Environment"},"geometry":{"type":"Polygon","coordinates":[[[150.80300215429796,-33.97897769432962],[150.80276475429795,-33.97915209432962],[150.80270085429797,-33.97947929432962],[150.80257475429795,-33.979521594329626],[150.80259015429797,-33.97959659432962],[150.80267835429797,-33.97962819432962],[150.80267545429797,-33.97971769432962],[150.80254975429796,-33.97974499432962],[150.80256285429797,-33.97989469432962],[150.80279885429798,-33.97976499432962],[150.80282095429797,-33.979631094329626],[150.80289315429795,-33.97960269432962],[150.80301645429796,-33.979649894329626],[150.80350665429796,-33.979376194329625],[150.80350855429796,-33.97931639432962],[150.80335285429797,-33.979163994329625],[150.80309125429795,-33.97897949432962],[150.80300215429796,-33.97897769432962]]]}},{"type":"Feature","properties":{"zone":"RE1","name":"Public Recreation","description":"RE1 Public Recreation \u2014 parks, open space and recreational facilities","fill":"#55ff00","fill-opacity":0.7,"source":"Leppington Precinct - South West Growth Centre Land Zoning Map, State Environmental Planning Policy (Sydney Region Growth Centres) 2006, NSW Planning & Environment"},"geometry":{"type":"Polygon","coordinates":[[[150.79266785429797,-33.97814179432962],[150.79222095429796,-33.97817759432962],[150.79200415429796,-33.97826279432962],[150.79207365429795,-33.97832399432962],[150.79207075429795,-33.97841349432962],[150.79197975429796,-33.978471394329624],[150.79229345429798,-33.97870169432962],[150.79250615429797,-33.979303294329625],[150.79332675429796,-33.97985749432962],[150.79336855429796,-33.97966419432962],[150.79398055429797,-33.97948239432962],[150.79401865429796,-33.97940859432963],[150.79349075429795,-33.97862139432962],[150.79331695429795,-33.97848339432962],[150.79319025429797,-33.97854059432962],[150.79308425429795,-33.978508594329625],[150.79266785429797,-33.97814179432962]],[[150.79301415429796,-33.97902989432962],[150.79328155429795,-33.97903529432963],[150.79327875429797,-33.97912479432962],[150.79301135429796,-33.97911939432962],[150.79301415429796,-33.97902989432962]]]}},{"type":"Feature","properties":{"zone":"RE1","name":"Public Recreation","description":"RE1 Public Recreation \u2014 parks, open space and recreational facilities","fill":"#55ff00","fill-opacity":0.7,"source":"Leppington Precinct - South West Growth Centre Land Zoning Map, State Environmental Planning Policy (Sydney Region Growth Centres) 2006, NSW Planning & Environment"},"geometry":{"type":"Polygon","coordinates":[[[150.79073395429796,-33.97783399432962],[150.79041995429796,-33.978171094329625],[150.78972715429796,-33.97864989432962],[150.79048365429796,-33.98009869432963],[150.79092265429796,-33.98031659432962],[150.79198155429796,-33.980666494329625],[150.79299015429797,-33.980910894329625],[150.79348775429796,-33.98096579432963],[150.79338715429796,-33.98020219432962],[150.79225345429796,-33.97940269432962],[150.79204025429797,-33.97881609432962],[150.79155255429797,-33.978447894329626],[150.79135795429795,-33.978399094329625],[150.79134395429796,-33.978279394329626],[150.79081595429795,-33.97805959432962],[150.79073395429796,-33.97783399432962]]]}},{"type":"Feature","properties":{"zone":"RE1","name":"Public Recreation","description":"RE1 Public Recreation \u2014 parks, open space and recreational facilities","fill":"#55ff00","fill-opacity":0.7,"source":"Leppington Precinct - South West Growth Centre Land Zoning Map, State Environmental Planning Policy (Sydney Region Growth Centres) 2006, NSW Planning & Environment"},"geometry":{"type":"Polygon","coordinates":[[[150.80391845429796,-33.977637294329625],[150.80376305429797,-33.978037394329625],[150.80352865429796,-33.97812219432962],[150.80349105429795,-33.97818119432962],[150.80331885429797,-33.978551094329625],[150.80335255429796,-33.97861149432963],[150.80373865429797,-33.978245994329626],[150.80435365429796,-33.977974694329625],[150.80437285429795,-33.977930294329624],[150.80411215429797,-33.97771599432962],[150.80397245429796,-33.97762349432963],[150.80391845429796,-33.977637294329625]]]}},{"type":"Feature","properties":{"zone":"RE1","name":"Public Recreation","description":"RE1 Public Recreation \u2014 parks, open space and recreational facilities","fill":"#55ff00","fill-opacity":0.7,"source":"Leppington Precinct - South West Growth Centre Land Zoning Map, State Environmental Planning Policy (Sydney Region Growth Centres) 2006, NSW Planning & Environment"},"geometry":{"type":"Polygon","coordinates":[[[150.78975395429796,-33.97724669432962],[150.78972665429797,-33.977544894329625],[150.78959055429797,-33.977900494329624],[150.78958005429797,-33.978228794329624],[150.78963315429797,-33.97824489432963],[150.79023725429795,-33.97774929432963],[150.79020545429796,-33.97762919432962],[150.79008305429795,-33.977552094329624],[150.78986035429796,-33.97726379432962],[150.78975395429796,-33.97724669432962]]]}},{"type":"Feature","properties":{"zone":"RE1","name":"Public Recreation","description":"RE1 Public Recreation \u2014 parks, open space and recreational facilities","fill":"#55ff00","fill-opacity":0.7,"source":"Leppington Precinct - South West Growth Centre Land Zoning Map, State Environmental Planning Policy (Sydney Region Growth Centres) 2006, NSW Planning & Environment"},"geometry":{"type":"Polygon","coordinates":[[[150.79128765429797,-33.97668049432962],[150.79096055429795,-33.977435394329625],[150.79095815429795,-33.97750999432962],[150.79111245429797,-33.977707194329625],[150.79112555429796,-33.977856794329625],[150.79158225429796,-33.97807519432963],[150.79183165429797,-33.97808009432963],[150.79213895429797,-33.97795199432962],[150.79265765429795,-33.97790269432962],[150.79128765429797,-33.97668049432962]]]}},{"type":"Feature","properties":{"zone":"RE1","name":"Public Recreation","description":"RE1 Public Recreation \u2014 parks, open space and recreational facilities","fill":"#55ff00","fill-opacity":0.7,"source":"Leppington Precinct - South West Growth Centre Land Zoning Map, State Environmental Planning Policy (Sydney Region Growth Centres) 2006, NSW Planning & Environment"},"geometry":{"type":"Polygon","coordinates":[[[150.80447635429798,-33.97691689432963],[150.80432615429797,-33.977152794329626],[150.80435755429795,-33.97728789432962],[150.80415965429796,-33.977343594329625],[150.80414045429796,-33.977387994329625],[150.80426275429795,-33.977465094329624],[150.80437295429797,-33.97736289432962],[150.80433925429796,-33.97730239432963],[150.80444755429795,-33.977259794329626],[150.80450445429796,-33.977156394329626],[150.80447635429798,-33.97691689432963]]]}},{"type":"Feature","properties":{"zone":"RE1","name":"Public Recreation","description":"RE1 Public Recreation \u2014 parks, open space and recreational facilities","fill":"#55ff00","fill-opacity":0.7,"source":"Leppington Precinct - South West Growth Centre Land Zoning Map, State Environmental Planning Policy (Sydney Region Growth Centres) 2006, NSW Planning & Environment"},"geometry":{"type":"Polygon","coordinates":[[[150.79992355429795,-33.976526294329624],[150.79950135429797,-33.97690609432962],[150.80033735429797,-33.977535094329625],[150.80075915429796,-33.977170294329625],[150.79992355429795,-33.976526294329624]]]}},{"type":"Feature","properties":{"zone":"RE1","name":"Public Recreation","description":"RE1 Public Recreation \u2014 parks, open space and recreational facilities","fill":"#55ff00","fill-opacity":0.7,"source":"Leppington Precinct - South West Growth Centre Land Zoning Map, State Environmental Planning Policy (Sydney Region Growth Centres) 2006, NSW Planning & Environment"},"geometry":{"type":"Polygon","coordinates":[[[150.78909275429797,-33.97560569432962],[150.78887595429796,-33.975690994329625],[150.78782935429797,-33.97664049432962],[150.78777215429795,-33.976758694329625],[150.78915285429795,-33.978205194329625],[150.78922695429796,-33.978117094329626],[150.78919935429795,-33.97786269432962],[150.78935045429796,-33.97759699432962],[150.78937585429796,-33.97735859432962],[150.78924035429796,-33.97713179432962],[150.78896195429797,-33.97691719432962],[150.78894735429796,-33.97681239432962],[150.78914765429795,-33.976681994329624],[150.78958055429797,-33.976526494329626],[150.78960645429797,-33.97627319432962],[150.78940875429797,-33.975761494329625],[150.78927045429796,-33.975624194329626],[150.78909275429797,-33.97560569432962]]]}},{"type":"Feature","properties":{"zone":"RE1","name":"Public Recreation","description":"RE1 Public Recreation \u2014 parks, open space and recreational facilities","fill":"#55ff00","fill-opacity":0.7,"source":"Leppington Precinct - South West Growth Centre Land Zoning Map, State Environmental Planning Policy (Sydney Region Growth Centres) 2006, NSW Planning & Environment"},"geometry":{"type":"Polygon","coordinates":[[[150.78979145429795,-33.97550049432962],[150.78975395429796,-33.97555939432962],[150.78981575429796,-33.975859294329624],[150.79000525429797,-33.97607209432962],[150.79010265429795,-33.97637279432962],[150.79032625429795,-33.97663119432963],[150.79034955429796,-33.97701979432962],[150.79027175429798,-33.97722729432962],[150.79037435429797,-33.97736379432963],[150.79048075429796,-33.97738089432963],[150.79068775429795,-33.97704169432962],[150.79083045429797,-33.97647699432962],[150.79023115429797,-33.976255894329626],[150.79012855429795,-33.97611949432962],[150.79005405429797,-33.97565499432962],[150.78979145429795,-33.97550049432962]]]}},{"type":"Feature","properties":{"zone":"RE1","name":"Public Recreation","description":"RE1 Public Recreation \u2014 parks, open space and recreational facilities","fill":"#55ff00","fill-opacity":0.7,"source":"Leppington Precinct - South West Growth Centre Land Zoning Map, State Environmental Planning Policy (Sydney Region Growth Centres) 2006, NSW Planning & Environment"},"geometry":{"type":"Polygon","coordinates":[[[150.79428805429797,-33.975411994329626],[150.79393625429796,-33.975822994329626],[150.79393435429796,-33.97588269432963],[150.79507855429796,-33.976353794329626],[150.79518545429795,-33.97635599432962],[150.79538905429797,-33.97612119432962],[150.79428805429797,-33.975411994329626]]]}},{"type":"Feature","properties":{"zone":"RE1","name":"Public Recreation","description":"RE1 Public Recreation \u2014 parks, open space and recreational facilities","fill":"#55ff00","fill-opacity":0.7,"source":"Leppington Precinct - South West Growth Centre Land Zoning Map, State Environmental Planning Policy (Sydney Region Growth Centres) 2006, NSW Planning & Environment"},"geometry":{"type":"Polygon","coordinates":[[[150.80299075429795,-33.974841094329626],[150.80236535429796,-33.97544069432962],[150.80232735429797,-33.975514694329625],[150.80264725429797,-33.97555099432962],[150.80306325429797,-33.975365194329626],[150.80321535429798,-33.975069594329625],[150.80307985429795,-33.974842894329626],[150.80299075429795,-33.974841094329626]]]}},{"type":"Feature","properties":{"zone":"RE1","name":"Public Recreation","description":"RE1 Public Recreation \u2014 parks, open space and recreational facilities","fill":"#55ff00","fill-opacity":0.7,"source":"Leppington Precinct - South West Growth Centre Land Zoning Map, State Environmental Planning Policy (Sydney Region Growth Centres) 2006, NSW Planning & Environment"},"geometry":{"type":"Polygon","coordinates":[[[150.78815815429797,-33.973585894329624],[150.78785825429796,-33.97404279432963],[150.78787375429795,-33.97411779432962],[150.78909895429797,-33.97484439432962],[150.78920545429796,-33.97486139432962],[150.78924575429795,-33.97471289432962],[150.78915765429795,-33.97468129432962],[150.78916045429796,-33.974591694329625],[150.78930405429796,-33.97456469432962],[150.78933705429796,-33.974087594329625],[150.78821205429796,-33.973572094329626],[150.78815815429797,-33.973585894329624]]]}},{"type":"Feature","properties":{"zone":"RE1","name":"Public Recreation","description":"RE1 Public Recreation \u2014 parks, open space and recreational facilities","fill":"#55ff00","fill-opacity":0.7,"source":"Leppington Precinct - South West Growth Centre Land Zoning Map, State Environmental Planning Policy (Sydney Region Growth Centres) 2006, NSW Planning & Environment"},"geometry":{"type":"Polygon","coordinates":[[[150.80284535429797,-33.97324039432962],[150.80280835429795,-33.973284394329625],[150.80287445429795,-33.97345009432962],[150.80304705429796,-33.974752694329624],[150.80312115429797,-33.974664594329624],[150.80314945429797,-33.97433659432962],[150.80304725429795,-33.97418519432962],[150.80307265429795,-33.97394679432962],[150.80296305429798,-33.973466794329624],[150.80298425429797,-33.97336269432962],[150.80284535429797,-33.97324039432962]]]}},{"type":"Feature","properties":{"zone":"RE1","name":"Public Recreation","description":"RE1 Public Recreation \u2014 parks, open space and recreational facilities","fill":"#55ff00","fill-opacity":0.7,"source":"Leppington Precinct - South West Growth Centre Land Zoning Map, State Environmental Planning Policy (Sydney Region Growth Centres) 2006, NSW Planning & Environment"},"geometry":{"type":"Polygon","coordinates":[[[150.80256565429795,-33.972503094329625],[150.80230615429795,-33.972811394329625],[150.80275965429797,-33.973134194329624],[150.80289245429796,-33.97288299432962],[150.80283935429796,-33.97286699432962],[150.80281085429797,-33.97264249432963],[150.80265475429798,-33.972504894329624],[150.80256565429795,-33.972503094329625]]]}},{"type":"Feature","properties":{"zone":"RE1","name":"Public Recreation","description":"RE1 Public Recreation \u2014 parks, open space and recreational facilities","fill":"#55ff00","fill-opacity":0.7,"source":"Leppington Precinct - South West Growth Centre Land Zoning Map, State Environmental Planning Policy (Sydney Region Growth Centres) 2006, NSW Planning & Environment"},"geometry":{"type":"Polygon","coordinates":[[[150.80587515429795,-33.971046894329625],[150.80580105429797,-33.97113479432962],[150.80567625429796,-33.97169979432962],[150.80612075429795,-33.97173859432962],[150.80622625429797,-33.971785594329624],[150.80734165429797,-33.97259949432962],[150.80746555429795,-33.97263189432962],[150.80772305429795,-33.97238319432962],[150.80770675429795,-33.97233809432962],[150.80587515429795,-33.971046894329625]]]}},{"type":"Feature","properties":{"zone":"RE1","name":"Public Recreation","description":"RE1 Public Recreation \u2014 parks, open space and recreational facilities","fill":"#55ff00","fill-opacity":0.7,"source":"Leppington Precinct - South West Growth Centre Land Zoning Map, State Environmental Planning Policy (Sydney Region Growth Centres) 2006, NSW Planning & Environment"},"geometry":{"type":"Polygon","coordinates":[[[150.80185845429796,-33.97062229432962],[150.80152635429795,-33.970973894329624],[150.80238065429796,-33.97158849432962],[150.80246075429795,-33.971873794329625],[150.80253115429795,-33.97190509432962],[150.80256815429797,-33.971861094329626],[150.80247115429796,-33.971545494329625],[150.80216555429797,-33.971061494329625],[150.80213845429796,-33.970792094329624],[150.80203485429797,-33.97068559432962],[150.80185845429796,-33.97062229432962]]]}},{"type":"Feature","properties":{"zone":"RE1","name":"Public Recreation","description":"RE1 Public Recreation \u2014 parks, open space and recreational facilities","fill":"#55ff00","fill-opacity":0.7,"source":"Leppington Precinct - South West Growth Centre Land Zoning Map, State Environmental Planning Policy (Sydney Region Growth Centres) 2006, NSW Planning & Environment"},"geometry":{"type":"Polygon","coordinates":[[[150.79011945429795,-33.97022089432962],[150.79006275429796,-33.97032429432962],[150.79010715429797,-33.97060889432962],[150.79024265429797,-33.97083559432962],[150.79026875429795,-33.97113479432962],[150.79009855429797,-33.97144499432962],[150.78985975429796,-33.97166419432963],[150.78976255429797,-33.97191609432962],[150.79004205429797,-33.97210089432962],[150.79012315429796,-33.97235629432962],[150.79007365429797,-33.972788394329626],[150.78989865429796,-33.97324779432962],[150.79035815429796,-33.97337649432962],[150.79044825429796,-33.97334849432962],[150.79045815429797,-33.973035094329624],[150.79064635429796,-33.97272529432962],[150.79066845429796,-33.972591394329626],[150.79081715429797,-33.97240019432962],[150.79057525429795,-33.972156494329624],[150.79052845429797,-33.97194639432962],[150.79059365429796,-33.97157439432962],[150.79057985429796,-33.97088729432962],[150.79076795429796,-33.970577394329624],[150.79020865429797,-33.97022269432962],[150.79011945429795,-33.97022089432962]]]}},{"type":"Feature","properties":{"zone":"RE1","name":"Public Recreation","description":"RE1 Public Recreation \u2014 parks, open space and recreational facilities","fill":"#55ff00","fill-opacity":0.7,"source":"Leppington Precinct - South West Growth Centre Land Zoning Map, State Environmental Planning Policy (Sydney Region Growth Centres) 2006, NSW Planning & Environment"},"geometry":{"type":"Polygon","coordinates":[[[150.80954025429796,-33.96962749432962],[150.80898765429797,-33.97018389432962],[150.80928395429797,-33.97039889432963],[150.80972855429795,-33.97043779432963],[150.81000445429797,-33.970174494329626],[150.81000765429795,-33.97006999432963],[150.80990655429795,-33.96988879432963],[150.80954025429796,-33.96962749432962]],[[150.80945725429797,-33.969999194329624],[150.80961755429797,-33.97000249432963],[150.80961425429797,-33.970106894329625],[150.80954205429796,-33.97013529432962],[150.80943705429797,-33.970073494329625],[150.80945725429797,-33.969999194329624]]]}},{"type":"Feature","properties":{"zone":"RE1","name":"Public Recreation","description":"RE1 Public Recreation \u2014 parks, open space and recreational facilities","fill":"#55ff00","fill-opacity":0.7,"source":"Leppington Precinct - South West Growth Centre Land Zoning Map, State Environmental Planning Policy (Sydney Region Growth Centres) 2006, NSW Planning & Environment"},"geometry":{"type":"Polygon","coordinates":[[[150.80365885429796,-33.969523694329624],[150.80341905429796,-33.96977269432962],[150.80318225429795,-33.96993219432962],[150.80220495429796,-33.969822894329624],[150.80219675429797,-33.970076594329626],[150.80241905429796,-33.97037969432962],[150.80249725429798,-33.97072479432963],[150.80265105429797,-33.970936794329624],[150.80266455429796,-33.97107159432962],[150.80458275429797,-33.972439294329625],[150.80472435429797,-33.972471994329624],[150.80535065429797,-33.97184259432962],[150.80557895429797,-33.970831694329625],[150.80420185429796,-33.969833294329625],[150.80374785429797,-33.969525594329625],[150.80365885429796,-33.969523694329624]]]}},{"type":"Feature","properties":{"zone":"RE1","name":"Public Recreation","description":"RE1 Public Recreation \u2014 parks, open space and recreational facilities","fill":"#55ff00","fill-opacity":0.7,"source":"Leppington Precinct - South West Growth Centre Land Zoning Map, State Environmental Planning Policy (Sydney Region Growth Centres) 2006, NSW Planning & Environment"},"geometry":{"type":"Polygon","coordinates":[[[150.78959835429796,-33.96922479432963],[150.78928065429795,-33.969681394329626],[150.78895785429796,-33.970301994329624],[150.78971285429796,-33.97067559432963],[150.78973085429797,-33.97010849432962],[150.78961685429798,-33.969762694329624],[150.78965965429796,-33.969539694329626],[150.78959835429796,-33.96922479432963]]]}},{"type":"Feature","properties":{"zone":"RE1","name":"Public Recreation","description":"RE1 Public Recreation \u2014 parks, open space and recreational facilities","fill":"#55ff00","fill-opacity":0.7,"source":"Leppington Precinct - South West Growth Centre Land Zoning Map, State Environmental Planning Policy (Sydney Region Growth Centres) 2006, NSW Planning & Environment"},"geometry":{"type":"Polygon","coordinates":[[[150.79652195429796,-33.96908099432962],[150.79556595429796,-33.96998739432962],[150.79600095429797,-33.97032479432962],[150.79692235429795,-33.969387594329625],[150.79687175429797,-33.969297094329626],[150.79652195429796,-33.96908099432962]]]}},{"type":"Feature","properties":{"zone":"RE1","name":"Public Recreation","description":"RE1 Public Recreation \u2014 parks, open space and recreational facilities","fill":"#55ff00","fill-opacity":0.7,"source":"Leppington Precinct - South West Growth Centre Land Zoning Map, State Environmental Planning Policy (Sydney Region Growth Centres) 2006, NSW Planning & Environment"},"geometry":{"type":"Polygon","coordinates":[[[150.79038875429796,-33.968479194329625],[150.79021505429796,-33.968893894329625],[150.79019115429796,-33.96908739432963],[150.79000535429796,-33.96932269432963],[150.79000105429796,-33.969456994329626],[150.79007135429796,-33.96948829432962],[150.79014375429796,-33.96945979432962],[150.79014795429796,-33.969325494329624],[150.79041635429797,-33.96873359432962],[150.79038875429796,-33.968479194329625]]]}},{"type":"Feature","properties":{"zone":"RE1","name":"Public Recreation","description":"RE1 Public Recreation \u2014 parks, open space and recreational facilities","fill":"#55ff00","fill-opacity":0.7,"source":"Leppington Precinct - South West Growth Centre Land Zoning Map, State Environmental Planning Policy (Sydney Region Growth Centres) 2006, NSW Planning & Environment"},"geometry":{"type":"Polygon","coordinates":[[[150.78576565429796,-33.968057294329626],[150.78416365429797,-33.969652594329624],[150.78594155429795,-33.970942894329625],[150.78623935429798,-33.971113194329625],[150.78719485429795,-33.97022149432962],[150.78785915429796,-33.96951819432962],[150.78576565429796,-33.968057294329626]],[[150.78575495429797,-33.96952049432962],[150.78589745429795,-33.96952339432963],[150.78589465429795,-33.96961289432962],[150.78582245429797,-33.96964129432963],[150.78575205429797,-33.969610094329624],[150.78575495429797,-33.96952049432962]]]}},{"type":"Feature","properties":{"zone":"RE1","name":"Public Recreation","description":"RE1 Public Recreation \u2014 parks, open space and recreational facilities","fill":"#55ff00","fill-opacity":0.7,"source":"Leppington Precinct - South West Growth Centre Land Zoning Map, State Environmental Planning Policy (Sydney Region Growth Centres) 2006, NSW Planning & Environment"},"geometry":{"type":"Polygon","coordinates":[[[150.80185155429797,-33.96747129432963],[150.80008475429796,-33.96919769432962],[150.80008335429795,-33.969242394329626],[150.80090345429795,-33.969811494329626],[150.80120835429796,-33.969757994329626],[150.80158735429796,-33.969616294329626],[150.80160425429796,-33.96907899432962],[150.80152275429796,-33.968838494329624],[150.80150185429795,-33.96837509432962],[150.80163845429797,-33.96800459432962],[150.80211175429795,-33.96770059432962],[150.80215115429797,-33.967581894329626],[150.80208175429797,-33.96752079432962],[150.80185155429797,-33.96747129432963]]]}},{"type":"Feature","properties":{"zone":"RE1","name":"Public Recreation","description":"RE1 Public Recreation \u2014 parks, open space and recreational facilities","fill":"#55ff00","fill-opacity":0.7,"source":"Leppington Precinct - South West Growth Centre Land Zoning Map, State Environmental Planning Policy (Sydney Region Growth Centres) 2006, NSW Planning & Environment"},"geometry":{"type":"Polygon","coordinates":[[[150.80789615429796,-33.96636889432963],[150.80721495429796,-33.96704209432962],[150.80817425429797,-33.967718494329624],[150.80874755429795,-33.96707309432962],[150.80880525429797,-33.966939694329625],[150.80803775429797,-33.966401594329625],[150.80789615429796,-33.96636889432963]]]}},{"type":"Feature","properties":{"zone":"RE1","name":"Public Recreation","description":"RE1 Public Recreation \u2014 parks, open space and recreational facilities","fill":"#55ff00","fill-opacity":0.7,"source":"Leppington Precinct - South West Growth Centre Land Zoning Map, State Environmental Planning Policy (Sydney Region Growth Centres) 2006, NSW Planning & Environment"},"geometry":{"type":"Polygon","coordinates":[[[150.80234325429797,-33.964897894329624],[150.80229015429796,-33.965449394329625],[150.80277925429797,-33.965772794329624],[150.80293865429798,-33.96580589432963],[150.80304935429797,-33.96568869432962],[150.80298565429797,-33.96544849432962],[150.80256455429796,-33.96523089432962],[150.80240935429796,-33.96506359432962],[150.80234325429797,-33.964897894329624]],[[150.80245245429796,-33.965392894329625],[150.80271975429795,-33.965398294329624],[150.80269765429796,-33.96553229432963],[150.80260765429796,-33.96556029432963],[150.80244965429796,-33.96548239432963],[150.80245245429796,-33.965392894329625]]]}},{"type":"Feature","properties":{"zone":"RE1","name":"Public Recreation","description":"RE1 Public Recreation \u2014 parks, open space and recreational facilities","fill":"#55ff00","fill-opacity":0.7,"source":"Leppington Precinct - South West Growth Centre Land Zoning Map, State Environmental Planning Policy (Sydney Region Growth Centres) 2006, NSW Planning & Environment"},"geometry":{"type":"Polygon","coordinates":[[[150.80206765429796,-33.96459369432962],[150.80203005429797,-33.96465259432962],[150.80227445429796,-33.96482179432962],[150.80234565429797,-33.96482339432962],[150.80242315429797,-33.96463069432962],[150.80206765429796,-33.96459369432962]]]}},{"type":"Feature","properties":{"zone":"RE1","name":"Public Recreation","description":"RE1 Public Recreation \u2014 parks, open space and recreational facilities","fill":"#55ff00","fill-opacity":0.7,"source":"Leppington Precinct - South West Growth Centre Land Zoning Map, State Environmental Planning Policy (Sydney Region Growth Centres) 2006, NSW Planning & Environment"},"geometry":{"type":"Polygon","coordinates":[[[150.80261845429797,-33.964097094329624],[150.80245555429795,-33.96416849432963],[150.80227925429796,-33.964105194329626],[150.80222155429797,-33.96423839432963],[150.80257705429796,-33.96427549432963],[150.80268775429795,-33.96415819432963],[150.80261845429797,-33.964097094329624]]]}},{"type":"Feature","properties":{"zone":"RE1","name":"Public Recreation","description":"RE1 Public Recreation \u2014 parks, open space and recreational facilities","fill":"#55ff00","fill-opacity":0.7,"source":"Leppington Precinct - South West Growth Centre Land Zoning Map, State Environmental Planning Policy (Sydney Region Growth Centres) 2006, NSW Planning & Environment"},"geometry":{"type":"Polygon","coordinates":[[[150.79062585429796,-33.963257594329626],[150.78985235429795,-33.96346589432962],[150.79040845429796,-33.963925194329626],[150.79040655429796,-33.96398489432963],[150.78997725429795,-33.964588394329624],[150.78972995429797,-33.96507629432963],[150.78979745429797,-33.965197094329625],[150.79045995429797,-33.965673294329626],[150.79057955429795,-33.96584009432962],[150.79063565429797,-33.966318994329626],[150.79084435429797,-33.966487394329626],[150.79090015429796,-33.96641399432962],[150.79068125429797,-33.966006294329624],[150.79069925429795,-33.965439194329626],[150.79045825429796,-33.965165594329626],[150.79046965429797,-33.964807394329625],[150.79031685429797,-33.96456549432963],[150.79048945429795,-33.96418069432962],[150.79053275429797,-33.96394259432962],[150.79064675429797,-33.96372099432963],[150.79081235429797,-33.96355999432962],[150.79071395429796,-33.963289194329626],[150.79062585429796,-33.963257594329626]]]}},{"type":"Feature","properties":{"zone":"RE1","name":"Public Recreation","description":"RE1 Public Recreation \u2014 parks, open space and recreational facilities","fill":"#55ff00","fill-opacity":0.7,"source":"Leppington Precinct - South West Growth Centre Land Zoning Map, State Environmental Planning Policy (Sydney Region Growth Centres) 2006, NSW Planning & Environment"},"geometry":{"type":"Polygon","coordinates":[[[150.79795555429797,-33.96324139432962],[150.79764315429796,-33.96353379432962],[150.79760415429797,-33.963637494329625],[150.79841385429796,-33.96453479432962],[150.79892795429797,-33.964067394329625],[150.79900355429797,-33.96393449432962],[150.79804465429797,-33.96324309432963],[150.79795555429797,-33.96324139432962]]]}},{"type":"Feature","properties":{"zone":"RE1","name":"Public Recreation","description":"RE1 Public Recreation \u2014 parks, open space and recreational facilities","fill":"#55ff00","fill-opacity":0.7,"source":"Leppington Precinct - South West Growth Centre Land Zoning Map, State Environmental Planning Policy (Sydney Region Growth Centres) 2006, NSW Planning & Environment"},"geometry":{"type":"Polygon","coordinates":[[[150.78190965429795,-33.96200649432962],[150.78141335429797,-33.962474294329624],[150.78228635429795,-33.963059394329626],[150.78269315429796,-33.96260469432963],[150.78269505429796,-33.962544894329625],[150.78190965429795,-33.96200649432962]]]}},{"type":"Feature","properties":{"zone":"RE1","name":"Public Recreation","description":"RE1 Public Recreation \u2014 parks, open space and recreational facilities","fill":"#55ff00","fill-opacity":0.7,"source":"Leppington Precinct - South West Growth Centre Land Zoning Map, State Environmental Planning Policy (Sydney Region Growth Centres) 2006, NSW Planning & Environment"},"geometry":{"type":"Polygon","coordinates":[[[150.80197235429796,-33.96197859432962],[150.80193435429797,-33.962052394329625],[150.80197685429795,-33.96239679432962],[150.80184825429797,-33.96251369432962],[150.80184645429796,-33.96257329432962],[150.80244505429795,-33.963376794329626],[150.80228215429796,-33.964015694329625],[150.80256685429796,-33.964036394329625],[150.80262835429795,-33.96378379432962],[150.80281215429795,-33.963608294329624],[150.80249855429796,-33.963377894329625],[150.80236265429795,-33.96316609432962],[150.80217935429795,-33.96275919432962],[150.80218265429795,-33.96265479432962],[150.80204675429798,-33.96244289432963],[150.80205805429796,-33.96208489432962],[150.80204265429796,-33.962009894329626],[150.80197235429796,-33.96197859432962]]]}},{"type":"Feature","properties":{"zone":"RE1","name":"Public Recreation","description":"RE1 Public Recreation \u2014 parks, open space and recreational facilities","fill":"#55ff00","fill-opacity":0.7,"source":"Leppington Precinct - South West Growth Centre Land Zoning Map, State Environmental Planning Policy (Sydney Region Growth Centres) 2006, NSW Planning & Environment"},"geometry":{"type":"Polygon","coordinates":[[[150.79211495429797,-33.96128669432962],[150.79205855429797,-33.96137519432963],[150.79199005429797,-33.96185159432962],[150.79154335429797,-33.96243999432962],[150.79125405429795,-33.96256849432962],[150.79119015429796,-33.962895694329625],[150.79298585429797,-33.96418629432962],[150.79314585429796,-33.96420439432963],[150.79329175429797,-33.96410289432962],[150.79329455429797,-33.964013394329626],[150.79353095429795,-33.96386879432962],[150.79415675429797,-33.96325429432962],[150.79443445429797,-33.96293129432962],[150.79211495429797,-33.96128669432962]]]}},{"type":"Feature","properties":{"zone":"RE1","name":"Public Recreation","description":"RE1 Public Recreation \u2014 parks, open space and recreational facilities","fill":"#55ff00","fill-opacity":0.7,"source":"Leppington Precinct - South West Growth Centre Land Zoning Map, State Environmental Planning Policy (Sydney Region Growth Centres) 2006, NSW Planning & Environment"},"geometry":{"type":"Polygon","coordinates":[[[150.79078995429796,-33.960334094329625],[150.79004915429798,-33.96120019432962],[150.78995905429795,-33.96122829432962],[150.78985355429796,-33.96118129432963],[150.78913905429795,-33.96065919432962],[150.78855065429795,-33.96121479432962],[150.78854875429795,-33.96127439432962],[150.78987425429796,-33.96221209432962],[150.78992735429796,-33.962228094329625],[150.79009105429796,-33.96212679432962],[150.79085915429795,-33.962650094329625],[150.79089615429797,-33.96260599432962],[150.79085215429797,-33.962306494329624],[150.79058715429795,-33.96222649432963],[150.79011595429796,-33.961903394329624],[150.79015275429796,-33.96130679432962],[150.79037695429795,-33.960982894329625],[150.79083815429797,-33.960499394329624],[150.79087895429797,-33.960335894329624],[150.79078995429796,-33.960334094329625]],[[150.78965045429797,-33.961401194329625],[150.78979305429797,-33.96140409432962],[150.78979015429798,-33.961493594329625],[150.78971785429798,-33.96152199432962],[150.78964755429797,-33.961490694329626],[150.78965045429797,-33.961401194329625]]]}},{"type":"Feature","properties":{"zone":"RE1","name":"Public Recreation","description":"RE1 Public Recreation \u2014 parks, open space and recreational facilities","fill":"#55ff00","fill-opacity":0.7,"source":"Leppington Precinct - South West Growth Centre Land Zoning Map, State Environmental Planning Policy (Sydney Region Growth Centres) 2006, NSW Planning & Environment"},"geometry":{"type":"Polygon","coordinates":[[[150.78571795429795,-33.958320294329624],[150.78555185429795,-33.958496194329626],[150.78578265429798,-33.958530694329625],[150.78577975429795,-33.95862029432963],[150.78545905429797,-33.95861379432962],[150.78534735429795,-33.95876079432962],[150.78541625429796,-33.95883689432962],[150.78554105429797,-33.958839494329624],[150.78555505429796,-33.95895919432962],[150.78562495429796,-33.95900539432962],[150.78606635429796,-33.958581294329626],[150.78571795429795,-33.958320294329624]]]}},{"type":"Feature","properties":{"zone":"RE1","name":"Public Recreation","description":"RE1 Public Recreation \u2014 parks, open space and recreational facilities","fill":"#55ff00","fill-opacity":0.7,"source":"Leppington Precinct - South West Growth Centre Land Zoning Map, State Environmental Planning Policy (Sydney Region Growth Centres) 2006, NSW Planning & Environment"},"geometry":{"type":"Polygon","coordinates":[[[150.79092935429796,-33.958186694329626],[150.79089115429795,-33.958827994329624],[150.79111765429795,-33.95899679432962],[150.79114145429796,-33.95937059432963],[150.79113295429795,-33.95963929432963],[150.79084565429795,-33.960260594329625],[150.79087995429796,-33.960306094329624],[150.79108115429796,-33.96014589432962],[150.79121775429797,-33.959775294329624],[150.79124145429796,-33.959029194329624],[150.79141655429797,-33.95856979432963],[150.79140065429797,-33.95850979432962],[150.79092935429796,-33.958186694329626]]]}},{"type":"Feature","properties":{"zone":"RE1","name":"Public Recreation","description":"RE1 Public Recreation \u2014 parks, open space and recreational facilities","fill":"#55ff00","fill-opacity":0.7,"source":"Leppington Precinct - South West Growth Centre Land Zoning Map, State Environmental Planning Policy (Sydney Region Growth Centres) 2006, NSW Planning & Environment"},"geometry":{"type":"Polygon","coordinates":[[[150.79426245429795,-33.95823909432962],[150.79411455429795,-33.95840029432962],[150.79451835429796,-33.958602594329626],[150.79447845429797,-33.95873609432962],[150.79436965429795,-33.95879379432962],[150.79391105429795,-33.95863509432962],[150.79371405429796,-33.95866109432962],[150.79367705429797,-33.95870509432962],[150.79386885429795,-33.958843294329625],[150.79492335429796,-33.95932749432962],[150.79529305429796,-33.958916894329626],[150.79440405429796,-33.958271794329626],[150.79426245429795,-33.95823909432962]]]}},{"type":"Feature","properties":{"zone":"RE1","name":"Public Recreation","description":"RE1 Public Recreation \u2014 parks, open space and recreational facilities","fill":"#55ff00","fill-opacity":0.7,"source":"Leppington Precinct - South West Growth Centre Land Zoning Map, State Environmental Planning Policy (Sydney Region Growth Centres) 2006, NSW Planning & Environment"},"geometry":{"type":"Polygon","coordinates":[[[150.79353645429796,-33.95807509432962],[150.79346045429796,-33.95822279432962],[150.79356455429797,-33.95831459432962],[150.79370475429795,-33.958391994329624],[150.79390225429796,-33.958351294329624],[150.79353645429796,-33.95807509432962]]]}},{"type":"Feature","properties":{"zone":"RE1","name":"Public Recreation","description":"RE1 Public Recreation \u2014 parks, open space and recreational facilities","fill":"#55ff00","fill-opacity":0.7,"source":"Leppington Precinct - South West Growth Centre Land Zoning Map, State Environmental Planning Policy (Sydney Region Growth Centres) 2006, NSW Planning & Environment"},"geometry":{"type":"Polygon","coordinates":[[[150.79231725429796,-33.95772189432962],[150.79206925429796,-33.957672094329624],[150.79193775429798,-33.95787849432963],[150.79165425429795,-33.958947894329626],[150.79168365429797,-33.95914259432963],[150.79194525429796,-33.95932709432962],[150.79217455429796,-33.958286394329626],[150.79256005429795,-33.95793589432962],[150.79254415429796,-33.957875794329624],[150.79231725429796,-33.95772189432962]]]}},{"type":"Feature","properties":{"zone":"RE1","name":"Public Recreation","description":"RE1 Public Recreation \u2014 parks, open space and recreational facilities","fill":"#55ff00","fill-opacity":0.7,"source":"Leppington Precinct - South West Growth Centre Land Zoning Map, State Environmental Planning Policy (Sydney Region Growth Centres) 2006, NSW Planning & Environment"},"geometry":{"type":"Polygon","coordinates":[[[150.79269855429797,-33.957505694329626],[150.79255465429796,-33.957547494329624],[150.79257095429796,-33.957592594329626],[150.79278385429797,-33.95762679432963],[150.79279935429796,-33.95770179432962],[150.79295595429795,-33.95782439432963],[150.79316985429796,-33.95782879432962],[150.79269855429797,-33.957505694329626]]]}},{"type":"Feature","properties":{"zone":"SP2","name":"Infrastructure","description":"SP2 Infrastructure \u2014 roads, drainage and other public infrastructure","fill":"#ffff70","fill-opacity":0.7,"source":"Leppington Precinct - South West Growth Centre Land Zoning Map, State Environmental Planning Policy (Sydney Region Growth Centres) 2006, NSW Planning & Environment"},"geometry":{"type":"Polygon","coordinates":[[[150.78629985429797,-33.989436694329626],[150.78593065429797,-33.989832394329625],[150.78565005429797,-33.99024489432962],[150.78756795429797,-33.991060094329626],[150.78788635429797,-33.99114119432962],[150.78691945429796,-33.99070349432962],[150.78694875429795,-33.99034579432962],[150.78682345429797,-33.99035819432962],[150.78670065429796,-33.99029589432963],[150.78657395429795,-33.99035309432962],[150.78648625429796,-33.99030649432962],[150.78627095429798,-33.99034699432963],[150.78620065429797,-33.990315694329624],[150.78620345429798,-33.99022619432962],[150.78636525429795,-33.99018459432963],[150.78648815429796,-33.99024679432962],[150.78657865429795,-33.990203794329624],[150.78668415429797,-33.990250794329626],[150.78682865429795,-33.99019399432962],[150.78698765429797,-33.99024199432962],[150.78707025429796,-33.989885294329625],[150.78707405429796,-33.98976589432962],[150.78629985429797,-33.989436694329626]],[[150.78651405429795,-33.989993494329624],[150.78665665429796,-33.98999629432962],[150.78665325429796,-33.99010089432962],[150.78658105429795,-33.990129194329626],[150.78651075429795,-33.99009789432962],[150.78651405429795,-33.989993494329624]]]}},{"type":"Feature","properties":{"zone":"SP2","name":"Infrastructure","description":"SP2 Infrastructure \u2014 roads, drainage and other public infrastructure","fill":"#ffff70","fill-opacity":0.7,"source":"Leppington Precinct - South West Growth Centre Land Zoning Map, State Environmental Planning Policy (Sydney Region Growth Centres) 2006, NSW Planning & Environment"},"geometry":{"type":"Polygon","coordinates":[[[150.78851375429795,-33.98710709432962],[150.78829275429797,-33.98732659432962],[150.78825195429795,-33.98749009432962],[150.78810645429797,-33.987576694329626],[150.78802995429797,-33.98773939432962],[150.78782735429797,-33.987944394329624],[150.78782495429797,-33.98801899432962],[150.78821225429797,-33.988176194329625],[150.78834175429796,-33.98802939432962],[150.78832825429797,-33.98789479432963],[150.78847225429797,-33.987852794329626],[150.78850975429796,-33.98779389432963],[150.78847555429797,-33.98774839432962],[150.78835075429797,-33.98774589432962],[150.78835365429796,-33.987656294329625],[150.78847835429795,-33.98765889432963],[150.78858815429797,-33.98757149432962],[150.78861965429797,-33.98713909432962],[150.78851375429795,-33.98710709432962]]]}},{"type":"Feature","properties":{"zone":"SP2","name":"Infrastructure","description":"SP2 Infrastructure \u2014 roads, drainage and other public infrastructure","fill":"#ffff70","fill-opacity":0.7,"source":"Leppington Precinct - South West Growth Centre Land Zoning Map, State Environmental Planning Policy (Sydney Region Growth Centres) 2006, NSW Planning & Environment"},"geometry":{"type":"Polygon","coordinates":[[[150.79231425429796,-33.98422719432963],[150.79216985429795,-33.984284094329624],[150.79216785429796,-33.984343694329624],[150.79225615429797,-33.984375294329624],[150.79224665429797,-33.98467379432962],[150.79233485429796,-33.98470539432962],[150.79240705429797,-33.984677094329626],[150.79234185429797,-33.98448159432962],[150.79243245429797,-33.984438594329625],[150.79245315429796,-33.98434949432962],[150.79242025429795,-33.984259194329624],[150.79231425429796,-33.98422719432963]]]}},{"type":"Feature","properties":{"zone":"SP2","name":"Infrastructure","description":"SP2 Infrastructure \u2014 roads, drainage and other public infrastructure","fill":"#ffff70","fill-opacity":0.7,"source":"Leppington Precinct - South West Growth Centre Land Zoning Map, State Environmental Planning Policy (Sydney Region Growth Centres) 2006, NSW Planning & Environment"},"geometry":{"type":"Polygon","coordinates":[[[150.79178515429797,-33.97842269432962],[150.79169515429797,-33.978450694329624],[150.79171145429797,-33.978495794329625],[150.79211185429796,-33.97880259432962],[150.79232515429797,-33.97938929432962],[150.79326715429795,-33.98005029432962],[150.79339085429797,-33.980082794329626],[150.79330705429797,-33.979916794329625],[150.79243445429796,-33.97931679432963],[150.79222165429798,-33.978715194329624],[150.79178515429797,-33.97842269432962]]]}},{"type":"Feature","properties":{"zone":"SP2","name":"Infrastructure","description":"SP2 Infrastructure \u2014 roads, drainage and other public infrastructure","fill":"#ffff70","fill-opacity":0.7,"source":"Leppington Precinct - South West Growth Centre Land Zoning Map, State Environmental Planning Policy (Sydney Region Growth Centres) 2006, NSW Planning & Environment"},"geometry":{"type":"Polygon","coordinates":[[[150.79433475429795,-33.977876894329626],[150.79357765429796,-33.978130294329624],[150.79346745429797,-33.978232594329626],[150.79357395429795,-33.97824969432963],[150.79379055429797,-33.97816459432963],[150.79388255429797,-33.978076794329624],[150.79435025429797,-33.97795179432963],[150.79433475429795,-33.977876894329626]]]}},{"type":"Feature","properties":{"zone":"SP2","name":"Infrastructure","description":"SP2 Infrastructure \u2014 roads, drainage and other public infrastructure","fill":"#ffff70","fill-opacity":0.7,"source":"Leppington Precinct - South West Growth Centre Land Zoning Map, State Environmental Planning Policy (Sydney Region Growth Centres) 2006, NSW Planning & Environment"},"geometry":{"type":"Polygon","coordinates":[[[150.79532965429797,-33.977434094329624],[150.79448055429796,-33.977775294329625],[150.79447925429795,-33.97781999432962],[150.79460295429797,-33.977852394329624],[150.79536145429796,-33.97755419432962],[150.79532965429797,-33.977434094329624]]]}},{"type":"Feature","properties":{"zone":"SP2","name":"Infrastructure","description":"SP2 Infrastructure \u2014 roads, drainage and other public infrastructure","fill":"#ffff70","fill-opacity":0.7,"source":"Leppington Precinct - South West Growth Centre Land Zoning Map, State Environmental Planning Policy (Sydney Region Growth Centres) 2006, NSW Planning & Environment"},"geometry":{"type":"Polygon","coordinates":[[[150.80277215429797,-33.97217869432962],[150.80268165429797,-33.972221694329626],[150.80244985429798,-33.97221699432962],[150.80163965429796,-33.97302199432962],[150.80022375429797,-33.973247294329624],[150.79997135429795,-33.97333169432962],[150.79828315429796,-33.97483569432963],[150.79828075429796,-33.974910194329624],[150.79932445429796,-33.975737694329624],[150.79943135429795,-33.97573989432962],[150.80025745429796,-33.97499499432963],[150.80022325429798,-33.97494959432962],[150.79999155429797,-33.974944894329624],[150.79999435429795,-33.97485539432962],[150.80010285429796,-33.97481269432962],[150.80024395429797,-33.97486029432962],[150.80045965429795,-33.974804994329624],[150.80110185429797,-33.974235494329626],[150.80110335429796,-33.97419079432962],[150.80023215429796,-33.973545994329626],[150.80025235429795,-33.973471794329626],[150.80177655429796,-33.97320389432962],[150.80251355429797,-33.97245719432962],[150.80260405429797,-33.972414294329624],[150.80267445429797,-33.97244549432963],[150.80288265429797,-33.972628994329625],[150.80296615429796,-33.97280979432962],[150.80288335429796,-33.973166594329626],[150.80303865429795,-33.97333389432962],[150.80314435429796,-33.973933294329626],[150.80311895429796,-33.97417179432962],[150.80322115429797,-33.97432319432962],[150.80313385429795,-33.97482909432962],[150.80328715429795,-33.975056194329625],[150.80326585429796,-33.975160294329626],[150.80309755429795,-33.975410694329625],[150.80268155429795,-33.97559649432962],[150.80180675429796,-33.975623594329626],[150.80126655429797,-33.975791894329625],[150.80095785429796,-33.97596479432963],[150.80038785429795,-33.976505794329626],[150.80040425429797,-33.97655089432963],[150.80054585429795,-33.976583594329625],[150.80129505429795,-33.97601649432962],[150.80165625429797,-33.97587439432962],[150.80210455429796,-33.97579389432963],[150.80278125429797,-33.97582249432963],[150.80350385429796,-33.97609089432962],[150.80404315429797,-33.97651989432963],[150.80409325429795,-33.976625494329625],[150.80408425429798,-33.97690899432963],[150.80387775429796,-33.97723329432962],[150.80334445429796,-33.97774519432962],[150.80298025429795,-33.97854419432962],[150.80310075429796,-33.97868109432962],[150.80318985429795,-33.97868289432962],[150.80342025429798,-33.97816489432962],[150.80380735429796,-33.97776949432962],[150.80386695429797,-33.977576594329626],[150.80402735429797,-33.97757979432962],[150.80448025429797,-33.977917494329624],[150.80576405429795,-33.97736099432962],[150.80645445429795,-33.976956894329625],[150.80631435429797,-33.97687939432962],[150.80557085429797,-33.977267494329624],[150.80454035429796,-33.977709694329626],[150.80439925429795,-33.97766199432962],[150.80405125429797,-33.977386094329624],[150.80436745429796,-33.97697439432962],[150.80433945429797,-33.976734994329625],[150.80441735429795,-33.97652749432962],[150.80412405429797,-33.97565549432962],[150.80400945429795,-33.97477209432962],[150.80348605429796,-33.974403194329625],[150.80335165429796,-33.974146594329625],[150.80346615429795,-33.973909994329624],[150.80372365429795,-33.973661294329624],[150.80372695429796,-33.973556894329626],[150.80338745429796,-33.973579894329625],[150.80328245429797,-33.973517994329626],[150.80323695429797,-33.97326329432963],[150.80309865429797,-33.97312609432962],[150.80317565429797,-33.97294839432963],[150.80318315429795,-33.97270969432962],[150.80292635429797,-33.97237589432962],[150.80291325429795,-33.972226394329624],[150.80277215429797,-33.97217869432962]],[[150.79971075429796,-33.97480479432962],[150.79988795429796,-33.97483819432962],[150.79988455429796,-33.974942594329626],[150.79942135429795,-33.974933294329624],[150.79942415429795,-33.97484379432962],[150.79971075429796,-33.97480479432962]],[[150.80028705429797,-33.97462229432962],[150.80042965429797,-33.974625194329626],[150.80042685429797,-33.97471469432963],[150.80035465429796,-33.974743094329625],[150.80028425429796,-33.97471189432962],[150.80028705429797,-33.97462229432962]],[[150.79989695429796,-33.974554694329626],[150.79996735429796,-33.97458599432962],[150.79996395429797,-33.97469039432962],[150.79987385429797,-33.97471849432962],[150.79980365429796,-33.974687194329626],[150.79978815429797,-33.97461219432962],[150.79989695429796,-33.974554694329626]]]}},{"type":"Feature","properties":{"zone":"SP2","name":"Infrastructure","description":"SP2 Infrastructure \u2014 roads, drainage and other public infrastructure","fill":"#ffff70","fill-opacity":0.7,"source":"Leppington Precinct - South West Growth Centre Land Zoning Map, State Environmental Planning Policy (Sydney Region Growth Centres) 2006, NSW Planning & Environment"},"geometry":{"type":"Polygon","coordinates":[[[150.81423315429797,-33.96897569432962],[150.81342745429797,-33.97019889432963],[150.81331875429797,-33.970256394329624],[150.81315975429797,-33.970208394329624],[150.81297295429798,-33.97047339432962],[150.81228395429795,-33.970832794329624],[150.81196495429796,-33.97133409432963],[150.81201345429795,-33.97205179432962],[150.81152495429797,-33.972833294329625],[150.81152255429797,-33.972907994329624],[150.81133775429797,-33.97311329432962],[150.81143855429795,-33.97330949432963],[150.81085625429796,-33.974238394329625],[150.81005965429796,-33.97517799432963],[150.80995125429797,-33.97522069432962],[150.80961935429795,-33.97500479432962],[150.80930595429797,-33.97532709432962],[150.80928535429797,-33.97541629432963],[150.80915775429796,-33.97550329432963],[150.80920925429797,-33.975563994329626],[150.80916885429795,-33.97571259432962],[150.80937845429796,-33.97585119432962],[150.80939305429797,-33.975955994329624],[150.80924755429797,-33.97604269432962],[150.80901965429797,-33.97591859432963],[150.80893005429797,-33.975931694329624],[150.80887425429796,-33.97600519432962],[150.80901595429796,-33.97603799432962],[150.80901255429796,-33.97614249432962],[150.80894035429796,-33.976170794329626],[150.80874575429797,-33.976122194329626],[150.80861865429796,-33.97619419432962],[150.80861715429796,-33.97623899432963],[150.80879395429795,-33.976287394329624],[150.80892015429797,-33.97624509432963],[150.80899055429796,-33.97627639432962],[150.80898755429797,-33.976365894329625],[150.80891535429797,-33.976394394329624],[150.80879205429795,-33.976346994329624],[150.80868375429796,-33.976389694329626],[150.80758505429796,-33.97729329432963],[150.80433785429796,-33.979034594329626],[150.80386735429795,-33.979249094329624],[150.80363375429795,-33.97930399432963],[150.80352205429796,-33.97945119432963],[150.80254325429797,-33.979953894329626],[150.80247285429797,-33.97992269432962],[150.80245975429796,-33.97977309432962],[150.80250535429795,-33.97946039432962],[150.80267145429795,-33.97928459432963],[150.80269445429795,-33.979120794329624],[150.80298575429796,-33.97893259432962],[150.80281275429797,-33.97876479432962],[150.80272365429795,-33.97876309432962],[150.80250405429797,-33.97893769432962],[150.80240925429797,-33.97911499432962],[150.80225205429795,-33.97957479432962],[150.80230365429796,-33.97963559432962],[150.80228345429796,-33.97970989432962],[150.80222945429796,-33.97972369432962],[150.80205295429795,-33.98022779432962],[150.80185225429796,-33.98037309432962],[150.80112855429797,-33.98070189432963],[150.79882405429797,-33.98195449432962],[150.79871615429795,-33.981982194329625],[150.79861065429796,-33.981935294329624],[150.79826185429795,-33.98168929432963],[150.79810235429795,-33.981656294329625],[150.79806855429797,-33.98159579432962],[150.79773515429795,-33.98142479432963],[150.79709885429796,-33.981247694329625],[150.79631665429795,-33.98117219432962],[150.79401815429796,-33.981110794329624],[150.79321895429797,-33.981005094329625],[150.79196175429797,-33.98072589432962],[150.79058585429797,-33.98025009432963],[150.79090515429797,-33.98086869432962],[150.79088445429795,-33.98095799432962],[150.79068705429796,-33.98099879432962],[150.79063065429796,-33.981087194329625],[150.79051185429796,-33.981458194329626],[150.79054275429797,-33.98160809432962],[150.79045135429797,-33.98168089432962],[150.79048185429795,-33.98184569432962],[150.79039165429796,-33.981873894329624],[150.79035315429797,-33.981962694329624],[150.79021185429795,-33.98248239432962],[150.79039015429797,-33.98248609432962],[150.79076765429795,-33.982389094329626],[150.79107535429796,-33.982245994329624],[150.79123295429795,-33.98233879432962],[150.79164835429796,-33.98273539432962],[150.79174955429795,-33.982916694329624],[150.79194855429796,-33.983950994329625],[150.79214505429798,-33.983940094329625],[150.79198315429795,-33.98286159432963],[150.79183085429796,-33.98260469432962],[150.79111945429796,-33.98197809432963],[150.79110465429795,-33.98188819432962],[150.79145945429795,-33.980820294329625],[150.79158655429796,-33.98074809432963],[150.79245215429796,-33.981004594329626],[150.79342725429797,-33.98118849432962],[150.79412035429797,-33.981262194329624],[150.79543855429796,-33.98130379432963],[150.79550895429796,-33.98133509432962],[150.79552445429798,-33.981410094329625],[150.79544835429797,-33.981557794329625],[150.79524765429795,-33.981703094329625],[150.79528135429797,-33.98176349432963],[150.79542385429795,-33.981766394329625],[150.79542105429798,-33.98185589432963],[150.79518895429797,-33.981866194329626],[150.79509375429797,-33.98205839432963],[150.79542515429796,-33.98228899432962],[150.79559025429796,-33.98214309432962],[150.79563025429798,-33.982009494329624],[150.79579345429795,-33.981923194329624],[150.79572405429795,-33.98186199432963],[150.79572695429798,-33.981772494329626],[150.79595945429796,-33.98174729432962],[150.79608855429797,-33.981615494329624],[150.79609035429797,-33.981555894329624],[150.79589865429796,-33.98141759432962],[150.79591885429795,-33.981343294329626],[150.79599105429796,-33.98131499432962],[150.79693515429796,-33.98134889432962],[150.79737725429797,-33.981462394329625],[150.79824015429796,-33.981808394329626],[150.79825565429798,-33.98188339432962],[150.79839535429795,-33.98197569432963],[150.79839345429795,-33.98203549432962],[150.79813825429795,-33.98220939432962],[150.79754215429796,-33.98245129432962],[150.79746655429796,-33.982584194329625],[150.79708145429797,-33.982919794329625],[150.79694385429795,-33.98332019432962],[150.79622905429795,-33.98393299432962],[150.79633255429798,-33.98403949432962],[150.79634755429797,-33.98412949432962],[150.79627395429796,-33.98420259432962],[150.79157765429795,-33.988333694329626],[150.79090965429796,-33.98915649432963],[150.79065395429797,-33.989345394329625],[150.79055675429797,-33.98959729432963],[150.78905695429796,-33.991343994329625],[150.78888995429796,-33.991549594329626],[150.78890625429796,-33.99159479432962],[150.78925845429796,-33.99173629432963],[150.78933115429797,-33.991692994329625],[150.79194865429795,-33.98844569432963],[150.79449115429796,-33.98643629432962],[150.79539275429795,-33.985558594329625],[150.79596085429796,-33.98507729432962],[150.79627005429796,-33.98488939432962],[150.79845465429796,-33.98291759432962],[150.79884025429797,-33.982567094329625],[150.79893455429797,-33.982404694329624],[150.80151915429795,-33.980754594329625],[150.80157545429796,-33.98066609432962],[150.80220775429797,-33.98041019432962],[150.80799685429795,-33.97724189432962],[150.80903865429795,-33.97644159432962],[150.80907865429796,-33.97630799432962],[150.80929675429797,-33.976177994329625],[150.80972095429797,-33.97573869432962],[150.80972225429795,-33.97569389432962],[150.80959945429797,-33.97563169432962],[150.80961965429796,-33.97555739432963],[150.80970965429796,-33.97552939432963],[150.80981515429795,-33.97557629432962],[150.80990615429795,-33.975518394329626],[150.81090685429797,-33.974328994329625],[150.81269035429796,-33.97151299432962],[150.81256795429798,-33.97143589432962],[150.81238785429795,-33.971491994329625],[150.81231745429795,-33.97146069432962],[150.81232085429795,-33.97135619432962],[150.81248265429795,-33.97131459432963],[150.81257035429797,-33.971361194329624],[150.81266085429797,-33.971318194329626],[150.81280295429795,-33.97133609432962],[150.81284145429797,-33.97124719432962],[150.81264585429795,-33.97122839432962],[150.81261315429796,-33.971137994329624],[150.81273975429795,-33.971080894329624],[150.81295265429796,-33.971115094329626],[150.81433865429796,-33.96902259432962],[150.81432225429796,-33.96897749432962],[150.81423315429797,-33.96897569432962]],[[150.79801285429795,-33.98278929432962],[150.79815545429796,-33.982792194329626],[150.79815265429795,-33.98288169432962],[150.79808035429795,-33.982910094329625],[150.79801005429798,-33.98287879432962],[150.79801285429795,-33.98278929432962]],[[150.79760445429795,-33.98273629432963],[150.79769205429795,-33.98278279432962],[150.79781835429796,-33.982740494329626],[150.79788865429796,-33.98277179432962],[150.79788535429796,-33.98287629432962],[150.79745755429795,-33.98286769432963],[150.79746045429795,-33.982778094329625],[150.79760445429795,-33.98273629432963]],[[150.79786145429796,-33.98250249432962],[150.79796705429797,-33.982549394329624],[150.79796415429797,-33.982638894329625],[150.79789185429797,-33.982667394329624],[150.79776815429796,-33.98263509432962],[150.79777145429796,-33.98253049432962],[150.79786145429796,-33.98250249432962]],[[150.79081385429797,-33.981493994329625],[150.79091935429796,-33.98154099432963],[150.79091655429795,-33.98163059432962],[150.79084435429797,-33.98165899432962],[150.79072055429796,-33.981626594329626],[150.79070515429797,-33.981551694329625],[150.79081385429797,-33.981493994329625]],[[150.80936955429797,-33.97556729432962],[150.80951225429797,-33.97557019432963],[150.80950935429797,-33.97565969432962],[150.80943715429797,-33.97568809432963],[150.80936675429797,-33.97565679432962],[150.80936955429797,-33.97556729432962]],[[150.80939505429797,-33.97532889432962],[150.80953765429797,-33.975331694329626],[150.80953475429797,-33.97542119432963],[150.80946255429797,-33.975449694329626],[150.80939215429797,-33.97541839432962],[150.80939505429797,-33.97532889432962]]]}},{"type":"Feature","properties":{"zone":"SP2","name":"Infrastructure","description":"SP2 Infrastructure \u2014 roads, drainage and other public infrastructure","fill":"#ffff70","fill-opacity":0.7,"source":"Leppington Precinct - South West Growth Centre Land Zoning Map, State Environmental Planning Policy (Sydney Region Growth Centres) 2006, NSW Planning & Environment"},"geometry":{"type":"Polygon","coordinates":[[[150.78714545429796,-33.967846294329625],[150.78635095429797,-33.968158694329624],[150.78636685429797,-33.96821879432962],[150.78647285429795,-33.96825079432963],[150.78676415429797,-33.96806259432962],[150.78715945429795,-33.967966094329626],[150.78714545429796,-33.967846294329625]]]}},{"type":"Feature","properties":{"zone":"SP2","name":"Infrastructure","description":"SP2 Infrastructure \u2014 roads, drainage and other public infrastructure","fill":"#ffff70","fill-opacity":0.7,"source":"Leppington Precinct - South West Growth Centre Land Zoning Map, State Environmental Planning Policy (Sydney Region Growth Centres) 2006, NSW Planning & Environment"},"geometry":{"type":"Polygon","coordinates":[[[150.78053875429796,-33.96699609432962],[150.78051855429797,-33.96707029432962],[150.78060575429797,-33.967131794329624],[150.78081815429798,-33.96718089432962],[150.78075065429798,-33.967060094329625],[150.78053875429796,-33.96699609432962]]]}},{"type":"Feature","properties":{"zone":"SP2","name":"Infrastructure","description":"SP2 Infrastructure \u2014 roads, drainage and other public infrastructure","fill":"#ffff70","fill-opacity":0.7,"source":"Leppington Precinct - South West Growth Centre Land Zoning Map, State Environmental Planning Policy (Sydney Region Growth Centres) 2006, NSW Planning & Environment"},"geometry":{"type":"Polygon","coordinates":[[[150.81233465429796,-33.96754869432962],[150.81126835429797,-33.96855749432962],[150.81124815429797,-33.96863169432962],[150.81138925429795,-33.96867939432963],[150.81183075429797,-33.96825529432962],[150.81190675429795,-33.96810739432962],[150.81208785429797,-33.968021494329626],[150.81235325429796,-33.96808659432963],[150.81269895429796,-33.967869494329626],[150.81259625429797,-33.967733094329624],[150.81233465429796,-33.96754869432962]]]}},{"type":"Feature","properties":{"zone":"SP2","name":"Infrastructure","description":"SP2 Infrastructure \u2014 roads, drainage and other public infrastructure","fill":"#ffff70","fill-opacity":0.7,"source":"Leppington Precinct - South West Growth Centre Land Zoning Map, State Environmental Planning Policy (Sydney Region Growth Centres) 2006, NSW Planning & Environment"},"geometry":{"type":"Polygon","coordinates":[[[150.80835665429797,-33.96478039432962],[150.80743665429796,-33.96567279432962],[150.80732465429796,-33.96583469432962],[150.80887745429797,-33.96691139432962],[150.80889295429796,-33.96698639432962],[150.80746535429796,-33.96870459432962],[150.80735175429797,-33.96891139432962],[150.80715005429795,-33.96908649432962],[150.80711015429796,-33.96922009432962],[150.80696475429795,-33.969306794329626],[150.80564875429795,-33.970877994329626],[150.80542145429797,-33.97185889432962],[150.80475865429796,-33.97251749432962],[150.80484485429795,-33.97260879432962],[150.80556215429797,-33.97192149432962],[150.80578995429795,-33.97092559432962],[150.80701295429796,-33.96947199432962],[150.80701535429796,-33.969397394329626],[150.80716125429797,-33.969295794329625],[150.80721945429795,-33.96914759432963],[150.80730955429797,-33.96911959432963],[150.80997895429797,-33.965918194329625],[150.80991105429797,-33.96581229432962],[150.80921385429795,-33.965305394329626],[150.80844575429796,-33.96478219432962],[150.80835665429797,-33.96478039432962]],[[150.80847825429797,-33.96600739432962],[150.80872775429796,-33.966012394329624],[150.80872485429796,-33.96610199432963],[150.80847545429796,-33.966096894329624],[150.80847825429797,-33.96600739432962]],[[150.80909175429795,-33.965780894329626],[150.80923435429796,-33.96578369432962],[150.80923135429796,-33.965873194329625],[150.80915915429796,-33.965901694329624],[150.80908885429795,-33.96587039432962],[150.80909175429795,-33.965780894329626]],[[150.80871895429797,-33.965728494329625],[150.80882445429796,-33.965775394329626],[150.80882155429796,-33.96586499432962],[150.80855425429797,-33.96585949432962],[150.80855705429795,-33.96576999432963],[150.80871895429797,-33.965728494329625]]]}},{"type":"Feature","properties":{"zone":"SP2","name":"Infrastructure","description":"SP2 Infrastructure \u2014 roads, drainage and other public infrastructure","fill":"#ffff70","fill-opacity":0.7,"source":"Leppington Precinct - South West Growth Centre Land Zoning Map, State Environmental Planning Policy (Sydney Region Growth Centres) 2006, NSW Planning & Environment"},"geometry":{"type":"Polygon","coordinates":[[[150.80774805429797,-33.96429029432962],[150.80749005429797,-33.964553794329625],[150.80773665429797,-33.96464839432962],[150.80798715429796,-33.96462359432962],[150.80814565429796,-33.96468649432963],[150.80818415429798,-33.964597694329626],[150.80793795429796,-33.96448829432963],[150.80788775429795,-33.96438269432962],[150.80774805429797,-33.96429029432962]]]}},{"type":"Feature","properties":{"zone":"SP2","name":"Infrastructure","description":"SP2 Infrastructure \u2014 roads, drainage and other public infrastructure","fill":"#ffff70","fill-opacity":0.7,"source":"Leppington Precinct - South West Growth Centre Land Zoning Map, State Environmental Planning Policy (Sydney Region Growth Centres) 2006, NSW Planning & Environment"},"geometry":{"type":"Polygon","coordinates":[[[150.80625805429796,-33.962916294329624],[150.80614965429797,-33.962958894329624],[150.80618295429795,-33.963034294329624],[150.80637665429796,-33.963112794329625],[150.80644455429797,-33.963218694329626],[150.80736875429795,-33.963879494329625],[150.80752865429795,-33.96389759432962],[150.80765865429797,-33.963735994329625],[150.80760805429796,-33.96364529432962],[150.80664875429795,-33.96296889432963],[150.80652495429797,-33.962936594329626],[150.80638085429797,-33.962978494329626],[150.80625805429796,-33.962916294329624]]]}},{"type":"Feature","properties":{"zone":"SP2","name":"Infrastructure","description":"SP2 Infrastructure \u2014 roads, drainage and other public infrastructure","fill":"#ffff70","fill-opacity":0.7,"source":"Leppington Precinct - South West Growth Centre Land Zoning Map, State Environmental Planning Policy (Sydney Region Growth Centres) 2006, NSW Planning & Environment"},"geometry":{"type":"Polygon","coordinates":[[[150.80961715429797,-33.95765319432962],[150.80957765429795,-33.957771794329624],[150.80963065429796,-33.95778789432963],[150.80964525429795,-33.95789269432962],[150.80960765429796,-33.95795169432962],[150.80964925429797,-33.958325794329625],[150.80959755429797,-33.958832394329626],[150.80944025429795,-33.95929219432962],[150.80917565429797,-33.95976469432962],[150.80632145429797,-33.962603894329625],[150.80612165429795,-33.962719394329625],[150.80605135429795,-33.96268809432962],[150.80598195429795,-33.962626994329625],[150.80602085429797,-33.96252329432962],[150.80595145429797,-33.962462094329624],[150.80500895429796,-33.961815894329625],[150.80478955429797,-33.96199059432962],[150.80478805429797,-33.962035394329625],[150.80586935429795,-33.962803894329625],[150.80617225429796,-33.962809994329625],[150.80625995429796,-33.96285649432962],[150.80640385429797,-33.96281469432962],[150.80659955429797,-33.962833594329624],[150.80686135429795,-33.962450594329624],[150.80945845429795,-33.95984509432962],[150.80979905429797,-33.95922479432962],[150.80994135429796,-33.95867519432962],[150.80995645429797,-33.958197594329626],[150.80987685429795,-33.95789729432963],[150.80989985429795,-33.957733494329624],[150.80984835429797,-33.957672794329625],[150.80961715429797,-33.95765319432962]]]}},{"type":"Feature","properties":{"zone":"SP2","name":"Infrastructure","description":"SP2 Infrastructure \u2014 roads, drainage and other public infrastructure","fill":"#ffff70","fill-opacity":0.7,"source":"Leppington Precinct - South West Growth Centre Land Zoning Map, State Environmental Planning Policy (Sydney Region Growth Centres) 2006, NSW Planning & Environment"},"geometry":{"type":"Polygon","coordinates":[[[150.79183535429797,-33.95548729432962],[150.79161525429797,-33.95567689432962],[150.79152525429797,-33.95570489432962],[150.79133255429795,-33.955596494329626],[150.79111305429797,-33.95577129432962],[150.78950955429795,-33.957411394329625],[150.78910135429797,-33.95791079432962],[150.78897425429795,-33.957982994329626],[150.78889635429798,-33.95819039432963],[150.78875285429797,-33.95821739432962],[150.78723885429795,-33.95984429432962],[150.78700205429797,-33.96000379432962],[150.78583215429796,-33.95921859432963],[150.78561975429795,-33.95916949432962],[150.78557005429795,-33.95904909432962],[150.78534215429795,-33.95892499432962],[150.78525775429796,-33.958773894329624],[150.78533425429796,-33.95861119432963],[150.78646065429797,-33.95739459432962],[150.78655505429796,-33.95723229432962],[150.78641525429796,-33.95713979432962],[150.78627085429795,-33.95719659432962],[150.78567585429795,-33.95684119432963],[150.78536385429797,-33.95711859432962],[150.78488435429796,-33.95761659432962],[150.78489985429798,-33.957691594329624],[150.78547615429795,-33.958076594329626],[150.78543375429797,-33.95828479432962],[150.78524705429797,-33.95854979432962],[150.78504675429795,-33.95868009432962],[150.78441795429796,-33.958264294329624],[150.78432975429797,-33.95823249432962],[150.78423795429796,-33.958320294329624],[150.78561695429795,-33.95925899432962],[150.78582885429796,-33.959322994329625],[150.78584375429796,-33.959412894329624],[150.78689175429795,-33.960106094329625],[150.78690635429797,-33.96021089432963],[150.78665065429797,-33.960399894329626],[150.78618945429795,-33.960883294329626],[150.78613225429797,-33.96100159432962],[150.78515795429797,-33.96192269432962],[150.78233745429796,-33.96482239432962],[150.78242375429795,-33.964913794329625],[150.78262495429797,-33.96475349432962],[150.78447005429797,-33.96280479432962],[150.78712015429795,-33.96021519432962],[150.78863355429797,-33.958603194329626],[150.78878375429795,-33.958367294329626],[150.78915055429798,-33.95804629432963],[150.78919055429796,-33.95791259432962],[150.78937195429796,-33.95781169432962],[150.79046125429795,-33.956639094329624],[150.79053365429797,-33.95661079432963],[150.79065635429797,-33.95667299432962],[150.79177325429796,-33.95744219432962],[150.79176525429796,-33.957695894329625],[150.79157375429796,-33.958109994329625],[150.79148735429797,-33.95858619432963],[150.79131225429796,-33.95904559432962],[150.79131115429797,-33.959642794329625],[150.79117075429795,-33.960132794329624],[150.79093195429797,-33.96035199432962],[150.79090895429798,-33.96051579432962],[150.79022405429797,-33.961308194329625],[150.79018775429796,-33.96188989432962],[150.79060685429795,-33.96216719432962],[150.79094175429796,-33.96229339432962],[150.79094725429798,-33.962681694329625],[150.79078675429795,-33.96267849432962],[150.79050785429797,-33.962478694329626],[150.78986415429796,-33.96309289432963],[150.78938025429795,-33.96317269432962],[150.78909555429797,-33.96315209432962],[150.78911715429797,-33.96303299432962],[150.78987245429795,-33.962271794329624],[150.78847615429797,-33.961317794329624],[150.78538315429796,-33.964376194329624],[150.78559135429796,-33.96455959432962],[150.78569775429796,-33.96457669432962],[150.78680405429796,-33.96343429432962],[150.78704235429797,-33.96322999432962],[150.78740395429796,-33.96307299432962],[150.78755035429796,-33.962956594329626],[150.78859725429797,-33.963679494329625],[150.78885205429796,-33.96352039432962],[150.78960235429795,-33.963475894329626],[150.79068155429798,-33.96318409432963],[150.79075195429797,-33.96321539432962],[150.79090335429797,-33.96350209432963],[150.79068005429795,-33.963796294329626],[150.79038855429795,-33.964551994329625],[150.79054145429797,-33.964793994329625],[150.79052995429797,-33.965152194329626],[150.79077095429795,-33.965425794329626],[150.79075295429797,-33.965992894329624],[150.79096955429796,-33.96647499432962],[150.79076735429797,-33.96666509432962],[150.78948205429796,-33.96895369432962],[150.78939155429796,-33.968996694329626],[150.78891325429797,-33.96889739432962],[150.78764065429797,-33.967975694329624],[150.78737715429796,-33.96785099432962],[150.78747845429797,-33.96803219432962],[150.78761955429798,-33.96807989432963],[150.78777465429795,-33.96824719432962],[150.78925735429797,-33.96929259432962],[150.78884065429796,-33.970060694329625],[150.78873185429796,-33.97011819432962],[150.78862635429797,-33.97007129432962],[150.78808615429796,-33.969672094329624],[150.78789205429797,-33.96960849432963],[150.78630965429795,-33.97114449432962],[150.78632555429797,-33.971204494329626],[150.78751145429797,-33.97204969432963],[150.78779465429795,-33.972115194329625],[150.78877385429797,-33.97047749432962],[150.78886395429797,-33.97044939432963],[150.78896955429795,-33.97049639432962],[150.78996865429795,-33.97103919432963],[150.78994755429795,-33.97114319432962],[150.78965245429796,-33.97145089432962],[150.78948115429796,-33.97179089432962],[150.78952755429796,-33.97201569432962],[150.78980605429797,-33.97223039432962],[150.78982195429796,-33.97229049432963],[150.78975245429797,-33.972796794329625],[150.78963505429797,-33.97312299432962],[150.78957785429796,-33.973241294329625],[150.78939915429797,-33.97325259432962],[150.78934385429795,-33.973311194329625],[150.78933105429797,-33.973714194329624],[150.78942705429796,-33.97405949432962],[150.78939125429795,-33.97462619432962],[150.78931515429795,-33.974774094329625],[150.78933115429797,-33.97483409432962],[150.78950885429796,-33.974852594329626],[150.78950605429796,-33.97494209432963],[150.78909615429797,-33.974933894329624],[150.78788915429797,-33.974192794329625],[150.78727705429796,-33.97437439432962],[150.78689315429796,-33.97411289432962],[150.78682145429795,-33.97412629432962],[150.78678335429797,-33.97420029432963],[150.78678095429797,-33.974274894329625],[150.78716405429796,-33.97456629432963],[150.78728885429797,-33.97456879432962],[150.78786485429796,-33.974401294329624],[150.78884475429797,-33.97498859432962],[150.78918055429796,-33.975084894329626],[150.78917775429795,-33.97517439432962],[150.78811375429797,-33.976108594329624],[150.78800205429795,-33.976255794329624],[150.78801705429797,-33.97634559432962],[150.78808835429797,-33.976346994329624],[150.78874985429798,-33.97573329432962],[150.78902275429797,-33.97555949432962],[150.78923715429795,-33.97554889432963],[150.78948045429797,-33.97574799432962],[150.78967825429797,-33.97625969432963],[150.78966925429796,-33.97654319432962],[150.78901825429796,-33.976828694329626],[150.78903365429795,-33.97690369432962],[150.78931215429796,-33.97711839432962],[150.78943075429797,-33.97731489432962],[150.78944105429795,-33.977553994329625],[150.78927015429795,-33.97787909432962],[150.78925835429797,-33.97825219432962],[150.78950875429797,-33.97822739432962],[150.78951925429797,-33.97789909432962],[150.78972065429795,-33.977171494329625],[150.78986315429796,-33.97717429432962],[150.78999955429796,-33.97737119432962],[150.79032875429797,-33.97767649432962],[150.79014105429795,-33.97797129432962],[150.78955795429798,-33.978362694329626],[150.78971125429797,-33.97858979432962],[150.79000205429796,-33.97841649432962],[150.79033145429796,-33.97815439432962],[150.79064575429797,-33.97780229432962],[150.79075415429796,-33.97775979432962],[150.79082435429797,-33.977791094329625],[150.79085295429797,-33.97801559432963],[150.79108275429797,-33.978079894329625],[150.79146815429797,-33.97829679432962],[150.79178905429796,-33.97830329432962],[150.79220505429797,-33.978117494329624],[150.79266975429798,-33.97808219432962],[150.79312125429797,-33.97846459432962],[150.79326435429797,-33.97845249432962],[150.79274485429795,-33.97796419432962],[150.79208305429796,-33.97802549432962],[150.79166755429796,-33.97819629432962],[150.79107105429796,-33.97788569432962],[150.79105655429797,-33.977780794329625],[150.79088545429795,-33.977553294329624],[150.79087005429795,-33.97747839432962],[150.79115865429796,-33.976812194329625],[150.79138545429797,-33.97584619432963],[150.79187335429796,-33.97507959432962],[150.79242365429795,-33.974597794329625],[150.79280505429796,-33.97438159432962],[150.79282665429795,-33.97426249432962],[150.79323795429795,-33.97422599432962],[150.79455255429795,-33.973819594329626],[150.79540255429797,-33.973448494329624],[150.79596685429797,-33.97308659432962],[150.79660865429796,-33.97253209432962],[150.80179945429796,-33.967425494329625],[150.80187175429796,-33.967396994329626],[150.80210145429797,-33.967461494329626],[150.80220695429796,-33.96750839432963],[150.80222195429795,-33.967598194329625],[150.80218255429796,-33.96771689432963],[150.80169045429795,-33.96805039432962],[150.80157265429796,-33.96839149432962],[150.80157905429797,-33.96874999432962],[150.80167605429796,-33.96906559432962],[150.80167545429796,-33.969647894329626],[150.80003435429796,-33.97022699432962],[150.79896605429795,-33.971295594329625],[150.79905235429797,-33.971386894329626],[150.79914155429796,-33.971388594329625],[150.80020875429796,-33.970349994329624],[150.80116465429796,-33.970010894329626],[150.80219335429797,-33.97074849432963],[150.80225375429796,-33.971093094329625],[150.80259405429797,-33.97160769432963],[150.80258985429796,-33.971741994329626],[150.80267415429796,-33.97189309432962],[150.80263275429797,-33.972071394329625],[150.80280955429797,-33.97211979432962],[150.80295415429796,-33.972062994329626],[150.80295645429797,-33.97198829432963],[150.80286885429797,-33.971941794329624],[150.80289035429797,-33.971822794329626],[150.80259085429796,-33.971144694329624],[150.80256285429797,-33.970905194329625],[150.80242555429797,-33.97073819432963],[150.80233035429796,-33.970362894329625],[150.80212505429796,-33.970089994329626],[150.80213075429796,-33.969910994329624],[150.80199145429796,-33.969803594329626],[150.80187435429795,-33.96956239432962],[150.80187395429797,-33.96900979432962],[150.80177945429796,-33.968619594329624],[150.80178795429796,-33.96835109432963],[150.80188365429797,-33.96814399432962],[150.80226405429795,-33.967957494329625],[150.80241285429796,-33.96776639432962],[150.80252015429795,-33.96775359432962],[150.80286855429796,-33.96801449432962],[150.80306355429795,-33.96804839432962],[150.80546945429796,-33.96978419432963],[150.80558115429795,-33.96963719432962],[150.80347065429797,-33.968146094329626],[150.80291325429795,-33.96773159432962],[150.80280905429797,-33.96763999432962],[150.80281105429796,-33.96758019432962],[150.80315955429796,-33.96727379432962],[150.80359245429796,-33.96711819432962],[150.80508435429797,-33.965625194329625],[150.80541315429795,-33.96537799432962],[150.80629805429797,-33.965589994329626],[150.80746605429798,-33.96643479432962],[150.80761235429796,-33.966318394329626],[150.80639285429797,-33.96541279432962],[150.80579115429796,-33.96526609432962],[150.80538315429797,-33.965198294329625],[150.80523965429796,-33.965225194329626],[150.80455795429796,-33.96591319432962],[150.80433945429797,-33.96605819432963],[150.80416455429796,-33.96595009432962],[150.80380395429796,-33.96550979432963],[150.80386175429797,-33.965376494329625],[150.80610645429798,-33.96319689432963],[150.80610795429797,-33.96315209432962],[150.80600045429796,-33.96316489432962],[150.80584295429796,-33.96307219432963],[150.80348705429796,-33.96538389432963],[150.80336085429795,-33.96542619432962],[150.80329055429797,-33.96539489432963],[150.80317235429797,-33.96518349432962],[150.80304995429796,-33.96510629432962],[150.80281975429796,-33.96505679432963],[150.80266595429796,-33.96484469432962],[150.80266935429796,-33.96474019432962],[150.80287765429796,-33.964356194329625],[150.80302545429797,-33.96419489432962],[150.80299355429796,-33.964074794329626],[150.80288955429796,-33.96398309432962],[150.80289325429797,-33.963863694329625],[150.80318405429796,-33.963690394329625],[150.80341535429795,-33.963709994329626],[150.80339985429796,-33.963634994329624],[150.80280715429797,-33.96320499432962],[150.80280955429797,-33.96313029432962],[150.80304825429795,-33.96291109432963],[150.80346315429796,-33.96220279432962],[150.80351725429796,-33.96162149432963],[150.80370155429796,-33.961431094329626],[150.80260445429795,-33.96060259432962],[150.80246425429797,-33.960525094329626],[150.80237465429795,-33.96053819432962],[150.80143545429797,-33.96147499432962],[150.80211485429797,-33.96198139432963],[150.80211855429795,-33.962429494329626],[150.80223755429796,-33.962611094329624],[150.80243435429796,-33.96315269432962],[150.80255335429797,-33.96333429432963],[150.80288395429795,-33.96359479432962],[150.80288215429798,-33.96365439432962],[150.80267995429796,-33.96384449432962],[150.80267605429796,-33.96396389432962],[150.80279475429796,-33.964160394329625],[150.80259295429795,-33.964335494329625],[150.80134695429797,-33.964265494329624],[150.80111905429797,-33.964141494329624],[150.80030845429795,-33.96496139432963],[150.79999735429797,-33.96520889432962],[150.79866015429795,-33.965764294329624],[150.79888745429795,-33.96590329432962],[150.80036825429795,-33.96532099432962],[150.80044575429795,-33.965128394329625],[150.80116155429795,-33.964485794329626],[150.80233685429795,-33.96453949432962],[150.80247805429795,-33.96458699432962],[150.80241555429797,-33.964869494329626],[150.80248115429796,-33.965049994329625],[150.80265415429795,-33.965217794329625],[150.80305745429797,-33.965434894329626],[150.80307095429797,-33.96556969432962],[150.80313985429797,-33.96564569432962],[150.80311875429797,-33.965749794329625],[150.80249385429795,-33.96633449432962],[150.80238175429795,-33.966496494329625],[150.80199755429797,-33.966802294329625],[150.80114985429796,-33.967666194329624],[150.80104095429797,-33.96772369432962],[150.79868675429796,-33.96604849432963],[150.79856065429797,-33.966090794329624],[150.79736335429797,-33.967291094329624],[150.79968255429796,-33.96895069432962],[150.79973455429797,-33.96899649432962],[150.79971385429795,-33.96908559432963],[150.79625355429795,-33.972480094329626],[150.79555845429798,-33.97303349432963],[150.79466995429797,-33.97349339432962],[150.79376945429797,-33.973773894329625],[150.79362405429796,-33.97386049432962],[150.79321125429797,-33.973941794329626],[150.79292005429795,-33.97412999432962],[150.79265125429797,-33.97416949432962],[150.79223385429796,-33.97439989432962],[150.79184965429795,-33.97470579432962],[150.79142365429797,-33.97520489432962],[150.79112095429795,-33.975751194329625],[150.79083645429796,-33.976850594329626],[150.79064355429796,-33.977309494329624],[150.79047885429796,-33.97744059432962],[150.79033725429795,-33.97740789432962],[150.79019995429798,-33.977240794329624],[150.79027825429796,-33.977018394329626],[150.79025455429797,-33.97664459432962],[150.79003085429795,-33.97638629432962],[150.78996715429795,-33.97614609432962],[150.78974405429796,-33.975872794329625],[150.78968225429796,-33.97557289432962],[150.78970375429796,-33.975453794329624],[150.78977605429796,-33.97542549432962],[150.79005735429797,-33.975550594329626],[150.79003925429797,-33.97499769432962],[150.79030715429795,-33.974420794329625],[150.79048655429796,-33.97382699432962],[150.79044535429796,-33.97343799432962],[150.79021375429795,-33.973433294329624],[150.78998435429796,-33.97335409432962],[150.78982595429795,-33.973291094329625],[150.78981055429796,-33.97321619432962],[150.78992355429796,-33.973024194329625],[150.79005135429796,-33.972369894329624],[150.78997025429797,-33.97211429432962],[150.78967345429797,-33.97191419432962],[150.78967585429797,-33.97183959432962],[150.78976735429796,-33.971766794329625],[150.78982605429798,-33.97160369432962],[150.79002765429797,-33.97142859432962],[150.79019805429797,-33.97111839432962],[150.79017085429797,-33.970849194329624],[150.79003595429796,-33.970607394329626],[150.79005055429795,-33.97014489432962],[150.79019315429795,-33.970147694329626],[150.79071785429795,-33.97047189432963],[150.79254915429797,-33.970643294329626],[150.79269225429798,-33.97063129432962],[150.79269465429797,-33.97055659432962],[150.79264485429798,-33.97043619432962],[150.79083095429797,-33.97027999432962],[150.79007835429798,-33.96983179432962],[150.78992455429795,-33.96961969432962],[150.78993405429796,-33.96932119432962],[150.79014005429795,-33.96901169432962],[150.79030065429797,-33.968447594329625],[150.79064055429797,-33.96840969432962],[150.79117525429797,-33.96842049432962],[150.79129855429795,-33.968467694329625],[150.79247615429796,-33.96844679432962],[150.79242805429797,-33.96828139432962],[150.79119635429797,-33.968316294329625],[150.79109045429797,-33.96828429432962],[150.79108395429796,-33.967925794329624],[150.79212655429797,-33.96766309432962],[150.79196295429796,-33.966076994329626],[150.79196725429796,-33.96594269432963],[150.79204135429796,-33.96585459432962],[150.79195365429797,-33.96580799432962],[150.79195695429797,-33.965703594329625],[150.79307855429795,-33.96463619432962],[150.79337465429796,-33.96429869432962],[150.79341405429795,-33.964179994329626],[150.79363215429797,-33.96405009432962],[150.79832625429796,-33.95942609432962],[150.79843515429795,-33.959368594329625],[150.79859405429795,-33.959416594329625],[150.79919965429795,-33.95887629432962],[150.79986975429796,-33.959113894329626],[150.80001615429796,-33.95899729432962],[150.79996455429796,-33.95893659432962],[150.79998475429795,-33.95886229432963],[150.80007475429795,-33.95883429432963],[150.79993555429797,-33.95872699432962],[150.79970435429797,-33.95870729432962],[150.79972695429797,-33.95855849432962],[150.79942865429797,-33.958403094329626],[150.79936025429797,-33.95831209432962],[150.79925285429798,-33.95832489432962],[150.79908535429797,-33.95854549432963],[150.79884805429796,-33.958719894329626],[150.79882735429797,-33.958809094329624],[150.79868235429797,-33.95888079432962],[150.79858855429796,-33.959028194329626],[150.79844315429796,-33.95911489432962],[150.79702635429797,-33.960489894329626],[150.79338125429797,-33.964089794329624],[150.79327055429795,-33.96420699432962],[150.79324945429795,-33.964311094329624],[150.79312325429797,-33.96435339432962],[150.79172345429797,-33.96575859432962],[150.79156015429797,-33.96584489432962],[150.79098385429796,-33.965459894329626],[150.79093515429796,-33.965309694329626],[150.79081415429795,-33.96518769432962],[150.79074695429796,-33.96449939432962],[150.79095145429795,-33.96423479432963],[150.79093885429796,-33.96407029432962],[150.79085065429797,-33.96403859432962],[150.79085585429797,-33.96387449432962],[150.79098495429795,-33.963742694329625],[150.79118415429795,-33.96364219432962],[150.79116975429795,-33.96353739432963],[150.79098175429797,-33.96327979432962],[150.79116535429796,-33.962551694329626],[150.79147255429797,-33.96242349432963],[150.79191875429797,-33.96185019432962],[150.79196005429796,-33.961671794329625],[150.79201045429795,-33.96120999432962],[150.79113925429797,-33.960565194329625],[150.79114295429795,-33.96044579432962],[150.79138325429795,-33.96018189432962],[150.79153875429796,-33.95921429432963],[150.79161335429797,-33.959111294329624],[150.79158335429796,-33.95893159432963],[150.79184775429798,-33.95790649432963],[150.79198055429796,-33.957655294329626],[150.79219675429798,-33.95758509432962],[150.79273785429797,-33.957954394329626],[150.79319685429797,-33.95809799432963],[150.79320855429796,-33.958292394329625],[150.79350445429796,-33.95852239432963],[150.79375165429795,-33.95860199432963],[150.79396685429796,-33.95856159432962],[150.79431855429797,-33.958718094329626],[150.79442595429796,-33.958705294329626],[150.79444665429796,-33.95861599432963],[150.79402515429797,-33.958413394329625],[150.79379205429797,-33.958453594329626],[150.79359735429796,-33.958404794329624],[150.79338865429796,-33.95823629432962],[150.79343145429797,-33.958013194329624],[150.79337985429797,-33.957952394329624],[150.79327445429797,-33.95790549432962],[150.79298915429797,-33.957899694329626],[150.79246415429796,-33.95759049432962],[150.79250255429795,-33.95750169432962],[150.79270045429797,-33.957445894329624],[150.79273635429797,-33.95687919432962],[150.79315905429797,-33.95648459432962],[150.79317925429797,-33.95641029432962],[150.79183535429797,-33.95548729432962]],[[150.78941315429796,-33.97505969432962],[150.78950085429796,-33.97510629432962],[150.78959135429795,-33.97506329432962],[150.78971565429796,-33.97508079432962],[150.78976625429797,-33.97517139432962],[150.78958565429795,-33.97524239432963],[150.78946285429797,-33.975180194329624],[150.78940845429796,-33.97520899432963],[150.78933805429796,-33.97517769432962],[150.78934085429796,-33.97508809432962],[150.78941315429796,-33.97505969432962]],[[150.78711535429795,-33.97104119432962],[150.78731145429796,-33.971045194329626],[150.78730865429796,-33.97113479432962],[150.78711255429795,-33.971130794329625],[150.78711535429795,-33.97104119432962]],[[150.78809565429796,-33.971060994329626],[150.78830985429795,-33.971050494329624],[150.78830665429797,-33.97115489432962],[150.78821655429797,-33.971182994329624],[150.78809275429796,-33.97115049432962],[150.78809565429796,-33.971060994329626]],[[150.78803195429796,-33.970820794329626],[150.78819225429797,-33.97082409432962],[150.78818945429796,-33.97091359432962],[150.78809935429797,-33.970941594329624],[150.78802905429797,-33.97091029432963],[150.78803195429796,-33.970820794329626]],[[150.78765905429796,-33.970768494329626],[150.78772945429796,-33.97079979432962],[150.78772615429796,-33.97090419432963],[150.78749435429796,-33.97089959432962],[150.78749725429796,-33.97081009432962],[150.78765905429796,-33.970768494329626]],[[150.78960115429797,-33.969135294329625],[150.78970615429796,-33.969197194329624],[150.78968865429798,-33.969749294329624],[150.78980305429795,-33.970080194329626],[150.78983855429797,-33.97064829432962],[150.78981775429796,-33.970737494329626],[150.78974555429795,-33.97076579432962],[150.78890345429795,-33.970330694329625],[150.78888885429797,-33.97022589432962],[150.78951065429797,-33.96917829432962],[150.78960115429797,-33.969135294329625]],[[150.79957915429796,-33.96770909432962],[150.79973965429795,-33.967712394329624],[150.79973675429795,-33.967801894329625],[150.79964675429795,-33.967829894329626],[150.79957635429795,-33.96779869432962],[150.79957915429796,-33.96770909432962]],[[150.79876035429797,-33.96766279432963],[150.79893715429796,-33.96771109432962],[150.79911685429795,-33.967669994329626],[150.79918715429795,-33.96770119432962],[150.79918425429796,-33.96779079432962],[150.79905855429797,-33.96781809432962],[150.79893525429796,-33.967770794329624],[150.79875565429796,-33.96781189432962],[150.79868535429796,-33.967780694329626],[150.79868815429796,-33.96769109432962],[150.79876035429797,-33.96766279432963]],[[150.79919615429796,-33.967417694329626],[150.79939035429797,-33.96748129432962],[150.79951645429796,-33.96743909432963],[150.79962195429798,-33.96748609432962],[150.79971245429797,-33.967443094329624],[150.79978285429797,-33.96747439432962],[150.79978005429797,-33.96756389432962],[150.79970775429797,-33.96759229432963],[150.79960225429795,-33.967545294329625],[150.79951175429795,-33.96758829432962],[150.79938835429797,-33.967540994329624],[150.79917315429796,-33.96758149432962],[150.79910275429796,-33.967550194329625],[150.79910615429796,-33.967445694329626],[150.79919615429796,-33.967417694329626]],[[150.78906245429795,-33.96250929432962],[150.78922275429795,-33.96251249432962],[150.78921995429795,-33.962602094329625],[150.78912995429795,-33.962630094329626],[150.78905965429797,-33.96259879432962],[150.78906245429795,-33.96250929432962]],[[150.78850995429795,-33.962498094329625],[150.78874165429795,-33.96250279432962],[150.78873875429795,-33.962592294329625],[150.78850715429797,-33.96258759432963],[150.78850995429795,-33.962498094329625]],[[150.78824265429796,-33.962492694329626],[150.78840295429796,-33.96249599432962],[150.78840015429796,-33.96258549432962],[150.78831015429796,-33.962613494329624],[150.78823985429796,-33.96258229432962],[150.78824265429796,-33.962492694329626]],[[150.78912355429796,-33.96227159432962],[150.78926605429797,-33.96227449432963],[150.78926325429796,-33.96236399432962],[150.78919095429796,-33.962392394329626],[150.78912055429797,-33.96236109432962],[150.78912355429796,-33.96227159432962]],[[150.78832155429797,-33.962255394329624],[150.78846405429798,-33.96225829432962],[150.78846125429797,-33.962347794329624],[150.78838905429797,-33.96237619432962],[150.78831875429796,-33.962344894329625],[150.78832155429797,-33.962255394329624]],[[150.78875065429796,-33.96221929432962],[150.78885615429797,-33.96226609432962],[150.78885335429797,-33.962355794329625],[150.78858605429795,-33.962350394329626],[150.78858885429796,-33.96226079432962],[150.78875065429796,-33.96221929432962]],[[150.79134435429796,-33.96140559432963],[150.79150475429796,-33.96140879432962],[150.79150185429796,-33.96149829432962],[150.79141185429796,-33.961526394329624],[150.79134155429796,-33.96149509432962],[150.79134435429796,-33.96140559432963]],[[150.79077405429797,-33.961393994329626],[150.79114935429797,-33.96137169432962],[150.79121965429798,-33.961402994329625],[150.79121675429795,-33.96149259432963],[150.79084165429796,-33.961514794329624],[150.79077125429797,-33.96148359432962],[150.79077405429797,-33.961393994329626]],[[150.80246575429797,-33.96160029432962],[150.80260835429797,-33.961603094329625],[150.80260555429797,-33.96169269432962],[150.80253335429796,-33.961721094329626],[150.80246295429797,-33.96168979432962],[150.80246575429797,-33.96160029432962]],[[150.79110245429797,-33.961161694329626],[150.79129845429796,-33.96116569432962],[150.79129565429795,-33.961255194329624],[150.79109955429797,-33.96125119432963],[150.79110245429797,-33.961161694329626]],[[150.80268725429795,-33.961365894329624],[150.80282975429796,-33.96136869432962],[150.80282695429796,-33.96145819432962],[150.80275475429795,-33.96148669432962],[150.80268435429795,-33.961455394329626],[150.80268725429795,-33.961365894329624]],[[150.78536605429795,-33.957611394329625],[150.78559765429796,-33.95761609432962],[150.78559485429795,-33.957705594329624],[150.78536315429795,-33.957700894329626],[150.78536605429795,-33.957611394329625]],[[150.78567655429796,-33.95737869432963],[150.78585475429796,-33.95738239432962],[150.78585185429796,-33.95747189432962],[150.78577965429795,-33.95750029432963],[150.78567375429796,-33.95746829432962],[150.78567655429796,-33.95737869432963]]]}},{"type":"Feature","properties":{"zone":"SP2","name":"Infrastructure","description":"SP2 Infrastructure \u2014 roads, drainage and other public infrastructure","fill":"#ffff70","fill-opacity":0.7,"source":"Leppington Precinct - South West Growth Centre Land Zoning Map, State Environmental Planning Policy (Sydney Region Growth Centres) 2006, NSW Planning & Environment"},"geometry":{"type":"Polygon","coordinates":[[[150.79002845429795,-33.95341989432962],[150.78995205429797,-33.953582594329625],[150.78982585429796,-33.95362489432962],[150.78974985429795,-33.95377259432962],[150.78964095429797,-33.953830194329626],[150.78930695429796,-33.95424159432962],[150.79037235429797,-33.954949994329624],[150.79040935429796,-33.95490599432962],[150.79015335429796,-33.95454239432962],[150.79006345429795,-33.95400299432962],[150.79017375429797,-33.953900594329625],[150.79006975429797,-33.95380899432963],[150.79011145429797,-33.95361569432962],[150.79002845429795,-33.95341989432962]]]}},{"type":"Feature","properties":{"zone":"SP2","name":"Infrastructure","description":"SP2 Infrastructure \u2014 roads, drainage and other public infrastructure","fill":"#ffff70","fill-opacity":0.7,"source":"Leppington Precinct - South West Growth Centre Land Zoning Map, State Environmental Planning Policy (Sydney Region Growth Centres) 2006, NSW Planning & Environment"},"geometry":{"type":"Polygon","coordinates":[[[150.80904195429795,-33.95048879432962],[150.80841585429795,-33.95055089432962],[150.80810965429797,-33.95064919432962],[150.80809035429797,-33.95069369432962],[150.80849875429797,-33.950746694329624],[150.80860385429796,-33.95080849432962],[150.80877285429796,-33.951663094329625],[150.80887785429798,-33.95172489432962],[150.80889335429796,-33.951799894329625],[150.80883895429795,-33.95182869432962],[150.80885945429796,-33.952306894329624],[150.80802095429797,-33.952319794329625],[150.80788065429797,-33.95224239432962],[150.80738415429795,-33.95215769432962],[150.80725885429797,-33.952170094329624],[150.80725605429797,-33.952259594329625],[150.80730715429797,-33.95233529432962],[150.80892315429796,-33.952547094329624],[150.80910705429795,-33.95405909432962],[150.80908445429796,-33.95420799432962],[150.80901225429795,-33.954236294329625],[150.80750355429797,-33.954011794329624],[150.80746605429798,-33.95407069432962],[150.80753715429796,-33.95463959432962],[150.80765955429797,-33.954716694329626],[150.80922025429797,-33.954987194329625],[150.80953415429795,-33.95745739432962],[150.80956695429796,-33.95754769432963],[150.80981655429795,-33.95755269432962],[150.80985585429795,-33.95743399432963],[150.80980335429797,-33.95740309432962],[150.80982635429797,-33.957239294329625],[150.80953575429797,-33.95515779432962],[150.80959255429795,-33.95505439432962],[150.80977265429797,-33.95499829432963],[150.81114155429796,-33.95513049432962],[150.81118195429795,-33.95498199432962],[150.81113795429795,-33.954682494329624],[150.81107005429797,-33.95457659432962],[150.81050355429795,-33.95444559432963],[150.80959795429797,-33.95432279432963],[150.80938745429796,-33.95421409432962],[150.80930085429796,-33.95357019432962],[150.80934265429795,-33.95337689432962],[150.80927985429796,-33.95310689432962],[150.80929135429795,-33.95274869432962],[150.80924065429795,-33.95265809432962],[150.80925815429796,-33.95210589432963],[150.80920845429796,-33.951985394329625],[150.80924885429795,-33.951836994329625],[150.80899985429795,-33.951816994329626],[150.80900315429795,-33.95171249432963],[150.80907535429796,-33.95168419432962],[150.80916315429795,-33.951730694329626],[150.80923625429796,-33.95167249432962],[150.80925595429795,-33.95161309432962],[150.80918755429795,-33.951522094329626],[150.80927995429795,-33.95141949432962],[150.80929315429796,-33.951001594329625],[150.80959845429797,-33.95093319432962],[150.81048675429795,-33.95104069432962],[150.81052375429798,-33.950996694329625],[150.81033345429796,-33.950813594329624],[150.80993025429797,-33.95059639432962],[150.80954095429797,-33.95049899432962],[150.80941485429796,-33.95054109432962],[150.80904195429795,-33.95048879432962]],[[150.80921285429795,-33.95465849432962],[150.80935545429796,-33.954661294329625],[150.80935265429795,-33.95475099432962],[150.80928025429796,-33.954779294329626],[150.80920995429796,-33.95474799432962],[150.80921285429795,-33.95465849432962]],[[150.80924065429795,-33.95434539432962],[150.80931085429796,-33.954376694329625],[150.80930765429795,-33.954481194329624],[150.80919925429797,-33.954523894329625],[150.80912885429797,-33.95449259432962],[150.80911395429797,-33.95440259432962],[150.80924065429795,-33.95434539432962]],[[150.80964405429796,-33.95062049432963],[150.80978525429796,-33.95066819432962],[150.80978245429796,-33.950757694329624],[150.80935465429795,-33.95074899432962],[150.80935755429797,-33.95065949432962],[150.80964405429796,-33.95062049432963]]]}}]}